Id,StazioneMeteo,DataRilevamento,DataAggiornamento,TemperaturaMin,TemperaturaMax,PioggiaGiornaliera,Stato,FonteDati
1,Il Ceppo Rifugio,01/04/2026,01/04/2026,0.0,0.0,0.0,offline,Manuale
1,Il Ceppo Rifugio,02/04/2026,02/04/2026,-0.1,2.1,0.0,online,Manuale
1,Il Ceppo Rifugio,03/04/2026,03/04/2026,0.4,1.8,18.6,online,Manuale
1,Il Ceppo Rifugio,04/04/2026,04/04/2026,0.5,11.1,0.0,online,Manuale
1,Il Ceppo Rifugio,05/04/2026,05/04/2026,3.9,14.3,17.2,online,Manuale
1,Il Ceppo Rifugio,06/04/2026,06/04/2026,7.5,17.5,0.0,online,Manuale
1,Il Ceppo Rifugio,07/04/2026,07/04/2026,7.3,16.6,0.0,online,Manuale
1,Il Ceppo Rifugio,08/04/2026,08/04/2026,0.0,0.0,0.0,offline,Manuale
1,Il Ceppo Rifugio,09/04/2026,09/04/2026,0.0,0.0,0.0,offline,Manuale
1,Il Ceppo Rifugio,10/04/2026,10/04/2026,0.0,0.0,0.0,offline,Manuale
1,Il Ceppo Rifugio,11/04/2026,11/04/2026,7.6,11.5,0.0,online,Manuale
1,Il Ceppo Rifugio,12/04/2026,12/04/2026,8.0,13.3,0.0,online,Manuale
1,Il Ceppo Rifugio,13/04/2026,13/04/2026,6.1,9.8,0.6,online,Manuale
1,Il Ceppo Rifugio,14/04/2026,14/04/2026,6.7,11.8,17.4,online,Manuale
1,Il Ceppo Rifugio,15/04/2026,15/04/2026,5.6,9.1,16.4,online,Manuale
1,Il Ceppo Rifugio,16/04/2026,16/04/2026,7.1,11.7,1.6,online,Manuale
1,Il Ceppo Rifugio,17/04/2026,17/04/2026,6.3,13.3,0.0,online,Manuale
1,Il Ceppo Rifugio,18/04/2026,18/04/2026,6.0,14.3,0.0,online,Manuale
1,Il Ceppo Rifugio,19/04/2026,19/04/2026,5.8,16.8,0.0,online,Manuale
1,Il Ceppo Rifugio,20/04/2026,20/04/2026,8.1,16.3,0.2,online,Manuale
1,Il Ceppo Rifugio,21/04/2026,21/04/2026,4.3,10.0,8.0,online,Manuale
1,Il Ceppo Rifugio,22/04/2026,22/04/2026,0.0,0.0,0.0,offline,Manuale
1,Il Ceppo Rifugio,23/04/2026,23/04/2026,0.0,0.0,0.0,offline,Manuale
1,Il Ceppo Rifugio,24/04/2026,24/04/2026,0.0,0.0,0.0,offline,Manuale
1,Il Ceppo Rifugio,25/04/2026,25/04/2026,7.6,16.7,0.0,online,Manuale
1,Il Ceppo Rifugio,26/04/2026,26/04/2026,8.6,18.3,0.0,online,Manuale
1,Il Ceppo Rifugio,27/04/2026,27/04/2026,0.0,0.0,0.0,offline,Manuale
1,Il Ceppo Rifugio,28/04/2026,28/04/2026,8.5,17.6,17.6,online,Manuale
1,Il Ceppo Rifugio,29/04/2026,29/04/2026,8.6,17.3,0.0,online,Manuale
1,Il Ceppo Rifugio,30/04/2026,30/04/2026,2.4,8.2,0.0,online,Manuale
1,Il Ceppo Rifugio,01/05/2026,01/05/2026,1.9,8.2,8.0,online,Manuale
1,Il Ceppo Rifugio,02/05/2026,02/05/2026,1.7,11.8,0.0,online,Manuale
1,Il Ceppo Rifugio,03/05/2026,03/05/2026,6.2,16.4,0.0,online,Manuale
1,Il Ceppo Rifugio,04/05/2026,04/05/2026,8.5,15.5,0.0,online,Manuale
1,Il Ceppo Rifugio,05/05/2026,05/05/2026,7.3,13.7,2.4,online,Manuale
1,Il Ceppo Rifugio,06/05/2026,06/05/2026,9.9,15.9,0.2,online,Manuale
1,Il Ceppo Rifugio,07/05/2026,07/05/2026,7.7,12.9,0.0,online,Manuale
1,Il Ceppo Rifugio,08/05/2026,08/05/2026,9.3,14.2,0.0,online,Manuale
1,Il Ceppo Rifugio,09/05/2026,09/05/2026,0.0,0.0,0.0,offline,Manuale
1,Il Ceppo Rifugio,10/05/2026,10/05/2026,8.5,13.2,0.0,online,Manuale
1,Il Ceppo Rifugio,11/05/2026,11/05/2026,9.8,14.8,3.6,online,Manuale
1,Il Ceppo Rifugio,13/05/2026,13/05/2026,0.0,0.0,0.0,offline,Manuale
1,Il Ceppo Rifugio,14/05/2026,14/05/2026,0.0,0.0,0.0,offline,Manuale
1,Il Ceppo Rifugio,15/05/2026,15/05/2026,5.4,8.5,11.4,online,Manuale
1,Il Ceppo Rifugio,16/05/2026,16/05/2026,00,0.0,6.2,online,Manuale
1,Il Ceppo Rifugio,17/05/2026,17/05/2026,0.0,0.0,0.0,offline,Manuale
1,Il Ceppo Rifugio,18/05/2026,18/05/2026,6.8,10.0,1.8,online,Manuale
1,Il Ceppo Rifugio,19/05/2026,19/05/2026,4.5,12.7,8.2,online,Manuale
1,Il Ceppo Rifugio,20/05/2026,20/05/2026,5.4,14.2,0.0,online,Manuale
1,Il Ceppo Rifugio,21/05/2026,21/05/2026,7.5,15.3,0.0,online,Manuale
1,Il Ceppo Rifugio,22/05/2026,22/05/2026,7.4,15.4,0.0,online,Manuale
1,Il Ceppo Rifugio,23/05/2026,23/05/2026,0.0,0.0,0.0,offline,Manuale
1,Il Ceppo Rifugio,24/05/2026,24/05/2026,0.0,0.0,0.0,offline,Manuale
1,Il Ceppo Rifugio,25/05/2026,25/05/2026,0.0,0.0,0.0,offline,Manuale
1,Il Ceppo Rifugio,26/05/2026,26/05/2026,12.9,20.8,0.0,online,Manuale
1,Il Ceppo Rifugio,27/05/2026,27/05/2026,13.2,23.1,0.0,online,Manuale
1,Il Ceppo Rifugio,28/05/2026,28/05/2026,12.8,22.4,0.0,online,Manuale
1,Il Ceppo Rifugio,29/05/2026,29/05/2026,11.9,18.2,2.0,online,Manuale
1,Il Ceppo Rifugio,30/05/2026,30/05/2026,0.0,0.0,0.0,offline,Manuale
1,Il Ceppo Rifugio,31/05/2026,31/05/2026,13.7,22.5,0.6,online,Manuale
1,Il Ceppo Rifugio,01/06/2026,01/06/2026,11.7,20.9,0.0,online,Manuale
1,Il Ceppo Rifugio,02/06/2026,02/06/2026,11.9,17.6,0.0,online,Manuale
1,Il Ceppo Rifugio,03/06/2026,03/06/2026,8.2,16.9,8.2,online,Manuale
1,Il Ceppo Rifugio,04/06/2026,04/06/2026,8.1,18.2,0.0,online,Manuale
1,Il Ceppo Rifugio,05/06/2026,05/06/2026,0.0,0.0,0.0,offline,Manuale
1,Il Ceppo Rifugio,06/06/2026,06/06/2026,12.1,19.5,0.0,online,Manuale
1,Il Ceppo Rifugio,07/06/2026,07/06/2026,10.9,19.6,0.0,online,Manuale
1,Il Ceppo Rifugio,08/06/2026,08/06/2026,12.8,20.2,0.0,online,Manuale
1,Il Ceppo Rifugio,09/06/2026,09/06/2026,13.5,22.3,0.0,online,Manuale
1,Il Ceppo Rifugio,10/06/2026,10/06/2026,15.4,23.4,0.0,online,Manuale
1,Il Ceppo Rifugio,11/06/2026,11/06/2026,9.5,15.4,0.0,online,Manuale
1,Il Ceppo Rifugio,12/06/2026,12/06/2026,7.4,17.3,0.0,online,Manuale
1,Il Ceppo Rifugio,13/06/2026,13/06/2026,0.0,0.0,0.0,offline,Manuale
1,Il Ceppo Rifugio,14/06/2026,14/06/2026,0.0,0.0,0.0,offline,Manuale
1,Il Ceppo Rifugio,15/06/2026,15/06/2026,0.0,0.0,0.0,offline,Manuale
1,Il Ceppo Rifugio,16/06/2026,16/06/2026,0.0,0.0,0.6,online,Manuale
1,Il Ceppo Rifugio,17/06/2026,17/06/2026,0.0,0.0,0.0,offline,Manuale
1,Il Ceppo Rifugio,18/06/2026,18/06/2026,0.0,0.0,0.0,offline,Manuale
1,Il Ceppo Rifugio,19/06/2026,19/06/2026,0.0,0.0,0.0,offline,Manuale
1,Il Ceppo Rifugio,20/06/2026,20/06/2026,0.0,0.0,0.0,offline,Manuale
1,Il Ceppo Rifugio,21/06/2026,21/06/2026,18.1,25.1,0.0,online,Manuale
1,Il Ceppo Rifugio,22/06/2026,22/06/2026,0.0,0.0,0.0,offline,Manuale
1,Il Ceppo Rifugio,23/06/2026,23/06/2026,16.4,24.7,0.0,online,Manuale
1,Il Ceppo Rifugio,24/06/2026,24/06/2026,14.7,23.8,0.0,online,Manuale
1,Il Ceppo Rifugio,25/06/2026,25/06/2026,0.0,0.0,0.0,offline,Manuale
1,Il Ceppo Rifugio,26/06/2026,26/06/2026,0.0,0.0,0.0,offline,Manuale
1,Il Ceppo Rifugio,27/06/2026,27/06/2026,17.2,26.5,0.0,online,Manuale
1,Il Ceppo Rifugio,28/06/2026,28/06/2026,19.0,28.4,0.0,online,Manuale
1,Il Ceppo Rifugio,29/06/2026,29/06/2026,0.0,0.0,0.2,online,Manuale
1,Il Ceppo Rifugio,30/06/2026,30/06/2026,13.8,26.1,13.0,online,Manuale
1,Il Ceppo Rifugio,01/07/2026,01/07/2026,17.2,26.6,10.8,online,Manuale
1,Il Ceppo Rifugio,02/07/2026,02/07/2026,14.1,17.3,6.4,online,Manuale
1,Il Ceppo Rifugio,03/07/2026,03/07/2026,0.0,0.0,0.0,offline,Manuale
1,Il Ceppo Rifugio,04/07/2026,04/07/2026,13.1,21.2,0.0,online,Manuale
1,Il Ceppo Rifugio,05/07/2026,05/07/2026,0.0,0.0,0.0,offline,Manuale
1,Il Ceppo Rifugio,06/07/2026,06/07/2026,0.0,0.0,0.0,offline,Manuale
1,Il Ceppo Rifugio,07/07/2026,07/07/2026,13.7,23.4,3.2,online,Manuale
1,Il Ceppo Rifugio,08/07/2026,08/07/2026,17.0,26.5,0.0,online,Manuale
1,Il Ceppo Rifugio,09/07/2026,09/07/2026,0.0,0.0,0.0,offline,Manuale
1,Il Ceppo Rifugio,10/07/2026,10/07/2026,0.0,0.0,0.0,offline,Manuale
1,Il Ceppo Rifugio,11/07/2026,11/07/2026,0.0,0.0,0.0,offline,Manuale
1,Il Ceppo Rifugio,12/07/2026,12/07/2026,0.0,0.0,0.0,offline,Manuale
1,Il Ceppo Rifugio,13/07/2026,13/07/2026,13.9,24.9,0.0,online,Manuale
1,Il Ceppo Rifugio,14/07/2026,14/07/2026,0.0,0.0,0.0,offline,Manuale
1,Il Ceppo Rifugio,15/07/2026,15/07/2026,0.0,0.0,0.0,offline,Manuale
1,Il Ceppo Rifugio,16/07/2026,16/07/2026,0.0,0.0,0.0,offline,Manuale
1,Il Ceppo Rifugio,17/07/2026,17/07/2026,0.0,0.0,0.0,offline,Manuale
1,Il Ceppo Rifugio,18/07/2026,18/07/2026,0.0,0.0,0.0,offline,Manuale
1,Il Ceppo Rifugio,19/07/2026,19/07/2026,19.9,29.4,0.0,online,Manuale
1,Il Ceppo Rifugio,20/07/2026,20/07/2026,20.0,29.4,0.2,online,Manuale
1,Il Ceppo Rifugio,21/07/2026,21/07/2026,19.0,27.8,1.0,online,Manuale
1,Il Ceppo Rifugio,22/07/2026,22/07/2026,13.1,28.6,0.8,online,Manuale
1,Il Ceppo Rifugio,23/07/2026,23/07/2026,11.6,14.9,0.8,online,Manuale
1,Il Ceppo Rifugio,24/07/2026,24/07/2026,11.6,17.2,0.0,online,Manuale
1,Il Ceppo Rifugio,25/07/2026,25/07/2026,10.2,22.4,0.4,online,Manuale
1,Il Ceppo Rifugio,26/07/2026,26/07/2026,14.2,22.7,12.6,online,Manuale
1,Il Ceppo Rifugio,27/07/2026,27/07/2026,15.4,21.7,0.0,online,Manuale
1,Il Ceppo Rifugio,28/07/2026,28/07/2026,15.7,22.4,0.0,online,Manuale
1,Il Ceppo Rifugio,29/07/2026,29/07/2026,16.8,25.3,0.0,online,Manuale
1,Il Ceppo Rifugio,30/07/2026,30/07/2026,18.4,27.1,0.0,online,Manuale
1,Il Ceppo Rifugio,31/07/2026,31/07/2026,0.0,0.0,0.0,offline,Manuale
2,Prati Di Tivo,01/04/2026,01/04/2026,0.0,0.0,0.0,offline,Manuale
2,Prati Di Tivo,02/04/2026,02/04/2026,0.0,3.2,0.0,online,Manuale
2,Prati Di Tivo,03/04/2026,03/04/2026,-0.3,3.1,17.0,online,Manuale
2,Prati Di Tivo,04/04/2026,04/04/2026,-0.5,9.9,0.0,online,Manuale
2,Prati Di Tivo,05/04/2026,05/04/2026,3.3,12.8,7.8,online,Manuale
2,Prati Di Tivo,06/04/2026,06/04/2026,6.3,14.1,0.0,online,Manuale
2,Prati Di Tivo,07/04/2026,07/04/2026,0.0,0.0,0.0,offline,Manuale
2,Prati Di Tivo,08/04/2026,08/04/2026,0.0,0.0,0.0,offline,Manuale
2,Prati Di Tivo,09/04/2026,09/04/2026,0.0,0.0,0.0,offline,Manuale
2,Prati Di Tivo,10/04/2026,10/04/2026,0.0,0.0,0.0,offline,Manuale
2,Prati Di Tivo,11/04/2026,11/04/2026,0.0,0.0,0.0,offline,Manuale
2,Prati Di Tivo,12/04/2026,12/04/2026,0.0,0.0,0.0,offline,Manuale
2,Prati Di Tivo,13/04/2026,13/04/2026,0.0,0.0,0.0,offline,Manuale
2,Prati Di Tivo,14/04/2026,14/04/2026,0.0,0.0,0.0,offline,Manuale
2,Prati Di Tivo,15/04/2026,15/04/2026,0.0,0.0,0.0,offline,Manuale
2,Prati Di Tivo,16/04/2026,16/04/2026,0.0,0.0,0.0,offline,Manuale
2,Prati Di Tivo,17/04/2026,17/04/2026,0.0,0.0,0.0,offline,Manuale
2,Prati Di Tivo,18/04/2026,18/04/2026,0.0,0.0,0.0,offline,Manuale
2,Prati Di Tivo,19/04/2026,19/04/2026,0.0,0.0,0.0,offline,Manuale
2,Prati Di Tivo,20/04/2026,20/04/2026,0.0,0.0,0.0,offline,Manuale
2,Prati Di Tivo,21/04/2026,21/04/2026,3.8,11.2,11.0,online,Manuale
2,Prati Di Tivo,22/04/2026,22/04/2026,0.0,0.0,0.0,offline,Manuale
2,Prati Di Tivo,23/04/2026,23/04/2026,1.5,6.4,0.2,online,Manuale
2,Prati Di Tivo,24/04/2026,24/04/2026,4.4,12.9,0.0,online,Manuale
2,Prati Di Tivo,25/04/2026,25/04/2026,4.4,15.1,0.0,online,Manuale
2,Prati Di Tivo,26/04/2026,26/04/2026,6.2,15.2,0.0,online,Manuale
2,Prati Di Tivo,27/04/2026,27/04/2026,0.0,0.0,0.0,offline,Manuale
2,Prati Di Tivo,28/04/2026,28/04/2026,6.9,15.1,2.4,online,Manuale
2,Prati Di Tivo,29/04/2026,29/04/2026,5.8,15.8,0.0,online,Manuale
2,Prati Di Tivo,30/04/2026,30/04/2026,3.3,5.7,0.0,online,Manuale
2,Prati Di Tivo,01/05/2026,01/05/2026,0.0,0.0,0.0,offline,Manuale
2,Prati Di Tivo,02/05/2026,02/05/2026,0.0,0.0,0.0,offline,Manuale
2,Prati Di Tivo,03/05/2026,03/05/2026,0.0,0.0,0.0,offline,Manuale
2,Prati Di Tivo,04/05/2026,04/05/2026,7.3,14.4,0.0,online,Manuale
2,Prati Di Tivo,05/05/2026,05/05/2026,7.2,15.6,3.0,online,Manuale
2,Prati Di Tivo,06/05/2026,06/05/2026,8.0,15.3,1.2,online,Manuale
2,Prati Di Tivo,07/05/2026,07/05/2026,7.7,13.5,0.0,online,Manuale
2,Prati Di Tivo,08/05/2026,08/05/2026,0.0,0.0,0.0,offline,Manuale
2,Prati Di Tivo,09/05/2026,09/05/2026,0.0,0.0,0.0,offline,Manuale
2,Prati Di Tivo,10/05/2026,10/05/2026,0.0,0.0,0.0,offline,Manuale
2,Prati Di Tivo,11/05/2026,11/05/2026,0.0,0.0,0.0,offline,Manuale
2,Prati Di Tivo,12/05/2026,12/05/2026,0.0,0.0,0.0,offline,Manuale
2,Prati Di Tivo,13/05/2026,13/05/2026,0.0,0.0,0.0,offline,Manuale
2,Prati Di Tivo,14/05/2026,14/05/2026,0.0,0.0,0.0,offline,Manuale
2,Prati Di Tivo,15/05/2026,15/05/2026,6.8,10.3,17.0,online,Manuale
2,Prati Di Tivo,16/05/2026,16/05/2026,0.0,0.0,18.0,online,Manuale
2,Prati Di Tivo,17/05/2026,17/05/2026,0.0,0.0,0.0,offline,Manuale
2,Prati Di Tivo,18/05/2026,18/05/2026,5.9,10.9,7.4,online,Manuale
2,Prati Di Tivo,19/05/2026,19/05/2026,4.6,12.4,2.8,online,Manuale
2,Prati Di Tivo,20/05/2026,20/05/2026,5.1,5.9,0.0,online,Manuale
2,Prati Di Tivo,21/05/2026,21/05/2026,12.9,12.1,0.0,online,Manuale
2,Prati Di Tivo,22/05/2026,22/05/2026,0.0,0.0,0.0,offline,Manuale
2,Prati Di Tivo,23/05/2026,23/05/2026,0.0,0.0,0.0,offline,Manuale
2,Prati Di Tivo,24/05/2026,24/05/2026,0.0,0.0,0.0,offline,Manuale
2,Prati Di Tivo,25/05/2026,25/05/2026,12.9,18.3,0.0,online,Manuale
2,Prati Di Tivo,26/05/2026,26/05/2026,12.7,19.9,0.0,online,Manuale
2,Prati Di Tivo,27/05/2026,27/05/2026,11.4,21.8,0.0,online,Manuale
2,Prati Di Tivo,28/05/2026,28/05/2026,0.0,0.0,0.0,offline,Manuale
2,Prati Di Tivo,29/05/2026,29/05/2026,0.0,0.0,0.0,offline,Manuale
2,Prati Di Tivo,30/05/2026,30/05/2026,0.0,0.0,0.0,offline,Manuale
2,Prati Di Tivo,31/05/2026,31/05/2026,0.0,0.0,0.0,offline,Manuale
2,Prati Di Tivo,01/06/2026,01/06/2026,0.0,0.0,0.0,offline,Manuale
2,Prati Di Tivo,02/06/2026,02/06/2026,0.0,0.0,0.0,offline,Manuale
2,Prati Di Tivo,03/06/2026,03/06/2026,0.0,0.0,0.0,offline,Manuale
2,Prati Di Tivo,04/06/2026,04/06/2026,0.0,0.0,0.0,offline,Manuale
2,Prati Di Tivo,05/06/2026,05/06/2026,0.0,0.0,0.0,offline,Manuale
2,Prati Di Tivo,06/06/2026,06/06/2026,0.0,0.0,0.0,offline,Manuale
2,Prati Di Tivo,07/06/2026,07/06/2026,0.0,0.0,0.0,offline,Manuale
2,Prati Di Tivo,08/06/2026,08/06/2026,0.0,0.0,0.0,offline,Manuale
2,Prati Di Tivo,09/06/2026,09/06/2026,0.0,0.0,0.0,offline,Manuale
2,Prati Di Tivo,10/06/2026,10/06/2026,0.0,0.0,0.0,offline,Manuale
2,Prati Di Tivo,11/06/2026,11/06/2026,0.0,0.0,0.0,offline,Manuale
2,Prati Di Tivo,12/06/2026,12/06/2026,0.0,0.0,0.0,offline,Manuale
2,Prati Di Tivo,13/06/2026,13/06/2026,0.0,0.0,0.0,offline,Manuale
2,Prati Di Tivo,14/06/2026,14/06/2026,0.0,0.0,0.0,offline,Manuale
2,Prati Di Tivo,15/06/2026,15/06/2026,0.0,0.0,0.0,offline,Manuale
2,Prati Di Tivo,16/06/2026,16/06/2026,0.0,0.0,0.0,offline,Manuale
2,Prati Di Tivo,17/06/2026,17/06/2026,0.0,0.0,0.0,offline,Manuale
2,Prati Di Tivo,18/06/2026,18/06/2026,0.0,0.0,0.0,offline,Manuale
2,Prati Di Tivo,19/06/2026,19/06/2026,0.0,0.0,0.0,offline,Manuale
2,Prati Di Tivo,20/06/2026,20/06/2026,0.0,0.0,0.0,offline,Manuale
2,Prati Di Tivo,21/06/2026,21/06/2026,0.0,0.0,0.0,offline,Manuale
2,Prati Di Tivo,22/06/2026,22/06/2026,0.0,0.0,0.0,offline,Manuale
2,Prati Di Tivo,23/06/2026,23/06/2026,0.0,0.0,0.0,offline,Manuale
2,Prati Di Tivo,24/06/2026,24/06/2026,0.0,0.0,0.0,offline,Manuale
2,Prati Di Tivo,25/06/2026,25/06/2026,0.0,0.0,0.0,offline,Manuale
2,Prati Di Tivo,26/06/2026,26/06/2026,0.0,0.0,0.0,offline,Manuale
2,Prati Di Tivo,27/06/2026,27/06/2026,0.0,0.0,0.0,offline,Manuale
2,Prati Di Tivo,28/06/2026,28/06/2026,0.0,0.0,0.0,offline,Manuale
2,Prati Di Tivo,29/06/2026,29/06/2026,0.0,0.0,0.0,offline,Manuale
2,Prati Di Tivo,30/06/2026,30/06/2026,0.0,0.0,0.0,offline,Manuale
2,Prati Di Tivo,01/07/2026,01/07/2026,16.2,25.6,0.0,online,Manuale
2,Prati Di Tivo,02/07/2026,02/07/2026,0.0,0.0,0.0,offline,Manuale
2,Prati Di Tivo,03/07/2026,03/07/2026,0.0,0.0,0.0,offline,Manuale
2,Prati Di Tivo,04/07/2026,04/07/2026,0.0,0.0,0.0,offline,Manuale
2,Prati Di Tivo,05/07/2026,05/07/2026,0.0,0.0,0.0,offline,Manuale
2,Prati Di Tivo,06/07/2026,06/07/2026,0.0,0.0,0.0,offline,Manuale
2,Prati Di Tivo,07/07/2026,07/07/2026,0.0,0.0,0.0,offline,Manuale
2,Prati Di Tivo,08/07/2026,08/07/2026,0.0,0.0,0.0,offline,Manuale
2,Prati Di Tivo,09/07/2026,09/07/2026,0.0,0.0,0.0,offline,Manuale
2,Prati Di Tivo,10/07/2026,10/07/2026,0.0,0.0,0.0,offline,Manuale
2,Prati Di Tivo,11/07/2026,11/07/2026,0.0,0.0,0.0,offline,Manuale
2,Prati Di Tivo,12/07/2026,12/07/2026,0.0,0.0,0.0,offline,Manuale
2,Prati Di Tivo,13/07/2026,13/07/2026,0.0,0.0,0.0,offline,Manuale
2,Prati Di Tivo,14/07/2026,14/07/2026,0.0,0.0,0.0,offline,Manuale
2,Prati Di Tivo,15/07/2026,15/07/2026,0.0,0.0,0.0,offline,Manuale
2,Prati Di Tivo,16/07/2026,16/07/2026,0.0,0.0,0.0,offline,Manuale
2,Prati Di Tivo,17/07/2026,17/07/2026,0.0,0.0,0.0,offline,Manuale
2,Prati Di Tivo,18/07/2026,18/07/2026,0.0,0.0,0.0,offline,Manuale
2,Prati Di Tivo,19/07/2026,19/07/2026,0.0,0.0,0.0,offline,Manuale
2,Prati Di Tivo,20/07/2026,20/07/2026,0.0,0.0,0.0,offline,Manuale
2,Prati Di Tivo,21/07/2026,21/07/2026,0.0,0.0,0.0,offline,Manuale
2,Prati Di Tivo,22/07/2026,22/07/2026,0.0,0.0,0.0,offline,Manuale
2,Prati Di Tivo,23/07/2026,23/07/2026,0.0,0.0,0.0,offline,Manuale
2,Prati Di Tivo,24/07/2026,24/07/2026,0.0,0.0,0.0,offline,Manuale
2,Prati Di Tivo,25/07/2026,25/07/2026,0.0,0.0,0.0,offline,Manuale
2,Prati Di Tivo,26/07/2026,26/07/2026,0.0,0.0,0.0,offline,Manuale
2,Prati Di Tivo,27/07/2026,27/07/2026,0.0,0.0,0.0,offline,Manuale
2,Prati Di Tivo,28/07/2026,28/07/2026,0.0,0.0,0.0,offline,Manuale
2,Prati Di Tivo,29/07/2026,29/07/2026,0.0,0.0,0.0,offline,Manuale
2,Prati Di Tivo,30/07/2026,30/07/2026,0.0,0.0,0.0,offline,Manuale
2,Prati Di Tivo,31/07/2026,31/07/2026,0.0,0.0,0.0,offline,Manuale
3,Castel del Monte - Loc. Pietrattina,01/04/2026,01/04/2026,-2.6,-0.1,0.0,online,Manuale
3,Castel del Monte - Loc. Pietrattina,02/04/2026,02/04/2026,-0.9,3.0,0.0,online,Manuale
3,Castel del Monte - Loc. Pietrattina,03/04/2026,03/04/2026,0.0,3.0,9.8,online,Manuale
3,Castel del Monte - Loc. Pietrattina,04/04/2026,04/04/2026,0.0,0.0,0.0,offline,Manuale
3,Castel del Monte - Loc. Pietrattina,05/04/2026,05/04/2026,0.0,0.0,0.0,offline,Manuale
3,Castel del Monte - Loc. Pietrattina,06/04/2026,06/04/2026,0.0,0.0,0.0,offline,Manuale
3,Castel del Monte - Loc. Pietrattina,07/04/2026,07/04/2026,0.0,0.0,0.0,offline,Manuale
3,Castel del Monte - Loc. Pietrattina,08/04/2026,08/04/2026,-2.9,11.3,0.0,online,Manuale
3,Castel del Monte - Loc. Pietrattina,09/04/2026,09/04/2026,-3.3,9.0,0.0,online,Manuale
3,Castel del Monte - Loc. Pietrattina,10/04/2026,10/04/2026,0.0,0.0,0.0,offline,Manuale
3,Castel del Monte - Loc. Pietrattina,11/04/2026,11/04/2026,0.0,0.0,0.0,offline,Manuale
3,Castel del Monte - Loc. Pietrattina,12/04/2026,12/04/2026,0.0,0.0,0.0,offline,Manuale
3,Castel del Monte - Loc. Pietrattina,13/04/2026,13/04/2026,0.0,0.0,0.0,offline,Manuale
3,Castel del Monte - Loc. Pietrattina,14/04/2026,14/04/2026,2.0,8.0,1.2,online,Manuale
3,Castel del Monte - Loc. Pietrattina,15/04/2026,15/04/2026,2.0,7.0,23.8,online,Manuale
3,Castel del Monte - Loc. Pietrattina,16/04/2026,16/04/2026,2.4,9.8,0.8,online,Manuale
3,Castel del Monte - Loc. Pietrattina,17/04/2026,17/04/2026,0.6,11.0,0.8,online,Manuale
3,Castel del Monte - Loc. Pietrattina,18/04/2026,18/04/2026,0.0,0.0,0.0,offline,Manuale
3,Castel del Monte - Loc. Pietrattina,19/04/2026,19/04/2026,0.0,0.0,0.0,offline,Manuale
3,Castel del Monte - Loc. Pietrattina,20/04/2026,20/04/2026,0.0,0.0,0.0,offline,Manuale
3,Castel del Monte - Loc. Pietrattina,21/04/2026,21/04/2026,1.4,10.4,3.2,online,Manuale
3,Castel del Monte - Loc. Pietrattina,22/04/2026,22/04/2026,-0.1,5.0,3.4,online,Manuale
3,Castel del Monte - Loc. Pietrattina,23/04/2026,23/04/2026,0.0,5.0,0.2,online,Manuale
3,Castel del Monte - Loc. Pietrattina,24/04/2026,24/04/2026,0.0,0.0,0.0,offline,Manuale
3,Castel del Monte - Loc. Pietrattina,25/04/2026,25/04/2026,0.0,0.0,0.0,offline,Manuale
3,Castel del Monte - Loc. Pietrattina,26/04/2026,26/04/2026,0.0,0.0,0.0,offline,Manuale
3,Castel del Monte - Loc. Pietrattina,27/04/2026,27/04/2026,0.0,0.0,0.0,offline,Manuale
3,Castel del Monte - Loc. Pietrattina,28/04/2026,28/04/2026,-1.9,14.6,5.0,online,Manuale
3,Castel del Monte - Loc. Pietrattina,29/04/2026,29/04/2026,-2.2,6.0,2.0,online,Manuale
3,Castel del Monte - Loc. Pietrattina,30/04/2026,30/04/2026,1.0,6.0,6.8,online,Manuale
3,Castel del Monte - Loc. Pietrattina,01/05/2026,01/05/2026,0.0,4.0,0.2,online,Manuale
3,Castel del Monte - Loc. Pietrattina,02/05/2026,02/05/2026,-2.1,9.0,0.0,online,Manuale
3,Castel del Monte - Loc. Pietrattina,03/05/2026,03/05/2026,-5.2,14.1,0.0,online,Manuale
3,Castel del Monte - Loc. Pietrattina,04/05/2026,04/05/2026,-4.2,14.0,0.0,online,Manuale
3,Castel del Monte - Loc. Pietrattina,05/05/2026,05/05/2026,2.0,12.0,1.6,online,Manuale
3,Castel del Monte - Loc. Pietrattina,06/05/2026,06/05/2026,4.4,14.0,0.0,online,Manuale
3,Castel del Monte - Loc. Pietrattina,07/05/2026,07/05/2026,0.0,0.0,0.0,offline,Manuale
3,Castel del Monte - Loc. Pietrattina,08/05/2026,08/05/2026,5.3,11.3,0.2,online,Manuale
3,Castel del Monte - Loc. Pietrattina,09/05/2026,09/05/2026,1.6,14.0,0.0,online,Manuale
3,Castel del Monte - Loc. Pietrattina,10/05/2026,10/05/2026,3.0,14.0,8.0,online,Manuale
3,Castel del Monte - Loc. Pietrattina,11/05/2026,11/05/2026,8.2,13.4,0.0,online,Manuale
3,Castel del Monte - Loc. Pietrattina,12/05/2026,12/05/2026,6.1,13.0,0.0,online,Manuale
3,Castel del Monte - Loc. Pietrattina,13/05/2026,13/05/2026,0.5,10.7,4.4,online,Manuale
3,Castel del Monte - Loc. Pietrattina,14/05/2026,14/05/2026,-2.5,12.0,0.2,online,Manuale
3,Castel del Monte - Loc. Pietrattina,15/05/2026,15/05/2026,5.0,10.0,1.6,online,Manuale
3,Castel del Monte - Loc. Pietrattina,16/05/2026,16/05/2026,0.0,7.0,6.4,online,Manuale
3,Castel del Monte - Loc. Pietrattina,17/05/2026,17/05/2026,0.0,0.0,0.0,offline,Manuale
3,Castel del Monte - Loc. Pietrattina,18/05/2026,18/05/2026,0.4,10.8,1.4,online,Manuale
3,Castel del Monte - Loc. Pietrattina,19/05/2026,19/05/2026,2.8,10.0,4.8,online,Manuale
3,Castel del Monte - Loc. Pietrattina,20/05/2026,20/05/2026,-2.5,12.6,0.0,online,Manuale
3,Castel del Monte - Loc. Pietrattina,21/05/2026,21/05/2026,4.8,12.0,0.0,online,Manuale
3,Castel del Monte - Loc. Pietrattina,22/05/2026,22/05/2026,0.0,0.0,0.0,offline,Manuale
3,Castel del Monte - Loc. Pietrattina,23/05/2026,23/05/2026,7.4,14.1,0.0,online,Manuale
3,Castel del Monte - Loc. Pietrattina,24/05/2026,24/05/2026,6.3,15.0,0.0,online,Manuale
3,Castel del Monte - Loc. Pietrattina,25/05/2026,25/05/2026,0.0,0.0,0.0,offline,Manuale
3,Castel del Monte - Loc. Pietrattina,26/05/2026,26/05/2026,0.0,0.0,0.0,offline,Manuale
3,Castel del Monte - Loc. Pietrattina,27/05/2026,27/05/2026,0.0,0.0,0.0,offline,Manuale
3,Castel del Monte - Loc. Pietrattina,28/05/2026,28/05/2026,0.0,0.0,0.0,offline,Manuale
3,Castel del Monte - Loc. Pietrattina,29/05/2026,29/05/2026,0.0,0.0,0.0,offline,Manuale
3,Castel del Monte - Loc. Pietrattina,30/05/2026,30/05/2026,4.7,18.0,0.0,online,Manuale
3,Castel del Monte - Loc. Pietrattina,31/05/2026,31/05/2026,1.7,20.9,0.0,online,Manuale
3,Castel del Monte - Loc. Pietrattina,01/06/2026,01/06/2026,7.4,14.0,0.0,online,Manuale
3,Castel del Monte - Loc. Pietrattina,02/06/2026,02/06/2026,2.3,19.2,0.0,online,Manuale
3,Castel del Monte - Loc. Pietrattina,03/06/2026,03/06/2026,4.7,17.0,10.8,online,Manuale
3,Castel del Monte - Loc. Pietrattina,04/06/2026,04/06/2026,1.3,18.9,0.0,online,Manuale
3,Castel del Monte - Loc. Pietrattina,05/06/2026,05/06/2026,4.3,17.0,0.2,online,Manuale
3,Castel del Monte - Loc. Pietrattina,06/06/2026,06/06/2026,0.0,0.0,0.0,offline,Manuale
3,Castel del Monte - Loc. Pietrattina,07/06/2026,07/06/2026,0.0,0.0,0.0,offline,Manuale
3,Castel del Monte - Loc. Pietrattina,08/06/2026,08/06/2026,0.1,18.4,0.0,online,Manuale
3,Castel del Monte - Loc. Pietrattina,09/06/2026,09/06/2026,0.9,20.0,0.0,online,Manuale
3,Castel del Monte - Loc. Pietrattina,10/06/2026,10/06/2026,0.0,0.0,0.0,offline,Manuale
3,Castel del Monte - Loc. Pietrattina,11/06/2026,11/06/2026,5.0,17.0,0.2,online,Manuale
3,Castel del Monte - Loc. Pietrattina,12/06/2026,12/06/2026,7.4,14.8,0.0,online,Manuale
3,Castel del Monte - Loc. Pietrattina,13/06/2026,13/06/2026,0.0,0.0,0.0,offline,Manuale
3,Castel del Monte - Loc. Pietrattina,14/06/2026,14/06/2026,0.0,0.0,0.0,offline,Manuale
3,Castel del Monte - Loc. Pietrattina,15/06/2026,15/06/2026,0.0,0.0,0.0,offline,Manuale
3,Castel del Monte - Loc. Pietrattina,16/06/2026,16/06/2026,0.0,0.0,0.0,offline,Manuale
3,Castel del Monte - Loc. Pietrattina,17/06/2026,17/06/2026,0.0,0.0,0.0,offline,Manuale
3,Castel del Monte - Loc. Pietrattina,18/06/2026,18/06/2026,0.0,0.0,0.0,offline,Manuale
3,Castel del Monte - Loc. Pietrattina,19/06/2026,19/06/2026,4.8,22.4,0.0,online,Manuale
3,Castel del Monte - Loc. Pietrattina,20/06/2026,20/06/2026,4.2,23.6,0.0,online,Manuale
3,Castel del Monte - Loc. Pietrattina,21/06/2026,21/06/2026,6.3,22.8,0.2,online,Manuale
3,Castel del Monte - Loc. Pietrattina,22/06/2026,22/06/2026,14.0,20.6,0.0,online,Manuale
3,Castel del Monte - Loc. Pietrattina,23/06/2026,23/06/2026,9.2,19.0,0.0,online,Manuale
3,Castel del Monte - Loc. Pietrattina,24/06/2026,24/06/2026,9.2,21.2,0.0,online,Manuale
3,Castel del Monte - Loc. Pietrattina,25/06/2026,25/06/2026,4.3,21.0,0.0,online,Manuale
3,Castel del Monte - Loc. Pietrattina,26/06/2026,26/06/2026,0.0,0.0,0.0,offline,Manuale
3,Castel del Monte - Loc. Pietrattina,27/06/2026,27/06/2026,4.2,24.7,0.0,online,Manuale
3,Castel del Monte - Loc. Pietrattina,28/06/2026,28/06/2026,6.5,26.3,0.0,online,Manuale
3,Castel del Monte - Loc. Pietrattina,29/06/2026,29/06/2026,0.9,25.8,0.0,online,Manuale
3,Castel del Monte - Loc. Pietrattina,30/06/2026,30/06/2026,5.3,24.3,2.2,online,Manuale
3,Castel del Monte - Loc. Pietrattina,01/07/2026,01/07/2026,4.8,25.2,19.0,online,Manuale
3,Castel del Monte - Loc. Pietrattina,02/07/2026,02/07/2026,8.6,18.0,3.2,online,Manuale
3,Castel del Monte - Loc. Pietrattina,03/07/2026,03/07/2026,0.0,0.0,0.0,offline,Manuale
3,Castel del Monte - Loc. Pietrattina,04/07/2026,04/07/2026,0.0,0.0,0.0,offline,Manuale
3,Castel del Monte - Loc. Pietrattina,05/07/2026,05/07/2026,8.0,20.0,0.4,online,Manuale
3,Castel del Monte - Loc. Pietrattina,06/07/2026,06/07/2026,8.0,20.0,22.6,online,Manuale
3,Castel del Monte - Loc. Pietrattina,07/07/2026,07/07/2026,4.0,21.0,0.2,online,Manuale
3,Castel del Monte - Loc. Pietrattina,08/07/2026,08/07/2026,6.2,24.0,0.0,online,Manuale
3,Castel del Monte - Loc. Pietrattina,09/07/2026,09/07/2026,7.0,20.0,1.0,online,Manuale
3,Castel del Monte - Loc. Pietrattina,10/07/2026,10/07/2026,0.0,0.0,0.0,offline,Manuale
3,Castel del Monte - Loc. Pietrattina,11/07/2026,11/07/2026,0.0,0.0,0.0,offline,Manuale
3,Castel del Monte - Loc. Pietrattina,12/07/2026,12/07/2026,7.4,22.7,0.0,online,Manuale
3,Castel del Monte - Loc. Pietrattina,13/07/2026,13/07/2026,9.4,23.2,0.0,online,Manuale
3,Castel del Monte - Loc. Pietrattina,14/07/2026,14/07/2026,7.8,26.0,0.0,online,Manuale
3,Castel del Monte - Loc. Pietrattina,15/07/2026,15/07/2026,0.0,0.0,0.0,offline,Manuale
3,Castel del Monte - Loc. Pietrattina,16/07/2026,16/07/2026,0.0,0.0,0.0,offline,Manuale
3,Castel del Monte - Loc. Pietrattina,17/07/2026,17/07/2026,9.2,30.9,0.0,online,Manuale
3,Castel del Monte - Loc. Pietrattina,18/07/2026,18/07/2026,10.5,28.0,0.2,online,Manuale
3,Castel del Monte - Loc. Pietrattina,19/07/2026,19/07/2026,0.0,0.0,0.0,offline,Manuale
3,Castel del Monte - Loc. Pietrattina,20/07/2026,20/07/2026,0.0,0.0,0.0,offline,Manuale
3,Castel del Monte - Loc. Pietrattina,21/07/2026,21/07/2026,11.0,28.0,1.2,online,Manuale
3,Castel del Monte - Loc. Pietrattina,22/07/2026,22/07/2026,0.0,0.0,0.0,offline,Manuale
3,Castel del Monte - Loc. Pietrattina,23/07/2026,23/07/2026,3.0,19.0,7.8,online,Manuale
3,Castel del Monte - Loc. Pietrattina,24/07/2026,24/07/2026,10.7,15.1,2.2,online,Manuale
3,Castel del Monte - Loc. Pietrattina,25/07/2026,25/07/2026,0.0,0.0,0.0,offline,Manuale
3,Castel del Monte - Loc. Pietrattina,26/07/2026,26/07/2026,0.0,0.0,0.0,offline,Manuale
3,Castel del Monte - Loc. Pietrattina,27/07/2026,27/07/2026,0.0,0.0,0.0,offline,Manuale
3,Castel del Monte - Loc. Pietrattina,28/07/2026,28/07/2026,6.5,21.9,0.4,online,Manuale
3,Castel del Monte - Loc. Pietrattina,29/07/2026,29/07/2026,5.6,24.0,0.0,online,Manuale
3,Castel del Monte - Loc. Pietrattina,30/07/2026,30/07/2026,7.1,24.2,0.0,online,Manuale
3,Castel del Monte - Loc. Pietrattina,31/07/2026,31/07/2026,6.0,26.4,0.0,online,Manuale
4,Villa Celiera,01/04/2026,01/04/2026,0.0,0.0,0.0,offline,Manuale
4,Villa Celiera,02/04/2026,02/04/2026,5.4,9.6,70.6,online,Manuale
4,Villa Celiera,03/04/2026,03/04/2026,7.6,9.9,3.0,online,Manuale
4,Villa Celiera,04/04/2026,04/04/2026,7.9,16.2,3.2,online,Manuale
4,Villa Celiera,05/04/2026,05/04/2026,8.9,18.7,0.0,online,Manuale
4,Villa Celiera,06/04/2026,06/04/2026,13.7,23.2,0.0,online,Manuale
4,Villa Celiera,07/04/2026,07/04/2026,15.6,22.7,0.0,online,Manuale
4,Villa Celiera,08/04/2026,08/04/2026,0.0,0.0,0.0,offline,Manuale
4,Villa Celiera,09/04/2026,09/04/2026,0.0,0.0,0.0,offline,Manuale
4,Villa Celiera,10/04/2026,10/04/2026,0.0,0.0,0.0,offline,Manuale
4,Villa Celiera,11/04/2026,11/04/2026,9.4,19.4,0.0,online,Manuale
4,Villa Celiera,12/04/2026,12/04/2026,11.1,14.9,0.0,online,Manuale
4,Villa Celiera,13/04/2026,13/04/2026,10.1,17.7,0.2,online,Manuale
4,Villa Celiera,14/04/2026,14/04/2026,11.6,16.4,1.0,online,Manuale
4,Villa Celiera,15/04/2026,15/04/2026,11.1,15.3,32.2,online,Manuale
4,Villa Celiera,16/04/2026,16/04/2026,11.0,0.0,0.4,online,Manuale
4,Villa Celiera,17/04/2026,17/04/2026,12.3,18.9,0.0,online,Manuale
4,Villa Celiera,18/04/2026,18/04/2026,11.4,18.7,0.0,online,Manuale
4,Villa Celiera,19/04/2026,19/04/2026,10.9,20.8,0.0,online,Manuale
4,Villa Celiera,20/04/2026,20/04/2026,10.6,19.7,0.0,online,Manuale
4,Villa Celiera,21/04/2026,21/04/2026,19.7,11.9,0.0,online,Manuale
4,Villa Celiera,22/04/2026,22/04/2026,0.0,0.0,0.0,offline,Manuale
4,Villa Celiera,23/04/2026,23/04/2026,0.0,0.0,0.0,offline,Manuale
4,Villa Celiera,24/04/2026,24/04/2026,12.2,19.0,0.0,online,Manuale
4,Villa Celiera,25/04/2026,25/04/2026,11.3,21.7,0.0,online,Manuale
4,Villa Celiera,26/04/2026,26/04/2026,12.5,21.2,0.0,online,Manuale
4,Villa Celiera,27/04/2026,27/04/2026,0.0,0.0,0.0,offline,Manuale
4,Villa Celiera,28/04/2026,28/04/2026,13.2,22.1,0.0,online,Manuale
4,Villa Celiera,29/04/2026,29/04/2026,22.1,21.4,0.0,online,Manuale
4,Villa Celiera,30/04/2026,30/04/2026,0.0,0.0,0.0,offline,Manuale
4,Villa Celiera,01/05/2026,01/05/2026,8.3,12.4,18.8,online,Manuale
4,Villa Celiera,02/05/2026,02/05/2026,8.3,16.7,0.0,online,Manuale
4,Villa Celiera,03/05/2026,03/05/2026,10.6,20.9,0.0,online,Manuale
4,Villa Celiera,04/05/2026,04/05/2026,12.5,21.2,0.0,online,Manuale
4,Villa Celiera,05/05/2026,05/05/2026,12.4,18.7,0.2,online,Manuale
4,Villa Celiera,06/05/2026,06/05/2026,13.2,21.7,0.0,online,Manuale
4,Villa Celiera,07/05/2026,07/05/2026,12.1,17.2,0.0,online,Manuale
4,Villa Celiera,08/05/2026,08/05/2026,11.7,18.9,0.0,online,Manuale
4,Villa Celiera,09/05/2026,09/05/2026,12.8,18.8,0.0,online,Manuale
4,Villa Celiera,10/05/2026,10/05/2026,13.4,20.1,2.6,online,Manuale
4,Villa Celiera,11/05/2026,11/05/2026,0.0,0.0,0.0,offline,Manuale
4,Villa Celiera,12/05/2026,12/05/2026,0.0,0.0,0.0,offline,Manuale
4,Villa Celiera,13/05/2026,13/05/2026,0.0,0.0,0.0,offline,Manuale
4,Villa Celiera,14/05/2026,14/05/2026,0.0,0.0,0.0,offline,Manuale
4,Villa Celiera,15/05/2026,15/05/2026,0.0,0.0,0.0,offline,Manuale
4,Villa Celiera,16/05/2026,16/05/2026,0.0,0.0,0.0,offline,Manuale
4,Villa Celiera,17/05/2026,17/05/2026,0.0,0.0,0.0,offline,Manuale
4,Villa Celiera,18/05/2026,18/05/2026,0.0,0.0,0.0,offline,Manuale
4,Villa Celiera,19/05/2026,19/05/2026,0.0,0.0,0.0,offline,Manuale
4,Villa Celiera,20/05/2026,20/05/2026,0.0,0.0,0.0,offline,Manuale
4,Villa Celiera,21/05/2026,21/05/2026,0.0,0.0,0.0,offline,Manuale
4,Villa Celiera,22/05/2026,22/05/2026,0.0,0.0,0.0,offline,Manuale
4,Villa Celiera,23/05/2026,23/05/2026,0.0,0.0,0.0,offline,Manuale
4,Villa Celiera,24/05/2026,24/05/2026,0.0,0.0,0.0,offline,Manuale
4,Villa Celiera,25/05/2026,25/05/2026,0.0,0.0,0.0,offline,Manuale
4,Villa Celiera,26/05/2026,26/05/2026,0.0,0.0,0.0,offline,Manuale
4,Villa Celiera,27/05/2026,27/05/2026,0.0,0.0,0.0,offline,Manuale
4,Villa Celiera,28/05/2026,28/05/2026,0.0,0.0,0.0,offline,Manuale
4,Villa Celiera,29/05/2026,29/05/2026,0.0,0.0,0.0,offline,Manuale
4,Villa Celiera,30/05/2026,30/05/2026,0.0,0.0,0.0,offline,Manuale
4,Villa Celiera,31/05/2026,31/05/2026,18.2,21.7,0.0,online,Manuale
4,Villa Celiera,01/06/2026,01/06/2026,0.0,0.0,0.0,offline,Manuale
4,Villa Celiera,02/06/2026,02/06/2026,15.6,21.5,0.0,online,Manuale
4,Villa Celiera,03/06/2026,03/06/2026,16.9,21.5,10.0,online,Manuale
4,Villa Celiera,04/06/2026,04/06/2026,12.3,24.2,0.0,online,Manuale
4,Villa Celiera,05/06/2026,05/06/2026,0.0,0.0,0.0,offline,Manuale
4,Villa Celiera,06/06/2026,06/06/2026,0.0,0.0,0.0,offline,Manuale
4,Villa Celiera,07/06/2026,07/06/2026,0.0,0.0,0.0,offline,Manuale
4,Villa Celiera,08/06/2026,08/06/2026,18.1,26.3,0.0,online,Manuale
4,Villa Celiera,09/06/2026,09/06/2026,19.8,28.8,0.0,online,Manuale
4,Villa Celiera,10/06/2026,10/06/2026,21.2,31.6,0.0,online,Manuale
4,Villa Celiera,11/06/2026,11/06/2026,15.3,23.3,0.0,online,Manuale
4,Villa Celiera,12/06/2026,12/06/2026,13.6,22.0,0.0,online,Manuale
4,Villa Celiera,13/06/2026,13/06/2026,0.0,0.0,0.0,offline,Manuale
4,Villa Celiera,14/06/2026,14/06/2026,0.0,0.0,0.0,offline,Manuale
4,Villa Celiera,15/06/2026,15/06/2026,0.0,0.0,0.0,offline,Manuale
4,Villa Celiera,16/06/2026,16/06/2026,0.0,0.0,0.0,offline,Manuale
4,Villa Celiera,17/06/2026,17/06/2026,0.0,0.0,0.0,offline,Manuale
4,Villa Celiera,18/06/2026,18/06/2026,0.0,0.0,0.0,offline,Manuale
4,Villa Celiera,19/06/2026,19/06/2026,0.0,0.0,0.0,offline,Manuale
4,Villa Celiera,20/06/2026,20/06/2026,0.0,0.0,0.0,offline,Manuale
4,Villa Celiera,21/06/2026,21/06/2026,22.3,30.9,0.0,online,Manuale
4,Villa Celiera,22/06/2026,22/06/2026,0.0,0.0,0.0,offline,Manuale
4,Villa Celiera,23/06/2026,23/06/2026,21.7,29.8,0.0,online,Manuale
4,Villa Celiera,24/06/2026,24/06/2026,23.4,29.4,0.0,online,Manuale
4,Villa Celiera,25/06/2026,25/06/2026,0.0,0.0,0.0,offline,Manuale
4,Villa Celiera,26/06/2026,26/06/2026,0.0,0.0,0.0,offline,Manuale
4,Villa Celiera,27/06/2026,27/06/2026,22.0,33.1,0.0,online,Manuale
4,Villa Celiera,28/06/2026,28/06/2026,22.6,34.3,0.0,online,Manuale
4,Villa Celiera,29/06/2026,29/06/2026,0.0,0.0,0.0,offline,Manuale
4,Villa Celiera,30/06/2026,30/06/2026,23.3,32.8,0.0,online,Manuale
4,Villa Celiera,01/07/2026,01/07/2026,22.6,32.6,1.2,online,Manuale
4,Villa Celiera,02/07/2026,02/07/2026,18.5,25.2,8.8,online,Manuale
4,Villa Celiera,03/07/2026,03/07/2026,0.0,0.0,0.0,offline,Manuale
4,Villa Celiera,04/07/2026,04/07/2026,20.3,26.5,0.0,online,Manuale
4,Villa Celiera,05/07/2026,05/07/2026,0.0,0.0,0.0,offline,Manuale
4,Villa Celiera,06/07/2026,06/07/2026,0.0,0.0,24.8,online,Manuale
4,Villa Celiera,07/07/2026,07/07/2026,18.3,28.9,0.0,online,Manuale
4,Villa Celiera,08/07/2026,08/07/2026,24.2,32.7,1.4,online,Manuale
4,Villa Celiera,09/07/2026,09/07/2026,0.0,0.0,0.0,offline,Manuale
4,Villa Celiera,10/07/2026,10/07/2026,0.0,0.0,0.0,offline,Manuale
4,Villa Celiera,11/07/2026,11/07/2026,0.0,0.0,6.8,online,Manuale
4,Villa Celiera,12/07/2026,12/07/2026,0.0,0.0,0.0,offline,Manuale
4,Villa Celiera,13/07/2026,13/07/2026,19.6,30.1,0.0,online,Manuale
4,Villa Celiera,14/07/2026,14/07/2026,0.0,0.0,0.0,offline,Manuale
4,Villa Celiera,15/07/2026,15/07/2026,0.0,0.0,0.0,offline,Manuale
4,Villa Celiera,16/07/2026,16/07/2026,0.0,0.0,0.0,offline,Manuale
4,Villa Celiera,17/07/2026,17/07/2026,0.0,0.0,0.0,offline,Manuale
4,Villa Celiera,18/07/2026,18/07/2026,0.0,0.0,0.0,offline,Manuale
4,Villa Celiera,19/07/2026,19/07/2026,0.0,0.0,0.0,offline,Manuale
4,Villa Celiera,20/07/2026,20/07/2026,0.0,0.0,0.0,offline,Manuale
4,Villa Celiera,21/07/2026,21/07/2026,0.0,0.0,0.0,offline,Manuale
4,Villa Celiera,22/07/2026,22/07/2026,0.0,0.0,2.8,online,Manuale
4,Villa Celiera,23/07/2026,23/07/2026,0.0,0.0,5.8,online,Manuale
4,Villa Celiera,24/07/2026,24/07/2026,15.9,23.1,4.0,online,Manuale
4,Villa Celiera,25/07/2026,25/07/2026,0.0,0.0,0.0,offline,Manuale
4,Villa Celiera,26/07/2026,26/07/2026,0.0,0.0,0.0,offline,Manuale
4,Villa Celiera,27/07/2026,27/07/2026,0.0,0.0,0.0,offline,Manuale
4,Villa Celiera,28/07/2026,28/07/2026,0.0,0.0,0.0,offline,Manuale
4,Villa Celiera,29/07/2026,29/07/2026,0.0,0.0,0.0,offline,Manuale
4,Villa Celiera,30/07/2026,30/07/2026,0.0,0.0,0.0,offline,Manuale
4,Villa Celiera,31/07/2026,31/07/2026,0.0,0.0,0.0,offline,Manuale
5,Pratola Peligna,01/04/2026,01/04/2026,1.4,6.3,79.6,online,Manuale
5,Pratola Peligna,02/04/2026,02/04/2026,1.2,7.9,89.6,online,Manuale
5,Pratola Peligna,03/04/2026,03/04/2026,4.0,11.2,30.0,online,Manuale
5,Pratola Peligna,04/04/2026,04/04/2026,-0.5,20.0,0.2,online,Manuale
5,Pratola Peligna,05/04/2026,05/04/2026,-0.9,25.6,0.0,online,Manuale
5,Pratola Peligna,06/04/2026,06/04/2026,0.7,27.0,0.0,online,Manuale
5,Pratola Peligna,07/04/2026,07/04/2026,1.7,27.9,0.0,online,Manuale
5,Pratola Peligna,08/04/2026,08/04/2026,3.4,25.9,0.0,online,Manuale
5,Pratola Peligna,09/04/2026,09/04/2026,2.3,23.0,0.0,online,Manuale
5,Pratola Peligna,10/04/2026,10/04/2026,3.3,26.3,0.0,online,Manuale
5,Pratola Peligna,11/04/2026,11/04/2026,3.7,25.2,0.0,online,Manuale
5,Pratola Peligna,12/04/2026,12/04/2026,6.0,20.8,0.0,online,Manuale
5,Pratola Peligna,13/04/2026,13/04/2026,10.6,21.5,0.2,online,Manuale
5,Pratola Peligna,14/04/2026,14/04/2026,12.1,17.1,1.8,online,Manuale
5,Pratola Peligna,15/04/2026,15/04/2026,12.1,18.2,1.8,online,Manuale
5,Pratola Peligna,16/04/2026,16/04/2026,9.8,21.8,0.6,online,Manuale
5,Pratola Peligna,17/04/2026,17/04/2026,6.2,24.3,0.0,online,Manuale
5,Pratola Peligna,18/04/2026,18/04/2026,4.5,23.7,0.0,online,Manuale
5,Pratola Peligna,19/04/2026,19/04/2026,1.7,26.8,0.0,online,Manuale
5,Pratola Peligna,20/04/2026,20/04/2026,6.3,27.4,0.0,online,Manuale
5,Pratola Peligna,21/04/2026,21/04/2026,8.4,24.1,2.8,online,Manuale
5,Pratola Peligna,22/04/2026,22/04/2026,6.0,14.3,3.4,online,Manuale
5,Pratola Peligna,23/04/2026,23/04/2026,3.0,18.3,0.0,online,Manuale
5,Pratola Peligna,24/04/2026,24/04/2026,-0.4,24.2,0.0,online,Manuale
5,Pratola Peligna,25/04/2026,25/04/2026,-0.3,27.6,0.0,online,Manuale
5,Pratola Peligna,26/04/2026,26/04/2026,2.9,27.2,0.0,online,Manuale
5,Pratola Peligna,27/04/2026,27/04/2026,3.6,27.7,0.0,online,Manuale
5,Pratola Peligna,28/04/2026,28/04/2026,6.0,27.4,0.0,online,Manuale
5,Pratola Peligna,29/04/2026,29/04/2026,4.4,28.7,0.0,online,Manuale
5,Pratola Peligna,30/04/2026,30/04/2026,12.6,17.3,8.2,online,Manuale
5,Pratola Peligna,01/05/2026,01/05/2026,3.3,16.9,0.0,online,Manuale
5,Pratola Peligna,02/05/2026,02/05/2026,2.7,22.0,0.0,online,Manuale
5,Pratola Peligna,03/05/2026,03/05/2026,0.9,26.5,0.0,online,Manuale
5,Pratola Peligna,04/05/2026,04/05/2026,5.3,27.4,0.0,online,Manuale
5,Pratola Peligna,05/05/2026,05/05/2026,8.9,23.9,1.0,online,Manuale
5,Pratola Peligna,06/05/2026,06/05/2026,10.9,24.9,0.0,online,Manuale
5,Pratola Peligna,07/05/2026,07/05/2026,13.8,25.0,0.0,online,Manuale
5,Pratola Peligna,08/05/2026,08/05/2026,11.4,21.5,0.8,online,Manuale
5,Pratola Peligna,09/05/2026,09/05/2026,7.1,26.3,0.0,online,Manuale
5,Pratola Peligna,10/05/2026,10/05/2026,11.1,24.4,18.6,online,Manuale
5,Pratola Peligna,11/05/2026,11/05/2026,11.9,25.1,0.0,online,Manuale
5,Pratola Peligna,12/05/2026,12/05/2026,12.0,25.9,0.0,online,Manuale
5,Pratola Peligna,13/05/2026,13/05/2026,8.8,19.6,8.8,online,Manuale
5,Pratola Peligna,14/05/2026,14/05/2026,5.5,24.1,0.0,online,Manuale
5,Pratola Peligna,15/05/2026,15/05/2026,10.1,21.6,0.6,online,Manuale
5,Pratola Peligna,16/05/2026,16/05/2026,7.8,17.7,9.2,online,Manuale
5,Pratola Peligna,17/05/2026,17/05/2026,5.5,22.9,0.2,online,Manuale
5,Pratola Peligna,18/05/2026,18/05/2026,8.5,22.6,0.0,online,Manuale
5,Pratola Peligna,19/05/2026,19/05/2026,10.2,24.1,0.0,online,Manuale
5,Pratola Peligna,20/05/2026,20/05/2026,6.8,25.4,0.0,online,Manuale
5,Pratola Peligna,21/05/2026,21/05/2026,6.7,24.9,0.0,online,Manuale
5,Pratola Peligna,22/05/2026,22/05/2026,11.2,25.7,0.0,online,Manuale
5,Pratola Peligna,23/05/2026,23/05/2026,7.8,26.7,0.0,online,Manuale
5,Pratola Peligna,24/05/2026,24/05/2026,7.8,29.1,0.0,online,Manuale
5,Pratola Peligna,25/05/2026,25/05/2026,8.3,29.5,0.0,online,Manuale
5,Pratola Peligna,26/05/2026,26/05/2026,8.8,31.8,0.0,online,Manuale
5,Pratola Peligna,27/05/2026,27/05/2026,10.3,33.9,0.0,online,Manuale
5,Pratola Peligna,28/05/2026,28/05/2026,13.7,30.8,5.0,online,Manuale
5,Pratola Peligna,29/05/2026,29/05/2026,12.1,29.3,0.0,online,Manuale
5,Pratola Peligna,30/05/2026,30/05/2026,8.1,31.2,0.0,online,Manuale
5,Pratola Peligna,31/05/2026,31/05/2026,8.9,28.7,0.0,online,Manuale
5,Pratola Peligna,01/06/2026,01/06/2026,7.8,19.5,0.0,online,Manuale
5,Pratola Peligna,02/06/2026,02/06/2026,12.6,30.6,0.0,online,Manuale
5,Pratola Peligna,03/06/2026,03/06/2026,13.3,28.3,1.2,online,Manuale
5,Pratola Peligna,04/06/2026,04/06/2026,9.1,30.8,0.0,online,Manuale
5,Pratola Peligna,05/06/2026,05/06/2026,10.9,29.7,0.0,online,Manuale
5,Pratola Peligna,06/06/2026,06/06/2026,12.3,30.2,0.0,online,Manuale
5,Pratola Peligna,07/06/2026,07/06/2026,11.4,30.8,0.0,online,Manuale
5,Pratola Peligna,08/06/2026,08/06/2026,12.1,32.2,0.0,online,Manuale
5,Pratola Peligna,09/06/2026,09/06/2026,12.1,33.7,0.0,online,Manuale
5,Pratola Peligna,10/06/2026,10/06/2026,12.9,33.6,0.0,online,Manuale
5,Pratola Peligna,11/06/2026,11/06/2026,15.6,28.9,0.0,online,Manuale
5,Pratola Peligna,12/06/2026,12/06/2026,12.4,27.7,0.0,online,Manuale
5,Pratola Peligna,13/06/2026,13/06/2026,8.0,32.4,0.0,online,Manuale
5,Pratola Peligna,14/06/2026,14/06/2026,10.7,33.9,0.0,online,Manuale
5,Pratola Peligna,15/06/2026,15/06/2026,10.4,32.7,0.0,online,Manuale
5,Pratola Peligna,16/06/2026,16/06/2026,13.2,32.7,3.0,online,Manuale
5,Pratola Peligna,17/06/2026,17/06/2026,13.1,32.9,0.0,online,Manuale
5,Pratola Peligna,18/06/2026,18/06/2026,12.7,35.0,0.0,online,Manuale
5,Pratola Peligna,19/06/2026,19/06/2026,11.7,35.7,0.0,online,Manuale
5,Pratola Peligna,20/06/2026,20/06/2026,13.1,36.5,0.0,online,Manuale
5,Pratola Peligna,21/06/2026,21/06/2026,14.8,36.2,0.0,online,Manuale
5,Pratola Peligna,22/06/2026,22/06/2026,15.8,29.6,0.0,online,Manuale
5,Pratola Peligna,23/06/2026,23/06/2026,14.5,25.6,0.0,online,Manuale
5,Pratola Peligna,24/06/2026,24/06/2026,14.5,33.6,0.0,online,Manuale
5,Pratola Peligna,25/06/2026,25/06/2026,14.0,34.6,0.0,online,Manuale
5,Pratola Peligna,26/06/2026,26/06/2026,14.7,35.9,0.0,online,Manuale
5,Pratola Peligna,27/06/2026,27/06/2026,15.8,38.4,0.0,online,Manuale
5,Pratola Peligna,28/06/2026,28/06/2026,15.8,38.8,0.8,online,Manuale
5,Pratola Peligna,29/06/2026,29/06/2026,17.1,37.4,0.0,online,Manuale
5,Pratola Peligna,30/06/2026,30/06/2026,15.1,37.9,6.4,online,Manuale
5,Pratola Peligna,01/07/2026,01/07/2026,13.9,36.6,2.4,online,Manuale
5,Pratola Peligna,02/07/2026,02/07/2026,16.7,28.9,0.0,online,Manuale
5,Pratola Peligna,03/07/2026,03/07/2026,15.7,31.3,0.0,online,Manuale
5,Pratola Peligna,04/07/2026,04/07/2026,13.4,30.9,0.0,online,Manuale
5,Pratola Peligna,05/07/2026,05/07/2026,10.3,33.9,0.0,online,Manuale
5,Pratola Peligna,06/07/2026,06/07/2026,14.9,33.9,6.8,online,Manuale
5,Pratola Peligna,07/07/2026,07/07/2026,13.3,34.4,0.0,online,Manuale
5,Pratola Peligna,08/07/2026,08/07/2026,15.6,35.8,0.0,online,Manuale
5,Pratola Peligna,09/07/2026,09/07/2026,16.2,33.7,0.0,online,Manuale
5,Pratola Peligna,10/07/2026,10/07/2026,13.9,36.2,0.0,online,Manuale
5,Pratola Peligna,11/07/2026,11/07/2026,16.3,36.3,0.0,online,Manuale
5,Pratola Peligna,12/07/2026,12/07/2026,15.4,36.2,0.0,online,Manuale
5,Pratola Peligna,13/07/2026,13/07/2026,15.4,36.2,0.0,online,Manuale
5,Pratola Peligna,14/07/2026,14/07/2026,16.1,38.2,0.0,online,Manuale
5,Pratola Peligna,15/07/2026,15/07/2026,16.5,38.2,0.0,online,Manuale
5,Pratola Peligna,16/07/2026,16/07/2026,18.2,37.6,0.0,online,Manuale
5,Pratola Peligna,17/07/2026,17/07/2026,17.3,41.3,0.0,online,Manuale
5,Pratola Peligna,18/07/2026,18/07/2026,19.3,38.9,0.0,online,Manuale
5,Pratola Peligna,19/07/2026,19/07/2026,17.7,39.4,0.0,online,Manuale
5,Pratola Peligna,20/07/2026,20/07/2026,19.2,39.3,0.0,online,Manuale
5,Pratola Peligna,21/07/2026,21/07/2026,18.4,39.1,0.2,online,Manuale
5,Pratola Peligna,22/07/2026,22/07/2026,17.3,30.4,0.0,online,Manuale
5,Pratola Peligna,23/07/2026,23/07/2026,14.3,32.1,1.2,online,Manuale
5,Pratola Peligna,24/07/2026,24/07/2026,14.3,28.5,0.0,online,Manuale
5,Pratola Peligna,25/07/2026,25/07/2026,9.2,34.6,0.0,online,Manuale
5,Pratola Peligna,26/07/2026,26/07/2026,15.2,35.2,0.0,online,Manuale
5,Pratola Peligna,27/07/2026,27/07/2026,16.9,34.3,0.0,online,Manuale
5,Pratola Peligna,28/07/2026,28/07/2026,16.3,34.6,0.0,online,Manuale
5,Pratola Peligna,29/07/2026,29/07/2026,16.2,36.9,0.0,online,Manuale
5,Pratola Peligna,30/07/2026,30/07/2026,17.1,37.3,0.0,online,Manuale
5,Pratola Peligna,31/07/2026,31/07/2026,15.6,38.2,0.0,online,Manuale
6,Rocca di Mezzo Loc. Rovere,01/04/2026,01/04/2026,0.0,0.0,0.0,offline,Manuale
6,Rocca di Mezzo Loc. Rovere,02/04/2026,02/04/2026,1.6,4.8,0.6,online,Manuale
6,Rocca di Mezzo Loc. Rovere,03/04/2026,03/04/2026,2.9,4.0,3.4,online,Manuale
6,Rocca di Mezzo Loc. Rovere,04/04/2026,04/04/2026,2.3,10.1,0.0,online,Manuale
6,Rocca di Mezzo Loc. Rovere,05/04/2026,05/04/2026,3.7,14.3,0.0,online,Manuale
6,Rocca di Mezzo Loc. Rovere,06/04/2026,06/04/2026,2.7,17.2,0.0,online,Manuale
6,Rocca di Mezzo Loc. Rovere,07/04/2026,07/04/2026,0.9,17.4,0.0,online,Manuale
6,Rocca di Mezzo Loc. Rovere,08/04/2026,08/04/2026,0.0,0.0,0.0,offline,Manuale
6,Rocca di Mezzo Loc. Rovere,09/04/2026,09/04/2026,0.0,0.0,0.0,offline,Manuale
6,Rocca di Mezzo Loc. Rovere,10/04/2026,10/04/2026,0.0,0.0,0.0,offline,Manuale
6,Rocca di Mezzo Loc. Rovere,11/04/2026,11/04/2026,2.2,16.5,0.0,online,Manuale
6,Rocca di Mezzo Loc. Rovere,12/04/2026,12/04/2026,4.2,16.2,0.0,online,Manuale
6,Rocca di Mezzo Loc. Rovere,13/04/2026,13/04/2026,7.7,13.1,6.4,online,Manuale
6,Rocca di Mezzo Loc. Rovere,14/04/2026,14/04/2026,6.7,14.7,0.4,online,Manuale
6,Rocca di Mezzo Loc. Rovere,15/04/2026,15/04/2026,6.8,10.0,1.0,online,Manuale
6,Rocca di Mezzo Loc. Rovere,16/04/2026,16/04/2026,0.75,12.8,0.0,online,Manuale
6,Rocca di Mezzo Loc. Rovere,17/04/2026,17/04/2026,7.3,14.4,0.0,online,Manuale
6,Rocca di Mezzo Loc. Rovere,18/04/2026,18/04/2026,5.4,13.5,0.0,online,Manuale
6,Rocca di Mezzo Loc. Rovere,19/04/2026,19/04/2026,-0.2,17.3,0.0,online,Manuale
6,Rocca di Mezzo Loc. Rovere,20/04/2026,20/04/2026,4.3,16.1,0.0,online,Manuale
6,Rocca di Mezzo Loc. Rovere,21/04/2026,21/04/2026,6.8,15.2,6.0,online,Manuale
6,Rocca di Mezzo Loc. Rovere,22/04/2026,22/04/2026,0.0,0.0,0.0,offline,Manuale
6,Rocca di Mezzo Loc. Rovere,23/04/2026,23/04/2026,1.6,4.1,0.0,online,Manuale
6,Rocca di Mezzo Loc. Rovere,24/04/2026,24/04/2026,2.1,13.8,0.0,online,Manuale
6,Rocca di Mezzo Loc. Rovere,25/04/2026,25/04/2026,-0.8,18.6,0.0,online,Manuale
6,Rocca di Mezzo Loc. Rovere,26/04/2026,26/04/2026,0.8,18.1,0.0,online,Manuale
6,Rocca di Mezzo Loc. Rovere,27/04/2026,27/04/2026,0.0,0.0,0.0,offline,Manuale
6,Rocca di Mezzo Loc. Rovere,28/04/2026,28/04/2026,5.2,18.5,0.0,online,Manuale
6,Rocca di Mezzo Loc. Rovere,29/04/2026,29/04/2026,1.8,18.6,9.2,online,Manuale
6,Rocca di Mezzo Loc. Rovere,30/04/2026,30/04/2026,0.0,0.0,0.0,offline,Manuale
6,Rocca di Mezzo Loc. Rovere,01/05/2026,01/05/2026,0.0,0.0,0.0,offline,Manuale
6,Rocca di Mezzo Loc. Rovere,02/05/2026,02/05/2026,0.0,0.0,0.0,offline,Manuale
6,Rocca di Mezzo Loc. Rovere,03/05/2026,03/05/2026,0.0,0.0,0.0,offline,Manuale
6,Rocca di Mezzo Loc. Rovere,04/05/2026,04/05/2026,3.1,16.6,0.0,online,Manuale
6,Rocca di Mezzo Loc. Rovere,05/05/2026,05/05/2026,6.3,11.0,5.0,online,Manuale
6,Rocca di Mezzo Loc. Rovere,06/05/2026,06/05/2026,7.9,13.3,2.6,online,Manuale
6,Rocca di Mezzo Loc. Rovere,07/05/2026,07/05/2026,7.6,15.8,0.0,online,Manuale
6,Rocca di Mezzo Loc. Rovere,08/05/2026,08/05/2026,8.4,12.5,0.0,online,Manuale
6,Rocca di Mezzo Loc. Rovere,09/05/2026,09/05/2026,5.2,15.7,0.0,online,Manuale
6,Rocca di Mezzo Loc. Rovere,10/05/2026,10/05/2026,8.1,12.9,9.2,online,Manuale
6,Rocca di Mezzo Loc. Rovere,11/05/2026,11/05/2026,10.3,12.8,0.0,online,Manuale
6,Rocca di Mezzo Loc. Rovere,12/05/2026,12/05/2026,7.4,11.5,0.0,online,Manuale
6,Rocca di Mezzo Loc. Rovere,13/05/2026,13/05/2026,3.2,11.2,2.2,online,Manuale
6,Rocca di Mezzo Loc. Rovere,14/05/2026,14/05/2026,1.3,11.6,5.4,online,Manuale
6,Rocca di Mezzo Loc. Rovere,15/05/2026,15/05/2026,6.6,9.9,14.2,online,Manuale
6,Rocca di Mezzo Loc. Rovere,16/05/2026,16/05/2026,0.0,0.0,25.4,online,Manuale
6,Rocca di Mezzo Loc. Rovere,17/05/2026,17/05/2026,0.0,0.0,0.0,offline,Manuale
6,Rocca di Mezzo Loc. Rovere,18/05/2026,18/05/2026,6.7,12.8,0.0,online,Manuale
6,Rocca di Mezzo Loc. Rovere,19/05/2026,19/05/2026,4.2,13.7,0.0,online,Manuale
6,Rocca di Mezzo Loc. Rovere,20/05/2026,20/05/2026,2.4,14.7,0.0,online,Manuale
6,Rocca di Mezzo Loc. Rovere,21/05/2026,21/05/2026,5.9,14.2,4.6,online,Manuale
6,Rocca di Mezzo Loc. Rovere,22/05/2026,22/05/2026,7.3,15.7,0.0,online,Manuale
6,Rocca di Mezzo Loc. Rovere,23/05/2026,23/05/2026,0.0,0.0,0.0,offline,Manuale
6,Rocca di Mezzo Loc. Rovere,24/05/2026,24/05/2026,0.0,0.0,0.0,offline,Manuale
6,Rocca di Mezzo Loc. Rovere,25/05/2026,25/05/2026,0.0,0.0,0.0,offline,Manuale
6,Rocca di Mezzo Loc. Rovere,26/05/2026,26/05/2026,11.3,21.3,0.0,online,Manuale
6,Rocca di Mezzo Loc. Rovere,27/05/2026,27/05/2026,7.1,24.7,0.0,online,Manuale
6,Rocca di Mezzo Loc. Rovere,28/05/2026,28/05/2026,10.6,22.4,7.6,online,Manuale
6,Rocca di Mezzo Loc. Rovere,29/05/2026,29/05/2026,9.3,19.4,0.0,online,Manuale
6,Rocca di Mezzo Loc. Rovere,30/05/2026,30/05/2026,0.0,0.0,0.0,offline,Manuale
6,Rocca di Mezzo Loc. Rovere,31/05/2026,31/05/2026,6.9,22.6,10.2,online,Manuale
6,Rocca di Mezzo Loc. Rovere,01/06/2026,01/06/2026,6.4,21.7,0.2,online,Manuale
6,Rocca di Mezzo Loc. Rovere,02/06/2026,02/06/2026,8.7,18.6,10.6,online,Manuale
6,Rocca di Mezzo Loc. Rovere,03/06/2026,03/06/2026,8.6,18.5,9.8,online,Manuale
6,Rocca di Mezzo Loc. Rovere,04/06/2026,04/06/2026,8.1,19.5,0.0,online,Manuale
6,Rocca di Mezzo Loc. Rovere,05/06/2026,05/06/2026,0.0,0.0,0.0,offline,Manuale
6,Rocca di Mezzo Loc. Rovere,06/06/2026,06/06/2026,10.7,20.2,0.0,online,Manuale
6,Rocca di Mezzo Loc. Rovere,07/06/2026,07/06/2026,5.2,21.6,0.0,online,Manuale
6,Rocca di Mezzo Loc. Rovere,08/06/2026,08/06/2026,8.0,22.4,0.0,online,Manuale
6,Rocca di Mezzo Loc. Rovere,09/06/2026,09/06/2026,8.3,22.9,0.0,online,Manuale
6,Rocca di Mezzo Loc. Rovere,10/06/2026,10/06/2026,8.3,22.4,0.0,online,Manuale
6,Rocca di Mezzo Loc. Rovere,11/06/2026,11/06/2026,12.3,18.6,0.0,online,Manuale
6,Rocca di Mezzo Loc. Rovere,12/06/2026,12/06/2026,8.2,17.7,0.0,online,Manuale
6,Rocca di Mezzo Loc. Rovere,13/06/2026,13/06/2026,0.0,0.0,0.0,offline,Manuale
6,Rocca di Mezzo Loc. Rovere,14/06/2026,14/06/2026,7.0,20.3,0.0,online,Manuale
6,Rocca di Mezzo Loc. Rovere,15/06/2026,15/06/2026,7.3,22.3,0.0,online,Manuale
6,Rocca di Mezzo Loc. Rovere,16/06/2026,16/06/2026,7.8,21.9,1.6,online,Manuale
6,Rocca di Mezzo Loc. Rovere,17/06/2026,17/06/2026,10.1,23.1,0.0,online,Manuale
6,Rocca di Mezzo Loc. Rovere,18/06/2026,18/06/2026,9.4,24.3,0.0,online,Manuale
6,Rocca di Mezzo Loc. Rovere,19/06/2026,19/06/2026,10.5,24.3,0.0,online,Manuale
6,Rocca di Mezzo Loc. Rovere,20/06/2026,20/06/2026,10.6,27.1,0.0,online,Manuale
6,Rocca di Mezzo Loc. Rovere,21/06/2026,21/06/2026,12.1,27.2,19.8,online,Manuale
6,Rocca di Mezzo Loc. Rovere,22/06/2026,22/06/2026,12.1,23.6,0.4,online,Manuale
6,Rocca di Mezzo Loc. Rovere,23/06/2026,23/06/2026,12.9,23.2,0.0,online,Manuale
6,Rocca di Mezzo Loc. Rovere,24/06/2026,24/06/2026,11.8,22.0,0.0,online,Manuale
6,Rocca di Mezzo Loc. Rovere,25/06/2026,25/06/2026,13.1,25.2,0.0,online,Manuale
6,Rocca di Mezzo Loc. Rovere,26/06/2026,26/06/2026,9.7,23.9,0.0,online,Manuale
6,Rocca di Mezzo Loc. Rovere,27/06/2026,27/06/2026,12.2,28.1,1.0,online,Manuale
6,Rocca di Mezzo Loc. Rovere,28/06/2026,28/06/2026,13.6,28.3,0.2,online,Manuale
6,Rocca di Mezzo Loc. Rovere,29/06/2026,29/06/2026,14.0,26.8,0.0,online,Manuale
6,Rocca di Mezzo Loc. Rovere,30/06/2026,30/06/2026,11.7,27.2,0.0,online,Manuale
6,Rocca di Mezzo Loc. Rovere,01/07/2026,01/07/2026,10.8,27.3,0.0,online,Manuale
6,Rocca di Mezzo Loc. Rovere,02/07/2026,02/07/2026,12.7,19.9,1.2,online,Manuale
6,Rocca di Mezzo Loc. Rovere,03/07/2026,03/07/2026,12.2,20.7,0.0,online,Manuale
6,Rocca di Mezzo Loc. Rovere,04/07/2026,04/07/2026,13.3,20.7,0.0,online,Manuale
6,Rocca di Mezzo Loc. Rovere,05/07/2026,05/07/2026,12.1,23.7,0.0,online,Manuale
6,Rocca di Mezzo Loc. Rovere,06/07/2026,06/07/2026,10.8,23.9,10.2,online,Manuale
6,Rocca di Mezzo Loc. Rovere,07/07/2026,07/07/2026,9.6,23.9,0.2,online,Manuale
6,Rocca di Mezzo Loc. Rovere,08/07/2026,08/07/2026,10.8,25.4,0.0,online,Manuale
6,Rocca di Mezzo Loc. Rovere,09/07/2026,09/07/2026,10.7,23.6,1.8,online,Manuale
6,Rocca di Mezzo Loc. Rovere,10/07/2026,10/07/2026,9.2,25.1,19.4,online,Manuale
6,Rocca di Mezzo Loc. Rovere,11/07/2026,11/07/2026,12.0,25.3,0.2,online,Manuale
6,Rocca di Mezzo Loc. Rovere,12/07/2026,12/07/2026,14.0,26.1,0.0,online,Manuale
6,Rocca di Mezzo Loc. Rovere,13/07/2026,13/07/2026,14.2,26.1,0.0,online,Manuale
6,Rocca di Mezzo Loc. Rovere,14/07/2026,14/07/2026,13.3,28.2,0.0,online,Manuale
6,Rocca di Mezzo Loc. Rovere,15/07/2026,15/07/2026,12.8,30.6,0.0,online,Manuale
6,Rocca di Mezzo Loc. Rovere,16/07/2026,16/07/2026,15.2,29.4,0.0,online,Manuale
6,Rocca di Mezzo Loc. Rovere,17/07/2026,17/07/2026,0.0,0.0,0.0,offline,Manuale
6,Rocca di Mezzo Loc. Rovere,18/07/2026,18/07/2026,0.0,0.0,0.0,offline,Manuale
6,Rocca di Mezzo Loc. Rovere,19/07/2026,19/07/2026,16.9,30.4,0.0,online,Manuale
6,Rocca di Mezzo Loc. Rovere,20/07/2026,20/07/2026,14.6,30.1,0.0,online,Manuale
6,Rocca di Mezzo Loc. Rovere,21/07/2026,21/07/2026,15.6,29.4,0.0,online,Manuale
6,Rocca di Mezzo Loc. Rovere,22/07/2026,22/07/2026,11.7,20.8,0.6,online,Manuale
6,Rocca di Mezzo Loc. Rovere,23/07/2026,23/07/2026,12.8,16.4,12.0,online,Manuale
6,Rocca di Mezzo Loc. Rovere,24/07/2026,24/07/2026,12.3,18.2,0.0,online,Manuale
6,Rocca di Mezzo Loc. Rovere,25/07/2026,25/07/2026,6.4,25.2,0.0,online,Manuale
6,Rocca di Mezzo Loc. Rovere,26/07/2026,26/07/2026,14.8,23.3,0.0,online,Manuale
6,Rocca di Mezzo Loc. Rovere,27/07/2026,27/07/2026,15.0,23.3,0.0,online,Manuale
6,Rocca di Mezzo Loc. Rovere,28/07/2026,28/07/2026,15.7,24.4,0.0,online,Manuale
6,Rocca di Mezzo Loc. Rovere,29/07/2026,29/07/2026,12.2,28.1,0.0,online,Manuale
6,Rocca di Mezzo Loc. Rovere,30/07/2026,30/07/2026,13.3,29.0,0.0,online,Manuale
6,Rocca di Mezzo Loc. Rovere,31/07/2026,31/07/2026,0.0,0.0,0.0,offline,Manuale
7,Rocca di Mezzo,01/04/2026,01/04/2026,-0.8,1.6,10.7,online,Manuale
7,Rocca di Mezzo,02/04/2026,02/04/2026,0.5,3.4,17.4,online,Manuale
7,Rocca di Mezzo,03/04/2026,03/04/2026,-1.9,60,1.8,online,Manuale
7,Rocca di Mezzo,04/04/2026,04/04/2026,-4.9,10.7,0.1,online,Manuale
7,Rocca di Mezzo,05/04/2026,05/04/2026,-4.5,14.7,0.0,online,Manuale
7,Rocca di Mezzo,06/04/2026,06/04/2026,-2.4,17.5,0.0,online,Manuale
7,Rocca di Mezzo,07/04/2026,07/04/2026,-1.6,17.9,0.0,online,Manuale
7,Rocca di Mezzo,08/04/2026,08/04/2026,1.5,17.9,0.0,online,Manuale
7,Rocca di Mezzo,09/04/2026,09/04/2026,-2.5,18.3,0.0,online,Manuale
7,Rocca di Mezzo,10/04/2026,10/04/2026,-0.6,18.1,0.0,online,Manuale
7,Rocca di Mezzo,11/04/2026,11/04/2026,-1.7,19.3,0.0,online,Manuale
7,Rocca di Mezzo,12/04/2026,12/04/2026,0.3,17.5,0.0,online,Manuale
7,Rocca di Mezzo,13/04/2026,13/04/2026,2.5,15.1,7.3,online,Manuale
7,Rocca di Mezzo,14/04/2026,14/04/2026,5.5,16.2,0.5,online,Manuale
7,Rocca di Mezzo,15/04/2026,15/04/2026,6.2,10.5,4.0,online,Manuale
7,Rocca di Mezzo,16/04/2026,16/04/2026,1.8,13.1,0.0,online,Manuale
7,Rocca di Mezzo,17/04/2026,17/04/2026,-1.0,15.8,0.0,online,Manuale
7,Rocca di Mezzo,18/04/2026,18/04/2026,-2.4,14.4,0.0,online,Manuale
7,Rocca di Mezzo,19/04/2026,19/04/2026,-4.7,16.7,0.0,online,Manuale
7,Rocca di Mezzo,20/04/2026,20/04/2026,0.0,0.0,0.0,offline,Manuale
7,Rocca di Mezzo,21/04/2026,21/04/2026,5.2,16.2,6.8,online,Manuale
7,Rocca di Mezzo,22/04/2026,22/04/2026,-0.8,7.4,4.7,online,Manuale
7,Rocca di Mezzo,23/04/2026,23/04/2026,-3.4,8.4,0.0,online,Manuale
7,Rocca di Mezzo,24/04/2026,24/04/2026,-5.9,14.0,0.0,online,Manuale
7,Rocca di Mezzo,25/04/2026,25/04/2026,-4.4,18.0,0.0,online,Manuale
7,Rocca di Mezzo,26/04/2026,26/04/2026,-1.1,18.0,0.0,online,Manuale
7,Rocca di Mezzo,27/04/2026,27/04/2026,-1.4,18.1,0.6,online,Manuale
7,Rocca di Mezzo,28/04/2026,28/04/2026,2.2,19.2,0.0,online,Manuale
7,Rocca di Mezzo,29/04/2026,29/04/2026,0.8,19.6,0.0,online,Manuale
7,Rocca di Mezzo,30/04/2026,30/04/2026,3.1,9.7,5.8,online,Manuale
7,Rocca di Mezzo,01/05/2026,01/05/2026,-2.5,8.2,0.0,online,Manuale
7,Rocca di Mezzo,02/05/2026,02/05/2026,-4.7,11.8,0.0,online,Manuale
7,Rocca di Mezzo,03/05/2026,03/05/2026,-4.8,17.3,0.0,online,Manuale
7,Rocca di Mezzo,04/05/2026,04/05/2026,1.8,17.9,0.0,online,Manuale
7,Rocca di Mezzo,05/05/2026,05/05/2026,4.8,13.2,2.0,online,Manuale
7,Rocca di Mezzo,06/05/2026,06/05/2026,7.5,16.1,0.5,online,Manuale
7,Rocca di Mezzo,07/05/2026,07/05/2026,6.7,16.5,0.1,online,Manuale
7,Rocca di Mezzo,08/05/2026,08/05/2026,2.8,14.3,0.0,online,Manuale
7,Rocca di Mezzo,09/05/2026,09/05/2026,-0.6,16.8,0.0,online,Manuale
7,Rocca di Mezzo,10/05/2026,10/05/2026,6.2,14.7,9.1,online,Manuale
7,Rocca di Mezzo,11/05/2026,11/05/2026,9.9,15.5,0.0,online,Manuale
7,Rocca di Mezzo,12/05/2026,12/05/2026,4.1,15.6,0.0,online,Manuale
7,Rocca di Mezzo,13/05/2026,13/05/2026,-0.2,12.9,0.4,online,Manuale
7,Rocca di Mezzo,14/05/2026,14/05/2026,-0.4,13.9,2.6,online,Manuale
7,Rocca di Mezzo,15/05/2026,15/05/2026,6.7,12.9,6.1,online,Manuale
7,Rocca di Mezzo,16/05/2026,16/05/2026,0.2,8.7,22.2,online,Manuale
7,Rocca di Mezzo,17/05/2026,17/05/2026,-2.4,12.3,0.2,online,Manuale
7,Rocca di Mezzo,18/05/2026,18/05/2026,-0.7,14.3,2.3,online,Manuale
7,Rocca di Mezzo,19/05/2026,19/05/2026,0.0,0.0,0.0,offline,Manuale
7,Rocca di Mezzo,20/05/2026,20/05/2026,-0.6,15.6,0.0,online,Manuale
7,Rocca di Mezzo,21/05/2026,21/05/2026,-1.3,16.0,0.0,online,Manuale
7,Rocca di Mezzo,22/05/2026,22/05/2026,1.4,16.6,0.0,online,Manuale
7,Rocca di Mezzo,23/05/2026,23/05/2026,-0.5,17.0,0.0,online,Manuale
7,Rocca di Mezzo,24/05/2026,24/05/2026,0.4,19.1,0.0,online,Manuale
7,Rocca di Mezzo,25/05/2026,25/05/2026,0.7,20.2,0.0,online,Manuale
7,Rocca di Mezzo,26/05/2026,26/05/2026,2.4,21.9,0.0,online,Manuale
7,Rocca di Mezzo,27/05/2026,27/05/2026,3.5,24.1,0.0,online,Manuale
7,Rocca di Mezzo,28/05/2026,28/05/2026,7.0,23.0,0.2,online,Manuale
7,Rocca di Mezzo,29/05/2026,29/05/2026,4.3,20.3,0.0,online,Manuale
7,Rocca di Mezzo,30/05/2026,30/05/2026,1.1,20.8,0.0,online,Manuale
7,Rocca di Mezzo,31/05/2026,31/05/2026,2.2,23.4,3.0,online,Manuale
7,Rocca di Mezzo,01/06/2026,01/06/2026,5.6,22.4,0.0,online,Manuale
7,Rocca di Mezzo,02/06/2026,02/06/2026,6.6,20.2,0.0,online,Manuale
7,Rocca di Mezzo,03/06/2026,03/06/2026,5.7,17.8,6.4,online,Manuale
7,Rocca di Mezzo,04/06/2026,04/06/2026,1.8,21.2,0.1,online,Manuale
7,Rocca di Mezzo,05/06/2026,05/06/2026,6.4,20.3,0.0,online,Manuale
7,Rocca di Mezzo,06/06/2026,06/06/2026,6.9,20.9,0.0,online,Manuale
7,Rocca di Mezzo,07/06/2026,07/06/2026,1.9,21.8,0.0,online,Manuale
7,Rocca di Mezzo,08/06/2026,08/06/2026,4.8,23.1,0.0,online,Manuale
7,Rocca di Mezzo,09/06/2026,09/06/2026,5.9,23.4,0.0,online,Manuale
7,Rocca di Mezzo,10/06/2026,10/06/2026,6.4,24.3,0.0,online,Manuale
7,Rocca di Mezzo,11/06/2026,11/06/2026,0.0,0.0,0.0,offline,Manuale
7,Rocca di Mezzo,12/06/2026,12/06/2026,0.0,0.0,0.0,offline,Manuale
7,Rocca di Mezzo,13/06/2026,13/06/2026,1.9,23.6,0.0,online,Manuale
7,Rocca di Mezzo,14/06/2026,14/06/2026,3.5,25.2,0.0,online,Manuale
7,Rocca di Mezzo,15/06/2026,15/06/2026,5.4,25.2,0.0,online,Manuale
7,Rocca di Mezzo,16/06/2026,16/06/2026,5.7,22.9,0.8,online,Manuale
7,Rocca di Mezzo,17/06/2026,17/06/2026,5.2,24.7,0.1,online,Manuale
7,Rocca di Mezzo,18/06/2026,18/06/2026,5.6,25.1,0.0,online,Manuale
7,Rocca di Mezzo,19/06/2026,19/06/2026,6.4,25.7,0.0,online,Manuale
7,Rocca di Mezzo,20/06/2026,20/06/2026,0.0,0.0,0.0,offline,Manuale
7,Rocca di Mezzo,21/06/2026,21/06/2026,9.8,27.2,2.2,online,Manuale
7,Rocca di Mezzo,22/06/2026,22/06/2026,8.6,26.0,0.1,online,Manuale
7,Rocca di Mezzo,23/06/2026,23/06/2026,7.7,25.2,0.0,online,Manuale
7,Rocca di Mezzo,24/06/2026,24/06/2026,7.2,24.3,0.0,online,Manuale
7,Rocca di Mezzo,25/06/2026,25/06/2026,6.6,26.5,0.0,online,Manuale
7,Rocca di Mezzo,26/06/2026,26/06/2026,8.2,26.4,0.0,online,Manuale
7,Rocca di Mezzo,27/06/2026,27/06/2026,10.2,28.1,0.0,online,Manuale
7,Rocca di Mezzo,28/06/2026,28/06/2026,10.1,29.5,0.0,online,Manuale
7,Rocca di Mezzo,29/06/2026,29/06/2026,10.8,28.0,0.0,online,Manuale
7,Rocca di Mezzo,30/06/2026,30/06/2026,8.1,28.0,1.0,online,Manuale
7,Rocca di Mezzo,01/07/2026,01/07/2026,6.7,28.3,0.0,online,Manuale
7,Rocca di Mezzo,02/07/2026,02/07/2026,9.7,20.1,0.1,online,Manuale
7,Rocca di Mezzo,03/07/2026,03/07/2026,7.9,21.7,0.0,online,Manuale
7,Rocca di Mezzo,04/07/2026,04/07/2026,5.8,22.2,0.0,online,Manuale
7,Rocca di Mezzo,05/07/2026,05/07/2026,2.4,16.0,0.0,online,Manuale
7,Rocca di Mezzo,06/07/2026,06/07/2026,9.1,25.7,12.5,online,Manuale
7,Rocca di Mezzo,07/07/2026,07/07/2026,7.5,24.9,0.0,online,Manuale
7,Rocca di Mezzo,08/07/2026,08/07/2026,9.2,27.1,0.0,online,Manuale
7,Rocca di Mezzo,09/07/2026,09/07/2026,7.8,24.7,0.7,online,Manuale
7,Rocca di Mezzo,10/07/2026,10/07/2026,6.3,26.9,12.1,online,Manuale
7,Rocca di Mezzo,11/07/2026,11/07/2026,11.9,27.2,0.0,online,Manuale
7,Rocca di Mezzo,12/07/2026,12/07/2026,11.6,26.0,0.0,online,Manuale
7,Rocca di Mezzo,13/07/2026,13/07/2026,7.5,27.2,0.0,online,Manuale
7,Rocca di Mezzo,14/07/2026,14/07/2026,10.7,29.6,0.0,online,Manuale
7,Rocca di Mezzo,15/07/2026,15/07/2026,10.9,31.0,0.0,online,Manuale
7,Rocca di Mezzo,16/07/2026,16/07/2026,12.4,31.6,0.0,online,Manuale
7,Rocca di Mezzo,17/07/2026,17/07/2026,10.4,33.1,0.0,online,Manuale
7,Rocca di Mezzo,18/07/2026,18/07/2026,13.4,30.9,0.0,online,Manuale
7,Rocca di Mezzo,19/07/2026,19/07/2026,11.7,31.4,0.0,online,Manuale
7,Rocca di Mezzo,20/07/2026,20/07/2026,12.9,31.3,0.0,online,Manuale
7,Rocca di Mezzo,21/07/2026,21/07/2026,11.5,30.3,1.1,online,Manuale
7,Rocca di Mezzo,22/07/2026,22/07/2026,10.3,22.4,0.0,online,Manuale
7,Rocca di Mezzo,23/07/2026,23/07/2026,6.2,24.9,2.5,online,Manuale
7,Rocca di Mezzo,24/07/2026,24/07/2026,6.8,18.4,0.0,online,Manuale
7,Rocca di Mezzo,25/07/2026,25/07/2026,3.2,26.3,0.0,online,Manuale
7,Rocca di Mezzo,26/07/2026,26/07/2026,10.3,25.7,0.0,online,Manuale
7,Rocca di Mezzo,27/07/2026,27/07/2026,0.0,0.0,0.0,offline,Manuale
7,Rocca di Mezzo,28/07/2026,28/07/2026,0.0,0.0,0.0,offline,Manuale
7,Rocca di Mezzo,29/07/2026,29/07/2026,0.0,0.0,0.0,offline,Manuale
7,Rocca di Mezzo,30/07/2026,30/07/2026,0.0,0.0,0.0,offline,Manuale
7,Rocca di Mezzo,31/07/2026,31/07/2026,9.5,28.4,0.0,online,Manuale
8,Rocca di Mezzo Loc. Fonteavignone,01/04/2026,01/04/2026,0.0,0.0,0.0,offline,Manuale
8,Rocca di Mezzo Loc. Fonteavignone,02/04/2026,02/04/2026,1.5,6.4,8.6,online,Manuale
8,Rocca di Mezzo Loc. Fonteavignone,03/04/2026,03/04/2026,1.3,6.2,0.2,online,Manuale
8,Rocca di Mezzo Loc. Fonteavignone,04/04/2026,04/04/2026,2.9,12.6,0.0,online,Manuale
8,Rocca di Mezzo Loc. Fonteavignone,05/04/2026,05/04/2026,3.4,16.1,0.0,online,Manuale
8,Rocca di Mezzo Loc. Fonteavignone,06/04/2026,06/04/2026,9.2,19.6,0.0,online,Manuale
8,Rocca di Mezzo Loc. Fonteavignone,07/04/2026,07/04/2026,9.6,19.4,0.0,online,Manuale
8,Rocca di Mezzo Loc. Fonteavignone,08/04/2026,08/04/2026,0.0,0.0,0.0,offline,Manuale
8,Rocca di Mezzo Loc. Fonteavignone,09/04/2026,09/04/2026,0.0,0.0,0.0,offline,Manuale
8,Rocca di Mezzo Loc. Fonteavignone,10/04/2026,10/04/2026,0.0,0.0,0.0,offline,Manuale
8,Rocca di Mezzo Loc. Fonteavignone,11/04/2026,11/04/2026,5.2,19.8,0.0,online,Manuale
8,Rocca di Mezzo Loc. Fonteavignone,12/04/2026,12/04/2026,6.8,16.0,0.0,online,Manuale
8,Rocca di Mezzo Loc. Fonteavignone,13/04/2026,13/04/2026,8.4,13.7,8.4,online,Manuale
8,Rocca di Mezzo Loc. Fonteavignone,14/04/2026,14/04/2026,8.2,15.5,2.2,online,Manuale
8,Rocca di Mezzo Loc. Fonteavignone,15/04/2026,15/04/2026,8.3,11.0,3.2,online,Manuale
8,Rocca di Mezzo Loc. Fonteavignone,16/04/2026,16/04/2026,8.6,14.1,0.0,online,Manuale
8,Rocca di Mezzo Loc. Fonteavignone,17/04/2026,17/04/2026,7.6,15.7,0.0,online,Manuale
8,Rocca di Mezzo Loc. Fonteavignone,18/04/2026,18/04/2026,4.8,15.1,0.0,online,Manuale
8,Rocca di Mezzo Loc. Fonteavignone,19/04/2026,19/04/2026,3.3,18.6,0.0,online,Manuale
8,Rocca di Mezzo Loc. Fonteavignone,20/04/2026,20/04/2026,6.4,17.9,0.0,online,Manuale
8,Rocca di Mezzo Loc. Fonteavignone,21/04/2026,21/04/2026,7.7,17.0,7.6,online,Manuale
8,Rocca di Mezzo Loc. Fonteavignone,22/04/2026,22/04/2026,0.0,0.0,0.0,offline,Manuale
8,Rocca di Mezzo Loc. Fonteavignone,23/04/2026,23/04/2026,0.0,0.0,0.0,offline,Manuale
8,Rocca di Mezzo Loc. Fonteavignone,24/04/2026,24/04/2026,3.9,15.1,0.0,online,Manuale
8,Rocca di Mezzo Loc. Fonteavignone,25/04/2026,25/04/2026,3.1,19.6,0.0,online,Manuale
8,Rocca di Mezzo Loc. Fonteavignone,26/04/2026,26/04/2026,8.9,19.2,0.0,online,Manuale
8,Rocca di Mezzo Loc. Fonteavignone,27/04/2026,27/04/2026,0.0,0.0,5.8,online,Manuale
8,Rocca di Mezzo Loc. Fonteavignone,28/04/2026,28/04/2026,7.5,19.3,1.0,online,Manuale
8,Rocca di Mezzo Loc. Fonteavignone,29/04/2026,29/04/2026,4.9,20.7,0.0,online,Manuale
8,Rocca di Mezzo Loc. Fonteavignone,30/04/2026,30/04/2026,2.9,11.3,0.0,online,Manuale
8,Rocca di Mezzo Loc. Fonteavignone,01/05/2026,01/05/2026,2.4,9.2,1.4,online,Manuale
8,Rocca di Mezzo Loc. Fonteavignone,02/05/2026,02/05/2026,1.2,12.6,0.0,online,Manuale
8,Rocca di Mezzo Loc. Fonteavignone,03/05/2026,03/05/2026,2.7,17.9,0.0,online,Manuale
8,Rocca di Mezzo Loc. Fonteavignone,04/05/2026,04/05/2026,5.7,17.6,0.0,online,Manuale
8,Rocca di Mezzo Loc. Fonteavignone,05/05/2026,05/05/2026,7.9,14.1,3.0,online,Manuale
8,Rocca di Mezzo Loc. Fonteavignone,06/05/2026,06/05/2026,9.3,15.3,0.2,online,Manuale
8,Rocca di Mezzo Loc. Fonteavignone,07/05/2026,07/05/2026,8.4,16.6,0.2,online,Manuale
8,Rocca di Mezzo Loc. Fonteavignone,08/05/2026,08/05/2026,9.2,13.9,0.0,online,Manuale
8,Rocca di Mezzo Loc. Fonteavignone,09/05/2026,09/05/2026,6.1,14.7,0.0,online,Manuale
8,Rocca di Mezzo Loc. Fonteavignone,10/05/2026,10/05/2026,9.4,15.1,6.6,online,Manuale
8,Rocca di Mezzo Loc. Fonteavignone,11/05/2026,11/05/2026,10.4,16.4,0.0,online,Manuale
8,Rocca di Mezzo Loc. Fonteavignone,12/05/2026,12/05/2026,5.5,15.0,0.0,online,Manuale
8,Rocca di Mezzo Loc. Fonteavignone,13/05/2026,13/05/2026,4.2,12.7,1.2,online,Manuale
8,Rocca di Mezzo Loc. Fonteavignone,14/05/2026,14/05/2026,2.8,15.7,1.8,online,Manuale
8,Rocca di Mezzo Loc. Fonteavignone,15/05/2026,15/05/2026,6.8,12.9,7.4,online,Manuale
8,Rocca di Mezzo Loc. Fonteavignone,16/05/2026,16/05/2026,0.0,0.0,20.8,online,Manuale
8,Rocca di Mezzo Loc. Fonteavignone,17/05/2026,17/05/2026,0.0,0.0,0.0,offline,Manuale
8,Rocca di Mezzo Loc. Fonteavignone,18/05/2026,18/05/2026,6.7,13.2,6.4,online,Manuale
8,Rocca di Mezzo Loc. Fonteavignone,19/05/2026,19/05/2026,6.1,15.3,0.2,online,Manuale
8,Rocca di Mezzo Loc. Fonteavignone,20/05/2026,20/05/2026,4.6,15.5,0.0,online,Manuale
8,Rocca di Mezzo Loc. Fonteavignone,21/05/2026,21/05/2026,6.1,16.3,0.0,online,Manuale
8,Rocca di Mezzo Loc. Fonteavignone,22/05/2026,22/05/2026,6.4,17.6,0.0,online,Manuale
8,Rocca di Mezzo Loc. Fonteavignone,23/05/2026,23/05/2026,0.0,0.0,0.0,offline,Manuale
8,Rocca di Mezzo Loc. Fonteavignone,24/05/2026,24/05/2026,0.0,0.0,0.0,offline,Manuale
8,Rocca di Mezzo Loc. Fonteavignone,25/05/2026,25/05/2026,0.0,0.0,0.0,offline,Manuale
8,Rocca di Mezzo Loc. Fonteavignone,26/05/2026,26/05/2026,0.0,0.0,0.0,offline,Manuale
8,Rocca di Mezzo Loc. Fonteavignone,27/05/2026,27/05/2026,11.0,25.1,0.0,online,Manuale
8,Rocca di Mezzo Loc. Fonteavignone,28/05/2026,28/05/2026,13.8,22.4,0.0,online,Manuale
8,Rocca di Mezzo Loc. Fonteavignone,29/05/2026,29/05/2026,11.9,19.9,0.0,online,Manuale
8,Rocca di Mezzo Loc. Fonteavignone,30/05/2026,30/05/2026,0.0,0.0,0.0,offline,Manuale
8,Rocca di Mezzo Loc. Fonteavignone,31/05/2026,31/05/2026,9.6,25.3,0.0,online,Manuale
8,Rocca di Mezzo Loc. Fonteavignone,01/06/2026,01/06/2026,10.9,19.9,0.0,online,Manuale
8,Rocca di Mezzo Loc. Fonteavignone,02/06/2026,02/06/2026,10.3,22.8,0.0,online,Manuale
8,Rocca di Mezzo Loc. Fonteavignone,03/06/2026,03/06/2026,9.1,19.6,10.4,online,Manuale
8,Rocca di Mezzo Loc. Fonteavignone,04/06/2026,04/06/2026,7.2,21.8,0.0,online,Manuale
8,Rocca di Mezzo Loc. Fonteavignone,05/06/2026,05/06/2026,0.0,0.0,0.0,offline,Manuale
8,Rocca di Mezzo Loc. Fonteavignone,06/06/2026,06/06/2026,0.0,0.0,0.0,offline,Manuale
8,Rocca di Mezzo Loc. Fonteavignone,07/06/2026,07/06/2026,9.2,23.1,0.0,online,Manuale
8,Rocca di Mezzo Loc. Fonteavignone,08/06/2026,08/06/2026,10.9,24.7,0.0,online,Manuale
8,Rocca di Mezzo Loc. Fonteavignone,09/06/2026,09/06/2026,11.1,24.6,0.0,online,Manuale
8,Rocca di Mezzo Loc. Fonteavignone,10/06/2026,10/06/2026,12.12,24.1,0.0,online,Manuale
8,Rocca di Mezzo Loc. Fonteavignone,11/06/2026,11/06/2026,14.6,19.4,0.0,online,Manuale
8,Rocca di Mezzo Loc. Fonteavignone,12/06/2026,12/06/2026,7.9,18.1,0.0,online,Manuale
8,Rocca di Mezzo Loc. Fonteavignone,13/06/2026,13/06/2026,0.0,0.0,0.0,offline,Manuale
8,Rocca di Mezzo Loc. Fonteavignone,14/06/2026,14/06/2026,0.0,0.0,0.0,offline,Manuale
8,Rocca di Mezzo Loc. Fonteavignone,15/06/2026,15/06/2026,13.6,25.6,0.0,online,Manuale
8,Rocca di Mezzo Loc. Fonteavignone,16/06/2026,16/06/2026,11.5,22.9,10.8,online,Manuale
8,Rocca di Mezzo Loc. Fonteavignone,17/06/2026,17/06/2026,13.3,23.7,1.0,online,Manuale
8,Rocca di Mezzo Loc. Fonteavignone,18/06/2026,18/06/2026,12.2,25.3,0.0,online,Manuale
8,Rocca di Mezzo Loc. Fonteavignone,19/06/2026,19/06/2026,13.8,25.6,0.0,online,Manuale
8,Rocca di Mezzo Loc. Fonteavignone,20/06/2026,20/06/2026,14.1,28.6,0.0,online,Manuale
8,Rocca di Mezzo Loc. Fonteavignone,21/06/2026,21/06/2026,15.5,27.9,0.2,online,Manuale
8,Rocca di Mezzo Loc. Fonteavignone,22/06/2026,22/06/2026,15.4,25.8,0.0,online,Manuale
8,Rocca di Mezzo Loc. Fonteavignone,23/06/2026,23/06/2026,16.9,25.4,0.0,online,Manuale
8,Rocca di Mezzo Loc. Fonteavignone,24/06/2026,24/06/2026,14.6,24.8,0.0,online,Manuale
8,Rocca di Mezzo Loc. Fonteavignone,25/06/2026,25/06/2026,13.7,26.3,0.4,online,Manuale
8,Rocca di Mezzo Loc. Fonteavignone,26/06/2026,26/06/2026,13.7,27.1,0.0,online,Manuale
8,Rocca di Mezzo Loc. Fonteavignone,27/06/2026,27/06/2026,15.3,28.4,0.0,online,Manuale
8,Rocca di Mezzo Loc. Fonteavignone,28/06/2026,28/06/2026,16.6,29.6,0.0,online,Manuale
8,Rocca di Mezzo Loc. Fonteavignone,29/06/2026,29/06/2026,17.6,27.3,0.0,online,Manuale
8,Rocca di Mezzo Loc. Fonteavignone,30/06/2026,30/06/2026,15.9,27.8,3.0,online,Manuale
8,Rocca di Mezzo Loc. Fonteavignone,01/07/2026,01/07/2026,14.7,28.9,0.0,online,Manuale
8,Rocca di Mezzo Loc. Fonteavignone,02/07/2026,02/07/2026,15.6,20.4,0.0,online,Manuale
8,Rocca di Mezzo Loc. Fonteavignone,03/07/2026,03/07/2026,14.6,22.1,0.0,online,Manuale
8,Rocca di Mezzo Loc. Fonteavignone,04/07/2026,04/07/2026,14.8,22.7,0.0,online,Manuale
8,Rocca di Mezzo Loc. Fonteavignone,05/07/2026,05/07/2026,12.9,27.1,0.0,online,Manuale
8,Rocca di Mezzo Loc. Fonteavignone,06/07/2026,06/07/2026,13.5,27.4,11.6,online,Manuale
8,Rocca di Mezzo Loc. Fonteavignone,07/07/2026,07/07/2026,0.0,0.0,0.0,offline,Manuale
8,Rocca di Mezzo Loc. Fonteavignone,08/07/2026,08/07/2026,0.0,0.0,0.0,offline,Manuale
8,Rocca di Mezzo Loc. Fonteavignone,09/07/2026,09/07/2026,0.0,0.0,0.0,offline,Manuale
8,Rocca di Mezzo Loc. Fonteavignone,10/07/2026,10/07/2026,0.0,0.0,0.0,offline,Manuale
8,Rocca di Mezzo Loc. Fonteavignone,11/07/2026,11/07/2026,0.0,0.0,0.0,offline,Manuale
8,Rocca di Mezzo Loc. Fonteavignone,12/07/2026,12/07/2026,0.0,0.0,0.0,offline,Manuale
8,Rocca di Mezzo Loc. Fonteavignone,13/07/2026,13/07/2026,14.3,29.6,0.0,online,Manuale
8,Rocca di Mezzo Loc. Fonteavignone,14/07/2026,14/07/2026,16.7,30.6,0.0,online,Manuale
8,Rocca di Mezzo Loc. Fonteavignone,15/07/2026,15/07/2026,15.8,32.5,0.0,online,Manuale
8,Rocca di Mezzo Loc. Fonteavignone,16/07/2026,16/07/2026,32.5,32.7,0.0,online,Manuale
8,Rocca di Mezzo Loc. Fonteavignone,17/07/2026,17/07/2026,0.0,0.0,0.0,offline,Manuale
8,Rocca di Mezzo Loc. Fonteavignone,18/07/2026,18/07/2026,0.0,0.0,0.0,offline,Manuale
8,Rocca di Mezzo Loc. Fonteavignone,19/07/2026,19/07/2026,17.7,32.1,0.0,online,Manuale
8,Rocca di Mezzo Loc. Fonteavignone,20/07/2026,20/07/2026,17.7,32.3,0.0,online,Manuale
8,Rocca di Mezzo Loc. Fonteavignone,21/07/2026,21/07/2026,17.2,31.8,0.0,online,Manuale
8,Rocca di Mezzo Loc. Fonteavignone,22/07/2026,22/07/2026,13.9,22.1,1.6,online,Manuale
8,Rocca di Mezzo Loc. Fonteavignone,23/07/2026,23/07/2026,12.9,17.5,0.0,online,Manuale
8,Rocca di Mezzo Loc. Fonteavignone,24/07/2026,24/07/2026,13.1,19.6,2.4,online,Manuale
8,Rocca di Mezzo Loc. Fonteavignone,25/07/2026,25/07/2026,9.9,26.8,0.0,online,Manuale
8,Rocca di Mezzo Loc. Fonteavignone,26/07/2026,26/07/2026,14.2,26.9,0.0,online,Manuale
8,Rocca di Mezzo Loc. Fonteavignone,27/07/2026,27/07/2026,15.4,26.9,0.0,online,Manuale
8,Rocca di Mezzo Loc. Fonteavignone,28/07/2026,28/07/2026,15.1,25.1,0.0,online,Manuale
8,Rocca di Mezzo Loc. Fonteavignone,29/07/2026,29/07/2026,15.4,28.2,0.0,online,Manuale
8,Rocca di Mezzo Loc. Fonteavignone,30/07/2026,30/07/2026,16.4,29.2,0.0,online,Manuale
8,Rocca di Mezzo Loc. Fonteavignone,31/07/2026,31/07/2026,16.2,29.4,0.0,online,Manuale
9,Civitaretegna,01/04/2026,01/04/2026,0.0,0.0,0.0,offline,Manuale
9,Civitaretegna,02/04/2026,02/04/2026,0.0,0.0,2.3,online,Manuale
9,Civitaretegna,03/04/2026,03/04/2026,-0.1,10.8,0.3,online,Manuale
9,Civitaretegna,04/04/2026,04/04/2026,-3.2,15.7,0.0,online,Manuale
9,Civitaretegna,05/04/2026,05/04/2026,-3.2,19.7,0.0,online,Manuale
9,Civitaretegna,06/04/2026,06/04/2026,-1.9,22.8,0.0,online,Manuale
9,Civitaretegna,07/04/2026,07/04/2026,-0.9,23.1,0.0,online,Manuale
9,Civitaretegna,08/04/2026,08/04/2026,0.0,0.0,0.0,offline,Manuale
9,Civitaretegna,09/04/2026,09/04/2026,0.0,0.0,0.0,offline,Manuale
9,Civitaretegna,10/04/2026,10/04/2026,0.0,0.0,0.0,offline,Manuale
9,Civitaretegna,11/04/2026,11/04/2026,0.9,21.8,0.0,online,Manuale
9,Civitaretegna,12/04/2026,12/04/2026,2.9,19.0,0.3,online,Manuale
9,Civitaretegna,13/04/2026,13/04/2026,10.9,18.4,0.0,online,Manuale
9,Civitaretegna,14/04/2026,14/04/2026,6.9,18.9,0.0,online,Manuale
9,Civitaretegna,15/04/2026,15/04/2026,10.8,14.3,4.1,online,Manuale
9,Civitaretegna,16/04/2026,16/04/2026,8.4,17.0,0.3,online,Manuale
9,Civitaretegna,17/04/2026,17/04/2026,5.7,19.1,0.0,online,Manuale
9,Civitaretegna,18/04/2026,18/04/2026,1.4,18.3,0.0,online,Manuale
9,Civitaretegna,19/04/2026,19/04/2026,-1.4,21.8,0.0,online,Manuale
9,Civitaretegna,20/04/2026,20/04/2026,2.2,21.3,0.0,online,Manuale
9,Civitaretegna,21/04/2026,21/04/2026,8.2,18.3,8.2,online,Manuale
9,Civitaretegna,22/04/2026,22/04/2026,0.0,0.0,0.0,offline,Manuale
9,Civitaretegna,23/04/2026,23/04/2026,0.0,0.0,0.0,offline,Manuale
9,Civitaretegna,24/04/2026,24/04/2026,0.4,19.1,0.0,online,Manuale
9,Civitaretegna,25/04/2026,25/04/2026,-1.7,22.4,0.0,online,Manuale
9,Civitaretegna,26/04/2026,26/04/2026,-0.3,21.9,0.0,online,Manuale
9,Civitaretegna,27/04/2026,27/04/2026,0.0,0.0,0.0,offline,Manuale
9,Civitaretegna,28/04/2026,28/04/2026,4.7,22.6,0.3,online,Manuale
9,Civitaretegna,29/04/2026,29/04/2026,2.0,23.1,0.0,online,Manuale
9,Civitaretegna,30/04/2026,30/04/2026,0.0,0.0,0.0,offline,Manuale
9,Civitaretegna,01/05/2026,01/05/2026,0.0,0.0,2.3,online,Manuale
9,Civitaretegna,02/05/2026,02/05/2026,0.0,0.0,0.0,offline,Manuale
9,Civitaretegna,03/05/2026,03/05/2026,0.0,0.0,0.0,offline,Manuale
9,Civitaretegna,04/05/2026,04/05/2026,1.6,22.0,0.0,online,Manuale
9,Civitaretegna,05/05/2026,05/05/2026,5.4,18.2,2.0,online,Manuale
9,Civitaretegna,06/05/2026,06/05/2026,12.4,20.4,0.0,online,Manuale
9,Civitaretegna,07/05/2026,07/05/2026,11.2,20.2,0.0,online,Manuale
9,Civitaretegna,08/05/2026,08/05/2026,10.3,17.7,0.0,online,Manuale
9,Civitaretegna,09/05/2026,09/05/2026,6.1,18.8,0.0,online,Manuale
9,Civitaretegna,10/05/2026,10/05/2026,8.2,19.9,7.6,online,Manuale
9,Civitaretegna,11/05/2026,11/05/2026,8.4,20.0,0.3,online,Manuale
9,Civitaretegna,12/05/2026,12/05/2026,9.2,16.0,0.0,online,Manuale
9,Civitaretegna,13/05/2026,13/05/2026,5.6,16.7,6.9,online,Manuale
9,Civitaretegna,14/05/2026,14/05/2026,4.1,19.2,0.5,online,Manuale
9,Civitaretegna,15/05/2026,15/05/2026,10.7,17.7,1.8,online,Manuale
9,Civitaretegna,16/05/2026,16/05/2026,0.0,0.0,16.8,online,Manuale
9,Civitaretegna,17/05/2026,17/05/2026,0.0,0.0,0.0,offline,Manuale
9,Civitaretegna,18/05/2026,18/05/2026,10.0,17.6,4.6,online,Manuale
9,Civitaretegna,19/05/2026,19/05/2026,9.4,18.4,4.1,online,Manuale
9,Civitaretegna,20/05/2026,20/05/2026,2.8,19.4,0.0,online,Manuale
9,Civitaretegna,21/05/2026,21/05/2026,2.4,20.4,0.3,online,Manuale
9,Civitaretegna,22/05/2026,22/05/2026,3.1,21.9,0.0,online,Manuale
9,Civitaretegna,23/05/2026,23/05/2026,0.0,0.0,0.0,offline,Manuale
9,Civitaretegna,24/05/2026,24/05/2026,0.0,0.0,0.0,offline,Manuale
9,Civitaretegna,25/05/2026,25/05/2026,7.9,24.7,0.0,online,Manuale
9,Civitaretegna,26/05/2026,26/05/2026,6.3,26.4,0.0,online,Manuale
9,Civitaretegna,27/05/2026,27/05/2026,5.9,28.8,0.0,online,Manuale
9,Civitaretegna,28/05/2026,28/05/2026,10.2,26.3,0.8,online,Manuale
9,Civitaretegna,29/05/2026,29/05/2026,7.6,24.2,0.3,online,Manuale
9,Civitaretegna,30/05/2026,30/05/2026,0.0,0.0,0.0,offline,Manuale
9,Civitaretegna,31/05/2026,31/05/2026,6.0,28.2,0.0,online,Manuale
9,Civitaretegna,01/06/2026,01/06/2026,7.0,27.4,1.8,online,Manuale
9,Civitaretegna,02/06/2026,02/06/2026,8.9,25.2,0.0,online,Manuale
9,Civitaretegna,03/06/2026,03/06/2026,9.1,22.6,6.3,online,Manuale
9,Civitaretegna,04/06/2026,04/06/2026,5.3,26.4,0.3,online,Manuale
9,Civitaretegna,05/06/2026,05/06/2026,0.0,0.0,0.0,offline,Manuale
9,Civitaretegna,06/06/2026,06/06/2026,10.1,25.3,0.0,online,Manuale
9,Civitaretegna,07/06/2026,07/06/2026,5.6,25.8,0.0,online,Manuale
9,Civitaretegna,08/06/2026,08/06/2026,7.8,26.2,0.0,online,Manuale
9,Civitaretegna,09/06/2026,09/06/2026,9.4,29.0,0.0,online,Manuale
9,Civitaretegna,10/06/2026,10/06/2026,0.0,0.0,0.0,offline,Manuale
9,Civitaretegna,11/06/2026,11/06/2026,12.7,24.3,0.0,online,Manuale
9,Civitaretegna,12/06/2026,12/06/2026,7.5,22.8,0.0,online,Manuale
9,Civitaretegna,13/06/2026,13/06/2026,7.8,27.3,0.0,online,Manuale
9,Civitaretegna,14/06/2026,14/06/2026,5.8,29.1,0.0,online,Manuale
9,Civitaretegna,15/06/2026,15/06/2026,5.9,28.6,0.0,online,Manuale
9,Civitaretegna,16/06/2026,16/06/2026,9.3,26.9,0.5,online,Manuale
9,Civitaretegna,17/06/2026,17/06/2026,9.7,28.2,0.8,online,Manuale
9,Civitaretegna,18/06/2026,18/06/2026,9.4,30.1,0.3,online,Manuale
9,Civitaretegna,19/06/2026,19/06/2026,9.2,30.2,0.0,online,Manuale
9,Civitaretegna,20/06/2026,20/06/2026,9.6,31.1,0.0,online,Manuale
9,Civitaretegna,21/06/2026,21/06/2026,12.4,32.1,0.7,online,Manuale
9,Civitaretegna,22/06/2026,22/06/2026,13.2,29.6,4.5,online,Manuale
9,Civitaretegna,23/06/2026,23/06/2026,14.6,29.3,0.3,online,Manuale
9,Civitaretegna,24/06/2026,24/06/2026,10.9,29.7,0.0,online,Manuale
9,Civitaretegna,25/06/2026,25/06/2026,9.9,30.6,1.0,online,Manuale
9,Civitaretegna,26/06/2026,26/06/2026,11.1,30.2,0.3,online,Manuale
9,Civitaretegna,27/06/2026,27/06/2026,11.7,32.3,0.0,online,Manuale
9,Civitaretegna,28/06/2026,28/06/2026,12.8,34.0,0.0,online,Manuale
9,Civitaretegna,29/06/2026,29/06/2026,14.2,32.5,0.0,online,Manuale
9,Civitaretegna,30/06/2026,30/06/2026,12.3,32.8,0.0,online,Manuale
9,Civitaretegna,01/07/2026,01/07/2026,10.9,31.8,0.0,online,Manuale
9,Civitaretegna,02/07/2026,02/07/2026,10.4,23.9,0.3,online,Manuale
9,Civitaretegna,03/07/2026,03/07/2026,10.4,27.3,0.3,online,Manuale
9,Civitaretegna,04/07/2026,04/07/2026,8.4,27.5,0.0,online,Manuale
9,Civitaretegna,05/07/2026,05/07/2026,6.0,28.3,0.0,online,Manuale
9,Civitaretegna,06/07/2026,06/07/2026,12.1,28.8,6.6,online,Manuale
9,Civitaretegna,07/07/2026,07/07/2026,13.3,29.7,0.2,online,Manuale
9,Civitaretegna,08/07/2026,08/07/2026,0.0,0.0,0.0,offline,Manuale
9,Civitaretegna,09/07/2026,09/07/2026,0.0,0.0,4.0,online,Manuale
9,Civitaretegna,10/07/2026,10/07/2026,0.0,0.0,15.0,online,Manuale
9,Civitaretegna,11/07/2026,11/07/2026,16.6,32.9,0.0,online,Manuale
9,Civitaretegna,12/07/2026,12/07/2026,14.8,29.1,0.3,online,Manuale
9,Civitaretegna,13/07/2026,13/07/2026,11.7,31.7,0.0,online,Manuale
9,Civitaretegna,14/07/2026,14/07/2026,14.5,34.4,0.0,online,Manuale
9,Civitaretegna,15/07/2026,15/07/2026,13.3,34.0,0.0,online,Manuale
9,Civitaretegna,16/07/2026,16/07/2026,16.4,33.3,0.0,online,Manuale
9,Civitaretegna,17/07/2026,17/07/2026,0.0,0.0,0.0,offline,Manuale
9,Civitaretegna,18/07/2026,18/07/2026,0.0,0.0,0.0,offline,Manuale
9,Civitaretegna,19/07/2026,19/07/2026,13.5,35.6,0.0,online,Manuale
9,Civitaretegna,20/07/2026,20/07/2026,16.1,35.4,0.0,online,Manuale
9,Civitaretegna,21/07/2026,21/07/2026,15.1,35.0,0.0,online,Manuale
9,Civitaretegna,22/07/2026,22/07/2026,13.8,25.3,0.5,online,Manuale
9,Civitaretegna,23/07/2026,23/07/2026,12.7,20.6,0.0,online,Manuale
9,Civitaretegna,24/07/2026,24/07/2026,10.7,23.6,10.4,online,Manuale
9,Civitaretegna,25/07/2026,25/07/2026,6.4,29.2,0.0,online,Manuale
9,Civitaretegna,26/07/2026,26/07/2026,12.4,30.5,0.0,online,Manuale
9,Civitaretegna,27/07/2026,27/07/2026,13.5,28.6,0.0,online,Manuale
9,Civitaretegna,28/07/2026,28/07/2026,13.5,29.1,0.0,online,Manuale
9,Civitaretegna,29/07/2026,29/07/2026,13.5,32.2,0.0,online,Manuale
9,Civitaretegna,30/07/2026,30/07/2026,13.8,32.6,0.0,online,Manuale
9,Civitaretegna,31/07/2026,31/07/2026,13.3,32.9,0.0,online,Manuale
10,Prata d'Ansidonia,01/04/2026,01/04/2026,2.3,5.7,8.9,online,Manuale
10,Prata d'Ansidonia,02/04/2026,02/04/2026,5.2,8.4,0.8,online,Manuale
10,Prata d'Ansidonia,03/04/2026,03/04/2026,-0.1,11.0,0.0,online,Manuale
10,Prata d'Ansidonia,04/04/2026,04/04/2026,-2.2,15.7,0.0,online,Manuale
10,Prata d'Ansidonia,05/04/2026,05/04/2026,-1.2,19.9,0.0,online,Manuale
10,Prata d'Ansidonia,06/04/2026,06/04/2026,-0.3,22.8,0.0,online,Manuale
10,Prata d'Ansidonia,07/04/2026,07/04/2026,2.1,22.8,0.0,online,Manuale
10,Prata d'Ansidonia,08/04/2026,08/04/2026,2.3,22.3,0.0,online,Manuale
10,Prata d'Ansidonia,09/04/2026,09/04/2026,0.5,19.9,0.0,online,Manuale
10,Prata d'Ansidonia,10/04/2026,10/04/2026,3.6,22.7,0.0,online,Manuale
10,Prata d'Ansidonia,11/04/2026,11/04/2026,3.2,7.4,0.0,online,Manuale
10,Prata d'Ansidonia,12/04/2026,12/04/2026,4.4,19.4,0.0,online,Manuale
10,Prata d'Ansidonia,13/04/2026,13/04/2026,9.7,18.6,0.0,online,Manuale
10,Prata d'Ansidonia,14/04/2026,14/04/2026,7.8,18.2,0.0,online,Manuale
10,Prata d'Ansidonia,15/04/2026,15/04/2026,9.9,14.3,3.3,online,Manuale
10,Prata d'Ansidonia,16/04/2026,16/04/2026,6.1,16.8,0.0,online,Manuale
10,Prata d'Ansidonia,17/04/2026,17/04/2026,5.1,19.0,0.0,online,Manuale
10,Prata d'Ansidonia,18/04/2026,18/04/2026,2.3,18.2,0.0,online,Manuale
10,Prata d'Ansidonia,19/04/2026,19/04/2026,0.0,21.5,0.0,online,Manuale
10,Prata d'Ansidonia,20/04/2026,20/04/2026,3.6,21.8,0.0,online,Manuale
10,Prata d'Ansidonia,21/04/2026,21/04/2026,8.1,18.6,15.0,online,Manuale
10,Prata d'Ansidonia,22/04/2026,22/04/2026,2.7,9.6,2.8,online,Manuale
10,Prata d'Ansidonia,23/04/2026,23/04/2026,-1.6,12.8,0.0,online,Manuale
10,Prata d'Ansidonia,24/04/2026,24/04/2026,-1.7,18.4,0.0,online,Manuale
10,Prata d'Ansidonia,25/04/2026,25/04/2026,0.3,22.2,0.0,online,Manuale
10,Prata d'Ansidonia,26/04/2026,26/04/2026,1.0,21.6,0.0,online,Manuale
10,Prata d'Ansidonia,27/04/2026,27/04/2026,3.3,21.9,0.0,online,Manuale
10,Prata d'Ansidonia,28/04/2026,28/04/2026,5.8,22.1,0.0,online,Manuale
10,Prata d'Ansidonia,29/04/2026,29/04/2026,3.9,23.7,0.0,online,Manuale
10,Prata d'Ansidonia,30/04/2026,30/04/2026,9.7,11.6,1.0,online,Manuale
10,Prata d'Ansidonia,01/05/2026,01/05/2026,-0.8,12.8,0.0,online,Manuale
10,Prata d'Ansidonia,02/05/2026,02/05/2026,-1.4,16.1,0.0,online,Manuale
10,Prata d'Ansidonia,03/05/2026,03/05/2026,-0.4,20.8,0.0,online,Manuale
10,Prata d'Ansidonia,04/05/2026,04/05/2026,3.1,21.8,0.0,online,Manuale
10,Prata d'Ansidonia,05/05/2026,05/05/2026,5.9,18.2,2.0,online,Manuale
10,Prata d'Ansidonia,06/05/2026,06/05/2026,7.8,19.9,0.0,online,Manuale
10,Prata d'Ansidonia,07/05/2026,07/05/2026,10.2,19.3,0.0,online,Manuale
10,Prata d'Ansidonia,08/05/2026,08/05/2026,6.2,18.0,0.0,online,Manuale
10,Prata d'Ansidonia,09/05/2026,09/05/2026,4.3,20.8,0.0,online,Manuale
10,Prata d'Ansidonia,10/05/2026,10/05/2026,8.2,19.9,6.9,online,Manuale
10,Prata d'Ansidonia,11/05/2026,11/05/2026,9.8,20.3,0.0,online,Manuale
10,Prata d'Ansidonia,12/05/2026,12/05/2026,9.0,20.1,0.0,online,Manuale
10,Prata d'Ansidonia,13/05/2026,13/05/2026,4.7,16.7,4.6,online,Manuale
10,Prata d'Ansidonia,14/05/2026,14/05/2026,4.3,19.2,1.0,online,Manuale
10,Prata d'Ansidonia,15/05/2026,15/05/2026,7.3,18.2,3.6,online,Manuale
10,Prata d'Ansidonia,16/05/2026,16/05/2026,2.3,12.7,28.2,online,Manuale
10,Prata d'Ansidonia,17/05/2026,17/05/2026,0.8,16.8,0.3,online,Manuale
10,Prata d'Ansidonia,18/05/2026,18/05/2026,4.1,16.7,3.3,online,Manuale
10,Prata d'Ansidonia,19/05/2026,19/05/2026,8.2,17.9,21.1,online,Manuale
10,Prata d'Ansidonia,20/05/2026,20/05/2026,3.7,18.8,0.0,online,Manuale
10,Prata d'Ansidonia,21/05/2026,21/05/2026,3.7,19.4,0.0,online,Manuale
10,Prata d'Ansidonia,22/05/2026,22/05/2026,4.3,22.1,0.0,online,Manuale
10,Prata d'Ansidonia,23/05/2026,23/05/2026,4.6,20.8,0.0,online,Manuale
10,Prata d'Ansidonia,24/05/2026,24/05/2026,4.6,23.0,0.0,online,Manuale
10,Prata d'Ansidonia,25/05/2026,25/05/2026,5.6,23.7,0.0,online,Manuale
10,Prata d'Ansidonia,26/05/2026,26/05/2026,7.8,26.2,0.0,online,Manuale
10,Prata d'Ansidonia,27/05/2026,27/05/2026,7.8,28.8,0.0,online,Manuale
10,Prata d'Ansidonia,28/05/2026,28/05/2026,11.5,25.6,4.1,online,Manuale
10,Prata d'Ansidonia,29/05/2026,29/05/2026,9.7,23.6,0.0,online,Manuale
10,Prata d'Ansidonia,30/05/2026,30/05/2026,6.6,25.3,0.0,online,Manuale
10,Prata d'Ansidonia,31/05/2026,31/05/2026,7.3,26.6,0.0,online,Manuale
10,Prata d'Ansidonia,01/06/2026,01/06/2026,8.8,26.7,0.0,online,Manuale
10,Prata d'Ansidonia,02/06/2026,02/06/2026,9.3,25.2,0.0,online,Manuale
10,Prata d'Ansidonia,03/06/2026,03/06/2026,9.8,22.4,14.0,online,Manuale
10,Prata d'Ansidonia,04/06/2026,04/06/2026,6.7,25.8,0.0,online,Manuale
10,Prata d'Ansidonia,05/06/2026,05/06/2026,8.7,23.7,0.0,online,Manuale
10,Prata d'Ansidonia,06/06/2026,06/06/2026,9.4,24.7,0.0,online,Manuale
10,Prata d'Ansidonia,07/06/2026,07/06/2026,7.9,25.1,0.0,online,Manuale
10,Prata d'Ansidonia,08/06/2026,08/06/2026,9.4,26.5,0.0,online,Manuale
10,Prata d'Ansidonia,09/06/2026,09/06/2026,9.6,28.2,0.0,online,Manuale
10,Prata d'Ansidonia,10/06/2026,10/06/2026,10.8,28.2,0.0,online,Manuale
10,Prata d'Ansidonia,11/06/2026,11/06/2026,12.4,24.0,0.0,online,Manuale
10,Prata d'Ansidonia,12/06/2026,12/06/2026,6.9,22.1,0.0,online,Manuale
10,Prata d'Ansidonia,13/06/2026,13/06/2026,5.4,26.3,0.0,online,Manuale
10,Prata d'Ansidonia,14/06/2026,14/06/2026,7.6,28.0,0.0,online,Manuale
10,Prata d'Ansidonia,15/06/2026,15/06/2026,7.2,27.6,0.0,online,Manuale
10,Prata d'Ansidonia,16/06/2026,16/06/2026,10.0,26.8,0.0,online,Manuale
10,Prata d'Ansidonia,17/06/2026,17/06/2026,10.5,27.3,0.0,online,Manuale
10,Prata d'Ansidonia,18/06/2026,18/06/2026,11.2,29.1,0.0,online,Manuale
10,Prata d'Ansidonia,19/06/2026,19/06/2026,11.0,29.6,0.0,online,Manuale
10,Prata d'Ansidonia,20/06/2026,20/06/2026,11.4,31.1,0.0,online,Manuale
10,Prata d'Ansidonia,21/06/2026,21/06/2026,14.0,30.8,0.0,online,Manuale
10,Prata d'Ansidonia,22/06/2026,22/06/2026,14.2,26.3,0.0,online,Manuale
10,Prata d'Ansidonia,23/06/2026,23/06/2026,13.1,23.7,0.0,online,Manuale
10,Prata d'Ansidonia,24/06/2026,24/06/2026,13.1,29.3,0.0,online,Manuale
10,Prata d'Ansidonia,25/06/2026,25/06/2026,11.6,29.8,0.0,online,Manuale
10,Prata d'Ansidonia,26/06/2026,26/06/2026,12.4,30.6,0.0,online,Manuale
10,Prata d'Ansidonia,27/06/2026,27/06/2026,13.1,32.1,0.0,online,Manuale
10,Prata d'Ansidonia,28/06/2026,28/06/2026,14.0,33.7,0.0,online,Manuale
10,Prata d'Ansidonia,29/06/2026,29/06/2026,15.1,32.1,0.0,online,Manuale
10,Prata d'Ansidonia,30/06/2026,30/06/2026,14.3,31.8,0.0,online,Manuale
10,Prata d'Ansidonia,01/07/2026,01/07/2026,12.9,32.3,0.0,online,Manuale
10,Prata d'Ansidonia,02/07/2026,02/07/2026,14.7,24.1,0.0,online,Manuale
10,Prata d'Ansidonia,03/07/2026,03/07/2026,12.1,26.8,0.0,online,Manuale
10,Prata d'Ansidonia,04/07/2026,04/07/2026,10.0,27.3,0.0,online,Manuale
10,Prata d'Ansidonia,05/07/2026,05/07/2026,8.0,12.9,0.0,online,Manuale
10,Prata d'Ansidonia,06/07/2026,06/07/2026,28.7,28.7,0.0,online,Manuale
10,Prata d'Ansidonia,07/07/2026,07/07/2026,13.2,28.8,0.0,online,Manuale
10,Prata d'Ansidonia,08/07/2026,08/07/2026,13.2,30.8,0.0,online,Manuale
10,Prata d'Ansidonia,09/07/2026,09/07/2026,13.3,28.5,0.0,online,Manuale
10,Prata d'Ansidonia,10/07/2026,10/07/2026,10.2,31.2,12.7,online,Manuale
10,Prata d'Ansidonia,11/07/2026,11/07/2026,14.4,31.8,0.3,online,Manuale
10,Prata d'Ansidonia,12/07/2026,12/07/2026,15.2,29.8,0.0,online,Manuale
10,Prata d'Ansidonia,13/07/2026,13/07/2026,12.3,32.2,0.0,online,Manuale
10,Prata d'Ansidonia,14/07/2026,14/07/2026,14.9,33.1,0.7,online,Manuale
10,Prata d'Ansidonia,15/07/2026,15/07/2026,13.9,34.7,0.0,online,Manuale
10,Prata d'Ansidonia,16/07/2026,16/07/2026,16.2,35.1,0.0,online,Manuale
10,Prata d'Ansidonia,17/07/2026,17/07/2026,14.8,37.5,0.0,online,Manuale
10,Prata d'Ansidonia,18/07/2026,18/07/2026,16.2,34.6,0.0,online,Manuale
10,Prata d'Ansidonia,19/07/2026,19/07/2026,15.2,34.3,0.0,online,Manuale
10,Prata d'Ansidonia,20/07/2026,20/07/2026,16.7,34.5,0.0,online,Manuale
10,Prata d'Ansidonia,21/07/2026,21/07/2026,15.7,34.2,0.3,online,Manuale
10,Prata d'Ansidonia,22/07/2026,22/07/2026,12.7,25.2,0.0,online,Manuale
10,Prata d'Ansidonia,23/07/2026,23/07/2026,9.4,27.7,12.2,online,Manuale
10,Prata d'Ansidonia,24/07/2026,24/07/2026,10.4,22.6,0.2,online,Manuale
10,Prata d'Ansidonia,25/07/2026,25/07/2026,7.2,29.6,0.0,online,Manuale
10,Prata d'Ansidonia,26/07/2026,26/07/2026,12.4,29.8,0.0,online,Manuale
10,Prata d'Ansidonia,27/07/2026,27/07/2026,13.7,28.8,0.0,online,Manuale
10,Prata d'Ansidonia,28/07/2026,28/07/2026,13.8,28.9,0.0,online,Manuale
10,Prata d'Ansidonia,29/07/2026,29/07/2026,14.1,31.6,0.0,online,Manuale
10,Prata d'Ansidonia,30/07/2026,30/07/2026,15.1,32.1,0.0,online,Manuale
10,Prata d'Ansidonia,31/07/2026,31/07/2026,0.0,0.0,0.0,offline,Manuale
11,Passo San Leonardo,01/04/2026,01/04/2026,-1.9,-0.4,0.0,online,Manuale
11,Passo San Leonardo,02/04/2026,02/04/2026,0.0,0.0,0.0,offline,Manuale
11,Passo San Leonardo,03/04/2026,03/04/2026,0.0,0.0,0.0,offline,Manuale
11,Passo San Leonardo,04/04/2026,04/04/2026,0.0,0.0,0.0,offline,Manuale
11,Passo San Leonardo,05/04/2026,05/04/2026,0.0,0.0,0.0,offline,Manuale
11,Passo San Leonardo,06/04/2026,06/04/2026,0.0,0.0,0.0,offline,Manuale
11,Passo San Leonardo,07/04/2026,07/04/2026,8.2,18.6,0.0,online,Manuale
11,Passo San Leonardo,08/04/2026,08/04/2026,7.1,15.9,0.0,online,Manuale
11,Passo San Leonardo,09/04/2026,09/04/2026,6.3,13.9,0.0,online,Manuale
11,Passo San Leonardo,10/04/2026,10/04/2026,7.2,16.5,0.0,online,Manuale
11,Passo San Leonardo,11/04/2026,11/04/2026,7.9,16.0,0.0,online,Manuale
11,Passo San Leonardo,12/04/2026,12/04/2026,6.4,14.3,0.0,online,Manuale
11,Passo San Leonardo,13/04/2026,13/04/2026,5.8,12.1,1.0,online,Manuale
11,Passo San Leonardo,14/04/2026,14/04/2026,5.7,13.3,2.0,online,Manuale
11,Passo San Leonardo,15/04/2026,15/04/2026,5.4,8.1,8.4,online,Manuale
11,Passo San Leonardo,16/04/2026,16/04/2026,0.0,0.0,0.0,offline,Manuale
11,Passo San Leonardo,17/04/2026,17/04/2026,0.0,0.0,0.0,offline,Manuale
11,Passo San Leonardo,18/04/2026,18/04/2026,5.7,11.8,0.0,online,Manuale
11,Passo San Leonardo,19/04/2026,19/04/2026,5.8,15.9,0.0,online,Manuale
11,Passo San Leonardo,20/04/2026,20/04/2026,8.8,16.2,0.0,online,Manuale
11,Passo San Leonardo,21/04/2026,21/04/2026,4.8,14.3,5.6,online,Manuale
11,Passo San Leonardo,22/04/2026,22/04/2026,1.6,5.2,7.2,online,Manuale
11,Passo San Leonardo,23/04/2026,23/04/2026,0.4,6.5,0.0,online,Manuale
11,Passo San Leonardo,24/04/2026,24/04/2026,2.1,12.7,0.0,online,Manuale
11,Passo San Leonardo,25/04/2026,25/04/2026,6.5,17.0,0.0,online,Manuale
11,Passo San Leonardo,26/04/2026,26/04/2026,7.9,16.6,0.0,online,Manuale
11,Passo San Leonardo,27/04/2026,27/04/2026,9.6,16.7,0.0,online,Manuale
11,Passo San Leonardo,28/04/2026,28/04/2026,10.1,15.7,0.0,online,Manuale
11,Passo San Leonardo,29/04/2026,29/04/2026,0.0,0.0,0.0,offline,Manuale
11,Passo San Leonardo,30/04/2026,30/04/2026,0.0,0.0,0.0,offline,Manuale
11,Passo San Leonardo,01/05/2026,01/05/2026,1.3,5.4,0.0,online,Manuale
11,Passo San Leonardo,02/05/2026,02/05/2026,2.8,10.4,0.0,online,Manuale
11,Passo San Leonardo,03/05/2026,03/05/2026,6.3,15.7,0.0,online,Manuale
11,Passo San Leonardo,04/05/2026,04/05/2026,0.0,0.0,0.0,offline,Manuale
11,Passo San Leonardo,05/05/2026,05/05/2026,7.6,15.2,1.8,online,Manuale
11,Passo San Leonardo,06/05/2026,06/05/2026,9.1,16.1,0.0,online,Manuale
11,Passo San Leonardo,07/05/2026,07/05/2026,8.3,14.5,0.8,online,Manuale
11,Passo San Leonardo,08/05/2026,08/05/2026,7.3,10.7,0.0,online,Manuale
11,Passo San Leonardo,09/05/2026,09/05/2026,6.7,14.8,0.0,online,Manuale
11,Passo San Leonardo,10/05/2026,10/05/2026,8.9,16.1,14.2,online,Manuale
11,Passo San Leonardo,11/05/2026,11/05/2026,10.6,15.9,0.0,online,Manuale
11,Passo San Leonardo,12/05/2026,12/05/2026,6.8,15.6,0.0,online,Manuale
11,Passo San Leonardo,13/05/2026,13/05/2026,5.4,10.8,6.8,online,Manuale
11,Passo San Leonardo,14/05/2026,14/05/2026,4.8,14.1,3.8,online,Manuale
11,Passo San Leonardo,15/05/2026,15/05/2026,6.6,11.7,2.6,online,Manuale
11,Passo San Leonardo,16/05/2026,16/05/2026,2.2,9.0,29.6,online,Manuale
11,Passo San Leonardo,17/05/2026,17/05/2026,2.7,10.9,0.0,online,Manuale
11,Passo San Leonardo,18/05/2026,18/05/2026,6.2,13.3,1.8,online,Manuale
11,Passo San Leonardo,19/05/2026,19/05/2026,5.8,13.2,1.2,online,Manuale
11,Passo San Leonardo,20/05/2026,20/05/2026,6.9,13.8,0.0,online,Manuale
11,Passo San Leonardo,21/05/2026,21/05/2026,8.4,14.0,0.0,online,Manuale
11,Passo San Leonardo,22/05/2026,22/05/2026,8.0,14.6,0.0,online,Manuale
11,Passo San Leonardo,23/05/2026,23/05/2026,8.9,15.0,0.0,online,Manuale
11,Passo San Leonardo,24/05/2026,24/05/2026,9.8,16.8,0.0,online,Manuale
11,Passo San Leonardo,25/05/2026,25/05/2026,10.7,17.7,0.0,online,Manuale
11,Passo San Leonardo,26/05/2026,26/05/2026,13.4,19.8,0.0,online,Manuale
11,Passo San Leonardo,27/05/2026,27/05/2026,18.1,22.1,0.0,online,Manuale
11,Passo San Leonardo,28/05/2026,28/05/2026,15.8,20.9,0.0,online,Manuale
11,Passo San Leonardo,29/05/2026,29/05/2026,0.0,0.0,0.0,offline,Manuale
11,Passo San Leonardo,30/05/2026,30/05/2026,0.0,0.0,0.0,offline,Manuale
11,Passo San Leonardo,31/05/2026,31/05/2026,13.8,21.9,0.0,online,Manuale
11,Passo San Leonardo,01/06/2026,01/06/2026,12.8,23.4,0.0,online,Manuale
11,Passo San Leonardo,02/06/2026,02/06/2026,13.2,21.4,0.0,online,Manuale
11,Passo San Leonardo,03/06/2026,03/06/2026,10.3,18.6,10.8,online,Manuale
11,Passo San Leonardo,04/06/2026,04/06/2026,9.4,21.8,0.0,online,Manuale
11,Passo San Leonardo,05/06/2026,05/06/2026,12.0,20.5,0.0,online,Manuale
11,Passo San Leonardo,06/06/2026,06/06/2026,12.2,21.0,0.0,online,Manuale
11,Passo San Leonardo,07/06/2026,07/06/2026,12.2,18.1,0.0,online,Manuale
11,Passo San Leonardo,08/06/2026,08/06/2026,13.7,21.2,0.0,online,Manuale
11,Passo San Leonardo,09/06/2026,09/06/2026,13.7,24.6,0.0,online,Manuale
11,Passo San Leonardo,10/06/2026,10/06/2026,14.2,23.8,0.0,online,Manuale
11,Passo San Leonardo,11/06/2026,11/06/2026,10.6,18.8,0.4,online,Manuale
11,Passo San Leonardo,12/06/2026,12/06/2026,8.3,15.9,0.0,online,Manuale
11,Passo San Leonardo,13/06/2026,13/06/2026,9.9,20.6,0.0,online,Manuale
11,Passo San Leonardo,14/06/2026,14/06/2026,13.3,24.9,0.0,online,Manuale
11,Passo San Leonardo,15/06/2026,15/06/2026,14.1,23.8,0.0,online,Manuale
11,Passo San Leonardo,16/06/2026,16/06/2026,14.3,20.2,1.8,online,Manuale
11,Passo San Leonardo,17/06/2026,17/06/2026,14.4,21.9,0.0,online,Manuale
11,Passo San Leonardo,18/06/2026,18/06/2026,15.6,23.4,0.0,online,Manuale
11,Passo San Leonardo,19/06/2026,19/06/2026,16.9,23.3,0.0,online,Manuale
11,Passo San Leonardo,20/06/2026,20/06/2026,17.0,25.2,0.0,online,Manuale
11,Passo San Leonardo,21/06/2026,21/06/2026,18.1,24.7,0.0,online,Manuale
11,Passo San Leonardo,22/06/2026,22/06/2026,16.8,22.7,0.0,online,Manuale
11,Passo San Leonardo,23/06/2026,23/06/2026,16.6,23.1,0.0,online,Manuale
11,Passo San Leonardo,24/06/2026,24/06/2026,16.4,22.3,0.0,online,Manuale
11,Passo San Leonardo,25/06/2026,25/06/2026,15.9,23.1,7.6,online,Manuale
11,Passo San Leonardo,26/06/2026,26/06/2026,16.7,24.2,0.0,online,Manuale
11,Passo San Leonardo,27/06/2026,27/06/2026,18.2,25.7,0.0,online,Manuale
11,Passo San Leonardo,28/06/2026,28/06/2026,19.4,27.2,0.0,online,Manuale
11,Passo San Leonardo,29/06/2026,29/06/2026,19.2,26.4,11.0,online,Manuale
11,Passo San Leonardo,30/06/2026,30/06/2026,17.4,25.0,2.6,online,Manuale
11,Passo San Leonardo,01/07/2026,01/07/2026,17.9,26.6,0.0,online,Manuale
11,Passo San Leonardo,02/07/2026,02/07/2026,14.4,19.3,0.2,online,Manuale
11,Passo San Leonardo,03/07/2026,03/07/2026,12.4,20.1,0.0,online,Manuale
11,Passo San Leonardo,04/07/2026,04/07/2026,13.3,19.7,0.0,online,Manuale
11,Passo San Leonardo,05/07/2026,05/07/2026,13.5,23.1,0.0,online,Manuale
11,Passo San Leonardo,06/07/2026,06/07/2026,14.1,23.4,8.6,online,Manuale
11,Passo San Leonardo,07/07/2026,07/07/2026,14.0,23.2,0.0,online,Manuale
11,Passo San Leonardo,08/07/2026,08/07/2026,16.7,26.3,0.0,online,Manuale
11,Passo San Leonardo,09/07/2026,09/07/2026,16.1,22.3,9.8,online,Manuale
11,Passo San Leonardo,10/07/2026,10/07/2026,15.6,24.6,0.0,online,Manuale
11,Passo San Leonardo,11/07/2026,11/07/2026,17.0,28.3,0.0,online,Manuale
11,Passo San Leonardo,12/07/2026,12/07/2026,14.2,22.8,0.0,online,Manuale
11,Passo San Leonardo,13/07/2026,13/07/2026,14.4,25.2,0.0,online,Manuale
11,Passo San Leonardo,14/07/2026,14/07/2026,19.3,29.4,0.0,online,Manuale
11,Passo San Leonardo,15/07/2026,15/07/2026,19.9,27.9,0.0,online,Manuale
11,Passo San Leonardo,16/07/2026,16/07/2026,16.7,26.6,0.0,online,Manuale
11,Passo San Leonardo,17/07/2026,17/07/2026,22.2,32.6,0.0,online,Manuale
11,Passo San Leonardo,18/07/2026,18/07/2026,20.9,29.7,0.0,online,Manuale
11,Passo San Leonardo,19/07/2026,19/07/2026,20.9,30.4,0.0,online,Manuale
11,Passo San Leonardo,20/07/2026,20/07/2026,19.9,30.0,0.0,online,Manuale
11,Passo San Leonardo,21/07/2026,21/07/2026,17.1,30.2,0.8,online,Manuale
11,Passo San Leonardo,22/07/2026,22/07/2026,13.0,17.2,0.4,online,Manuale
11,Passo San Leonardo,23/07/2026,23/07/2026,11.8,21.5,9.6,online,Manuale
11,Passo San Leonardo,24/07/2026,24/07/2026,11.2,17.1,0.0,online,Manuale
11,Passo San Leonardo,25/07/2026,25/07/2026,10.7,25.8,0.0,online,Manuale
11,Passo San Leonardo,26/07/2026,26/07/2026,16.9,25.1,0.0,online,Manuale
11,Passo San Leonardo,27/07/2026,27/07/2026,16.8,24.2,0.0,online,Manuale
11,Passo San Leonardo,28/07/2026,28/07/2026,15.9,22.8,0.0,online,Manuale
11,Passo San Leonardo,29/07/2026,29/07/2026,17.3,25.3,0.0,online,Manuale
11,Passo San Leonardo,30/07/2026,30/07/2026,19.7,25.9,0.0,online,Manuale
11,Passo San Leonardo,31/07/2026,31/07/2026,18.9,26.7,0.0,online,Manuale
12,Roccacaramanico,01/04/2026,01/04/2026,0.0,0.0,0.0,offline,Manuale
12,Roccacaramanico,02/04/2026,02/04/2026,0.0,0.0,0.0,offline,Manuale
12,Roccacaramanico,03/04/2026,03/04/2026,0.0,0.0,0.0,offline,Manuale
12,Roccacaramanico,04/04/2026,04/04/2026,0.0,0.0,0.0,offline,Manuale
12,Roccacaramanico,05/04/2026,05/04/2026,0.0,0.0,0.0,offline,Manuale
12,Roccacaramanico,06/04/2026,06/04/2026,0.0,0.0,0.0,offline,Manuale
12,Roccacaramanico,07/04/2026,07/04/2026,0.0,0.0,0.0,offline,Manuale
12,Roccacaramanico,08/04/2026,08/04/2026,0.0,0.0,0.0,offline,Manuale
12,Roccacaramanico,09/04/2026,09/04/2026,0.0,0.0,0.0,offline,Manuale
12,Roccacaramanico,10/04/2026,10/04/2026,0.0,0.0,0.0,offline,Manuale
12,Roccacaramanico,11/04/2026,11/04/2026,0.0,0.0,0.0,offline,Manuale
12,Roccacaramanico,12/04/2026,12/04/2026,0.0,0.0,0.0,offline,Manuale
12,Roccacaramanico,13/04/2026,13/04/2026,0.0,0.0,0.0,offline,Manuale
12,Roccacaramanico,14/04/2026,14/04/2026,0.0,0.0,0.0,offline,Manuale
12,Roccacaramanico,15/04/2026,15/04/2026,0.0,0.0,0.0,offline,Manuale
12,Roccacaramanico,16/04/2026,16/04/2026,0.0,0.0,0.0,offline,Manuale
12,Roccacaramanico,17/04/2026,17/04/2026,0.0,0.0,0.0,offline,Manuale
12,Roccacaramanico,18/04/2026,18/04/2026,0.0,0.0,0.0,offline,Manuale
12,Roccacaramanico,19/04/2026,19/04/2026,0.0,0.0,0.0,offline,Manuale
12,Roccacaramanico,20/04/2026,20/04/2026,0.0,0.0,0.0,offline,Manuale
12,Roccacaramanico,21/04/2026,21/04/2026,0.0,0.0,0.0,offline,Manuale
12,Roccacaramanico,22/04/2026,22/04/2026,0.0,0.0,0.0,offline,Manuale
12,Roccacaramanico,23/04/2026,23/04/2026,0.0,0.0,0.0,offline,Manuale
12,Roccacaramanico,24/04/2026,24/04/2026,0.0,0.0,0.0,offline,Manuale
12,Roccacaramanico,25/04/2026,25/04/2026,0.0,0.0,0.0,offline,Manuale
12,Roccacaramanico,26/04/2026,26/04/2026,0.0,0.0,0.0,offline,Manuale
12,Roccacaramanico,27/04/2026,27/04/2026,0.0,0.0,0.0,offline,Manuale
12,Roccacaramanico,28/04/2026,28/04/2026,0.0,0.0,0.0,offline,Manuale
12,Roccacaramanico,29/04/2026,29/04/2026,0.0,0.0,0.0,offline,Manuale
12,Roccacaramanico,30/04/2026,30/04/2026,0.0,0.0,0.0,offline,Manuale
12,Roccacaramanico,01/05/2026,01/05/2026,2.9,7.8,0.0,online,Manuale
12,Roccacaramanico,02/05/2026,02/05/2026,4.3,13.2,0.0,online,Manuale
12,Roccacaramanico,03/05/2026,03/05/2026,8.1,18.1,0.0,online,Manuale
12,Roccacaramanico,04/05/2026,04/05/2026,10.1,18.1,0.0,online,Manuale
12,Roccacaramanico,05/05/2026,05/05/2026,9.2,17.8,1.2,online,Manuale
12,Roccacaramanico,06/05/2026,06/05/2026,11.8,18.2,0.0,online,Manuale
12,Roccacaramanico,07/05/2026,07/05/2026,10.4,16.3,0.0,online,Manuale
12,Roccacaramanico,08/05/2026,08/05/2026,9.4,12.4,1.4,online,Manuale
12,Roccacaramanico,09/05/2026,09/05/2026,8.7,17.8,0.0,online,Manuale
12,Roccacaramanico,10/05/2026,10/05/2026,10.1,15.1,14.2,online,Manuale
12,Roccacaramanico,11/05/2026,11/05/2026,12.7,17.8,0.0,online,Manuale
12,Roccacaramanico,12/05/2026,12/05/2026,8.8,17.6,0.0,online,Manuale
12,Roccacaramanico,13/05/2026,13/05/2026,6.9,12.0,9.2,online,Manuale
12,Roccacaramanico,14/05/2026,14/05/2026,7.6,15.8,1.4,online,Manuale
12,Roccacaramanico,15/05/2026,15/05/2026,8.4,14.1,2.0,online,Manuale
12,Roccacaramanico,16/05/2026,16/05/2026,4.1,11.3,29.8,online,Manuale
12,Roccacaramanico,17/05/2026,17/05/2026,5.6,13.7,0.0,online,Manuale
12,Roccacaramanico,18/05/2026,18/05/2026,7.8,15.1,0.6,online,Manuale
12,Roccacaramanico,19/05/2026,19/05/2026,8.2,16.2,1.2,online,Manuale
12,Roccacaramanico,20/05/2026,20/05/2026,8.2,17.3,0.0,online,Manuale
12,Roccacaramanico,21/05/2026,21/05/2026,9.9,16.1,0.0,online,Manuale
12,Roccacaramanico,22/05/2026,22/05/2026,10.2,16.9,0.0,online,Manuale
12,Roccacaramanico,23/05/2026,23/05/2026,10.7,18.3,0.0,online,Manuale
12,Roccacaramanico,24/05/2026,24/05/2026,11.7,19.7,0.0,online,Manuale
12,Roccacaramanico,25/05/2026,25/05/2026,12.9,20.9,0.0,online,Manuale
12,Roccacaramanico,26/05/2026,26/05/2026,15.4,22.8,0.0,online,Manuale
12,Roccacaramanico,27/05/2026,27/05/2026,15.6,24.9,0.0,online,Manuale
12,Roccacaramanico,28/05/2026,28/05/2026,17.4,23.6,0.0,online,Manuale
12,Roccacaramanico,29/05/2026,29/05/2026,14.8,20.6,0.0,online,Manuale
12,Roccacaramanico,30/05/2026,30/05/2026,12.7,22.5,0.0,online,Manuale
12,Roccacaramanico,31/05/2026,31/05/2026,15.6,23.1,0.0,online,Manuale
12,Roccacaramanico,01/06/2026,01/06/2026,12.8,23.4,0.0,online,Manuale
12,Roccacaramanico,02/06/2026,02/06/2026,15.1,22.8,0.0,online,Manuale
12,Roccacaramanico,03/06/2026,03/06/2026,11.4,19.6,16.2,online,Manuale
12,Roccacaramanico,04/06/2026,04/06/2026,10.9,21.1,0.0,online,Manuale
12,Roccacaramanico,05/06/2026,05/06/2026,13.7,22.9,0.0,online,Manuale
12,Roccacaramanico,06/06/2026,06/06/2026,14.5,23.2,0.0,online,Manuale
12,Roccacaramanico,07/06/2026,07/06/2026,14.2,21.5,0.0,online,Manuale
12,Roccacaramanico,08/06/2026,08/06/2026,15.3,23.6,0.0,online,Manuale
12,Roccacaramanico,09/06/2026,09/06/2026,16.1,25.2,0.0,online,Manuale
12,Roccacaramanico,10/06/2026,10/06/2026,17.4,26.7,0.0,online,Manuale
12,Roccacaramanico,11/06/2026,11/06/2026,12.6,20.5,1.0,online,Manuale
12,Roccacaramanico,12/06/2026,12/06/2026,10.2,18.8,0.0,online,Manuale
12,Roccacaramanico,13/06/2026,13/06/2026,12.1,22.9,0.0,online,Manuale
12,Roccacaramanico,14/06/2026,14/06/2026,16.6,26.3,0.0,online,Manuale
12,Roccacaramanico,15/06/2026,15/06/2026,16.4,25.3,0.0,online,Manuale
12,Roccacaramanico,16/06/2026,16/06/2026,16.3,22.9,0.0,online,Manuale
12,Roccacaramanico,17/06/2026,17/06/2026,16.7,24.9,0.0,online,Manuale
12,Roccacaramanico,18/06/2026,18/06/2026,17.3,26.5,0.0,online,Manuale
12,Roccacaramanico,19/06/2026,19/06/2026,18.5,26.6,0.0,online,Manuale
12,Roccacaramanico,20/06/2026,20/06/2026,18.7,28.7,0.0,online,Manuale
12,Roccacaramanico,21/06/2026,21/06/2026,19.6,25.2,0.0,online,Manuale
12,Roccacaramanico,22/06/2026,22/06/2026,18.9,22.2,0.0,online,Manuale
12,Roccacaramanico,23/06/2026,23/06/2026,19.1,22.3,0.0,online,Manuale
12,Roccacaramanico,24/06/2026,24/06/2026,19.1,24.7,0.0,online,Manuale
12,Roccacaramanico,25/06/2026,25/06/2026,18.2,25.8,0.0,online,Manuale
12,Roccacaramanico,26/06/2026,26/06/2026,18.4,27.1,0.0,online,Manuale
12,Roccacaramanico,27/06/2026,27/06/2026,19.8,28.8,0.0,online,Manuale
12,Roccacaramanico,28/06/2026,28/06/2026,22.2,27.7,0.0,online,Manuale
12,Roccacaramanico,29/06/2026,29/06/2026,21.9,30.4,0.0,online,Manuale
12,Roccacaramanico,30/06/2026,30/06/2026,19.1,27.6,0.2,online,Manuale
12,Roccacaramanico,01/07/2026,01/07/2026,20.3,28.4,0.0,online,Manuale
12,Roccacaramanico,02/07/2026,02/07/2026,16.2,21.7,0.6,online,Manuale
12,Roccacaramanico,03/07/2026,03/07/2026,14.6,23.6,0.0,online,Manuale
12,Roccacaramanico,04/07/2026,04/07/2026,15.8,22.9,0.0,online,Manuale
12,Roccacaramanico,05/07/2026,05/07/2026,15.7,25.7,0.0,online,Manuale
12,Roccacaramanico,06/07/2026,06/07/2026,15.7,25.5,4.4,online,Manuale
12,Roccacaramanico,07/07/2026,07/07/2026,16.5,25.7,0.0,online,Manuale
12,Roccacaramanico,08/07/2026,08/07/2026,19.3,28.8,0.0,online,Manuale
12,Roccacaramanico,09/07/2026,09/07/2026,17.4,25.0,2.8,online,Manuale
12,Roccacaramanico,10/07/2026,10/07/2026,16.6,26.4,0.0,online,Manuale
12,Roccacaramanico,11/07/2026,11/07/2026,20.2,29.7,0.0,online,Manuale
12,Roccacaramanico,12/07/2026,12/07/2026,16.8,27.6,0.0,online,Manuale
12,Roccacaramanico,13/07/2026,13/07/2026,16.8,27.6,0.0,online,Manuale
12,Roccacaramanico,14/07/2026,14/07/2026,21.1,30.8,0.0,online,Manuale
12,Roccacaramanico,15/07/2026,15/07/2026,22.1,29.7,0.0,online,Manuale
12,Roccacaramanico,16/07/2026,16/07/2026,18.8,28.5,0.0,online,Manuale
12,Roccacaramanico,17/07/2026,17/07/2026,24.2,34.2,0.0,online,Manuale
12,Roccacaramanico,18/07/2026,18/07/2026,23.6,32.3,0.0,online,Manuale
12,Roccacaramanico,19/07/2026,19/07/2026,23.3,32.5,0.0,online,Manuale
12,Roccacaramanico,20/07/2026,20/07/2026,20.7,30.4,0.0,online,Manuale
12,Roccacaramanico,21/07/2026,21/07/2026,18.0,31.2,4.0,online,Manuale
12,Roccacaramanico,22/07/2026,22/07/2026,14.2,19.3,2.8,online,Manuale
12,Roccacaramanico,23/07/2026,23/07/2026,12.8,23.3,13.8,online,Manuale
12,Roccacaramanico,24/07/2026,24/07/2026,12.4,24.2,0.0,online,Manuale
12,Roccacaramanico,25/07/2026,25/07/2026,12.4,25.3,0.0,online,Manuale
12,Roccacaramanico,26/07/2026,26/07/2026,19.8,26.8,0.0,online,Manuale
12,Roccacaramanico,27/07/2026,27/07/2026,19.1,25.7,0.0,online,Manuale
12,Roccacaramanico,28/07/2026,28/07/2026,18.1,26.1,0.0,online,Manuale
12,Roccacaramanico,29/07/2026,29/07/2026,18.8,27.4,0.0,online,Manuale
12,Roccacaramanico,30/07/2026,30/07/2026,21.1,28.7,0.0,online,Manuale
12,Roccacaramanico,31/07/2026,31/07/2026,21.1,28.9,0.0,online,Manuale
13,Campo di Giove,01/04/2026,01/04/2026,-0.9,0.6,0.2,online,Manuale
13,Campo di Giove,02/04/2026,02/04/2026,0.3,2.9,30.8,online,Manuale
13,Campo di Giove,03/04/2026,03/04/2026,1.2,4.3,19.4,online,Manuale
13,Campo di Giove,04/04/2026,04/04/2026,1.2,10.5,0.0,online,Manuale
13,Campo di Giove,05/04/2026,05/04/2026,2.9,15.6,0.0,online,Manuale
13,Campo di Giove,06/04/2026,06/04/2026,5.8,19.0,0.0,online,Manuale
13,Campo di Giove,07/04/2026,07/04/2026,5.8,18.9,0.0,online,Manuale
13,Campo di Giove,08/04/2026,08/04/2026,6.3,18.8,0.0,online,Manuale
13,Campo di Giove,09/04/2026,09/04/2026,5.7,18.6,0.0,online,Manuale
13,Campo di Giove,10/04/2026,10/04/2026,6.4,19.5,0.0,online,Manuale
13,Campo di Giove,11/04/2026,11/04/2026,7.4,20.5,0.0,online,Manuale
13,Campo di Giove,12/04/2026,12/04/2026,8.9,17.6,0.0,online,Manuale
13,Campo di Giove,13/04/2026,13/04/2026,8.3,16.0,4.0,online,Manuale
13,Campo di Giove,14/04/2026,14/04/2026,8.8,16.2,13.0,online,Manuale
13,Campo di Giove,15/04/2026,15/04/2026,8.0,13.1,14.2,online,Manuale
13,Campo di Giove,16/04/2026,16/04/2026,7.9,12.7,1.2,online,Manuale
13,Campo di Giove,17/04/2026,17/04/2026,6.7,17.3,0.0,online,Manuale
13,Campo di Giove,18/04/2026,18/04/2026,6.2,16.3,0.0,online,Manuale
13,Campo di Giove,19/04/2026,19/04/2026,5.8,19.8,0.0,online,Manuale
13,Campo di Giove,20/04/2026,20/04/2026,8.1,20.1,0.0,online,Manuale
13,Campo di Giove,21/04/2026,21/04/2026,7.1,18.3,5.0,online,Manuale
13,Campo di Giove,22/04/2026,22/04/2026,3.2,7.4,6.0,online,Manuale
13,Campo di Giove,23/04/2026,23/04/2026,1.3,10.6,0.0,online,Manuale
13,Campo di Giove,24/04/2026,24/04/2026,2.4,16.6,0.0,online,Manuale
13,Campo di Giove,25/04/2026,25/04/2026,6.1,20.8,0.0,online,Manuale
13,Campo di Giove,26/04/2026,26/04/2026,7.8,19.7,0.0,online,Manuale
13,Campo di Giove,27/04/2026,27/04/2026,8.9,19.7,0.0,online,Manuale
13,Campo di Giove,28/04/2026,28/04/2026,9.5,19.8,0.0,online,Manuale
13,Campo di Giove,29/04/2026,29/04/2026,8.1,21.0,0.0,online,Manuale
13,Campo di Giove,30/04/2026,30/04/2026,7.6,11.6,13.2,online,Manuale
13,Campo di Giove,01/05/2026,01/05/2026,1.4,10.2,0.0,online,Manuale
13,Campo di Giove,02/05/2026,02/05/2026,2.0,14.2,0.0,online,Manuale
13,Campo di Giove,03/05/2026,03/05/2026,5.5,20.2,0.0,online,Manuale
13,Campo di Giove,04/05/2026,04/05/2026,8.3,18.8,0.0,online,Manuale
13,Campo di Giove,05/05/2026,05/05/2026,9.4,16.8,1.0,online,Manuale
13,Campo di Giove,06/05/2026,06/05/2026,9.4,17.9,0.0,online,Manuale
13,Campo di Giove,07/05/2026,07/05/2026,9.5,17.8,1.0,online,Manuale
13,Campo di Giove,08/05/2026,08/05/2026,9.4,14.3,0.6,online,Manuale
13,Campo di Giove,09/05/2026,09/05/2026,7.7,18.3,0.0,online,Manuale
13,Campo di Giove,10/05/2026,10/05/2026,10.0,18.2,10.2,online,Manuale
13,Campo di Giove,11/05/2026,11/05/2026,9.9,18.5,0.0,online,Manuale
13,Campo di Giove,12/05/2026,12/05/2026,8.6,18.6,0.0,online,Manuale
13,Campo di Giove,13/05/2026,13/05/2026,5.7,15.7,7.2,online,Manuale
13,Campo di Giove,14/05/2026,14/05/2026,5.7,16.1,3.2,online,Manuale
13,Campo di Giove,15/05/2026,15/05/2026,6.7,13.9,8.2,online,Manuale
13,Campo di Giove,16/05/2026,16/05/2026,2.4,10.8,25.6,online,Manuale
13,Campo di Giove,17/05/2026,17/05/2026,3.3,13.7,0.0,online,Manuale
13,Campo di Giove,18/05/2026,18/05/2026,7.0,13.4,0.0,online,Manuale
13,Campo di Giove,19/05/2026,19/05/2026,6.9,16.8,0.6,online,Manuale
13,Campo di Giove,20/05/2026,20/05/2026,7.1,16.9,0.0,online,Manuale
13,Campo di Giove,21/05/2026,21/05/2026,8.1,18.1,0.0,online,Manuale
13,Campo di Giove,22/05/2026,22/05/2026,8.1,18.7,0.0,online,Manuale
13,Campo di Giove,23/05/2026,23/05/2026,8.7,18.3,0.0,online,Manuale
13,Campo di Giove,24/05/2026,24/05/2026,10.1,21.3,0.0,online,Manuale
13,Campo di Giove,25/05/2026,25/05/2026,11.4,21.8,0.0,online,Manuale
13,Campo di Giove,26/05/2026,26/05/2026,13.3,23.8,0.0,online,Manuale
13,Campo di Giove,27/05/2026,27/05/2026,14.1,26.6,0.0,online,Manuale
13,Campo di Giove,28/05/2026,28/05/2026,15.5,25.4,0.0,online,Manuale
13,Campo di Giove,29/05/2026,29/05/2026,13.6,21.4,0.0,online,Manuale
13,Campo di Giove,30/05/2026,30/05/2026,11.1,23.5,0.0,online,Manuale
13,Campo di Giove,31/05/2026,31/05/2026,13.2,23.2,0.0,online,Manuale
13,Campo di Giove,01/06/2026,01/06/2026,14.2,25.2,0.0,online,Manuale
13,Campo di Giove,02/06/2026,02/06/2026,13.6,23.1,0.0,online,Manuale
13,Campo di Giove,03/06/2026,03/06/2026,11.3,21.0,5.4,online,Manuale
13,Campo di Giove,04/06/2026,04/06/2026,9.1,23.9,0.2,online,Manuale
13,Campo di Giove,05/06/2026,05/06/2026,11.7,23.2,0.0,online,Manuale
13,Campo di Giove,06/06/2026,06/06/2026,12.6,22.6,0.0,online,Manuale
13,Campo di Giove,07/06/2026,07/06/2026,12.6,23.1,0.0,online,Manuale
13,Campo di Giove,08/06/2026,08/06/2026,13.9,24.4,0.0,online,Manuale
13,Campo di Giove,09/06/2026,09/06/2026,14.2,26.9,0.0,online,Manuale
13,Campo di Giove,10/06/2026,10/06/2026,14.9,26.6,0.0,online,Manuale
13,Campo di Giove,11/06/2026,11/06/2026,13.4,22.6,0.0,online,Manuale
13,Campo di Giove,12/06/2026,12/06/2026,10.1,20.4,0.0,online,Manuale
13,Campo di Giove,13/06/2026,13/06/2026,11.5,25.7,0.0,online,Manuale
13,Campo di Giove,14/06/2026,14/06/2026,14.7,27.7,0.0,online,Manuale
13,Campo di Giove,15/06/2026,15/06/2026,13.3,26.4,0.0,online,Manuale
13,Campo di Giove,16/06/2026,16/06/2026,14.4,24.3,0.0,online,Manuale
13,Campo di Giove,17/06/2026,17/06/2026,14.3,27.3,0.0,online,Manuale
13,Campo di Giove,18/06/2026,18/06/2026,15.3,26.7,0.0,online,Manuale
13,Campo di Giove,19/06/2026,19/06/2026,16.3,27.3,0.0,online,Manuale
13,Campo di Giove,20/06/2026,20/06/2026,16.8,29.3,0.0,online,Manuale
13,Campo di Giove,21/06/2026,21/06/2026,17.8,29.0,0.0,online,Manuale
13,Campo di Giove,22/06/2026,22/06/2026,16.3,25.3,14.2,online,Manuale
13,Campo di Giove,23/06/2026,23/06/2026,15.9,26.1,0.0,online,Manuale
13,Campo di Giove,24/06/2026,24/06/2026,16.0,26.8,0.0,online,Manuale
13,Campo di Giove,25/06/2026,25/06/2026,16.4,26.9,0.2,online,Manuale
13,Campo di Giove,26/06/2026,26/06/2026,16.6,28.0,0.0,online,Manuale
13,Campo di Giove,27/06/2026,27/06/2026,17.9,28.7,0.0,online,Manuale
13,Campo di Giove,28/06/2026,28/06/2026,20.3,29.2,0.0,online,Manuale
13,Campo di Giove,29/06/2026,29/06/2026,20.3,30.3,0.0,online,Manuale
13,Campo di Giove,30/06/2026,30/06/2026,18.2,28.0,5.4,online,Manuale
13,Campo di Giove,01/07/2026,01/07/2026,16.8,29.1,0.0,online,Manuale
13,Campo di Giove,02/07/2026,02/07/2026,14.9,21.3,1.0,online,Manuale
13,Campo di Giove,03/07/2026,03/07/2026,13.4,19.0,0.0,online,Manuale
13,Campo di Giove,04/07/2026,04/07/2026,13.9,24.3,0.0,online,Manuale
13,Campo di Giove,05/07/2026,05/07/2026,14.0,26.1,0.0,online,Manuale
13,Campo di Giove,06/07/2026,06/07/2026,13.1,26.2,6.0,online,Manuale
13,Campo di Giove,07/07/2026,07/07/2026,12.8,27.7,0.0,online,Manuale
13,Campo di Giove,08/07/2026,08/07/2026,16.9,28.9,0.0,online,Manuale
13,Campo di Giove,09/07/2026,09/07/2026,17.1,25.9,0.0,online,Manuale
13,Campo di Giove,10/07/2026,10/07/2026,16.2,28.6,11.0,online,Manuale
13,Campo di Giove,11/07/2026,11/07/2026,20.2,29.7,0.0,online,Manuale
13,Campo di Giove,12/07/2026,12/07/2026,15.7,25.6,0.0,online,Manuale
13,Campo di Giove,13/07/2026,13/07/2026,15.7,29.4,0.0,online,Manuale
13,Campo di Giove,14/07/2026,14/07/2026,19.0,31.7,0.0,online,Manuale
13,Campo di Giove,15/07/2026,15/07/2026,19.7,32.9,0.0,online,Manuale
13,Campo di Giove,16/07/2026,16/07/2026,20.3,33.0,0.0,online,Manuale
13,Campo di Giove,17/07/2026,17/07/2026,21.4,35.4,0.0,online,Manuale
13,Campo di Giove,18/07/2026,18/07/2026,21.1,33.2,0.0,online,Manuale
13,Campo di Giove,19/07/2026,19/07/2026,20.3,33.4,0.0,online,Manuale
13,Campo di Giove,20/07/2026,20/07/2026,20.9,33.7,0.0,online,Manuale
13,Campo di Giove,21/07/2026,21/07/2026,19.5,32.8,0.8,online,Manuale
13,Campo di Giove,22/07/2026,22/07/2026,15.3,23.2,0.0,online,Manuale
13,Campo di Giove,23/07/2026,23/07/2026,12.9,27.4,11.2,online,Manuale
13,Campo di Giove,24/07/2026,24/07/2026,12.6,21.1,0.0,online,Manuale
13,Campo di Giove,25/07/2026,25/07/2026,10.9,27.7,0.0,online,Manuale
13,Campo di Giove,26/07/2026,26/07/2026,16.8,28.2,0.0,online,Manuale
13,Campo di Giove,27/07/2026,27/07/2026,16.6,26.5,0.0,online,Manuale
13,Campo di Giove,28/07/2026,28/07/2026,17.3,27.1,0.0,online,Manuale
13,Campo di Giove,29/07/2026,29/07/2026,17.6,29.4,0.0,online,Manuale
13,Campo di Giove,30/07/2026,30/07/2026,19.3,29.6,0.0,online,Manuale
13,Campo di Giove,31/07/2026,31/07/2026,18.7,26.8,0.0,online,Manuale
14,Bosco di Sant'Antonio,01/04/2026,01/04/2026,-2.0,-0.3,0.0,online,Manuale
14,Bosco di Sant'Antonio,02/04/2026,02/04/2026,-0.2,0.6,0.2,online,Manuale
14,Bosco di Sant'Antonio,03/04/2026,03/04/2026,0.2,2.4,17.6,online,Manuale
14,Bosco di Sant'Antonio,04/04/2026,04/04/2026,-1.8,8.7,4.6,online,Manuale
14,Bosco di Sant'Antonio,05/04/2026,05/04/2026,-0.6,12.8,0.0,online,Manuale
14,Bosco di Sant'Antonio,06/04/2026,06/04/2026,1.7,16.3,0.0,online,Manuale
14,Bosco di Sant'Antonio,07/04/2026,07/04/2026,3.2,16.4,0.0,online,Manuale
14,Bosco di Sant'Antonio,08/04/2026,08/04/2026,2.5,16.4,0.0,online,Manuale
14,Bosco di Sant'Antonio,09/04/2026,09/04/2026,2.0,16.5,0.0,online,Manuale
14,Bosco di Sant'Antonio,10/04/2026,10/04/2026,3.5,16.9,0.0,online,Manuale
14,Bosco di Sant'Antonio,11/04/2026,11/04/2026,2.9,18.6,0.0,online,Manuale
14,Bosco di Sant'Antonio,12/04/2026,12/04/2026,3.7,16.2,0.0,online,Manuale
14,Bosco di Sant'Antonio,13/04/2026,13/04/2026,4.3,13.4,9.8,online,Manuale
14,Bosco di Sant'Antonio,14/04/2026,14/04/2026,6.0,15.6,2.4,online,Manuale
14,Bosco di Sant'Antonio,15/04/2026,15/04/2026,5.4,11.1,7.8,online,Manuale
14,Bosco di Sant'Antonio,16/04/2026,16/04/2026,5.8,11.4,0.8,online,Manuale
14,Bosco di Sant'Antonio,17/04/2026,17/04/2026,4.6,14.8,0.0,online,Manuale
14,Bosco di Sant'Antonio,18/04/2026,18/04/2026,2.8,140,0.0,online,Manuale
14,Bosco di Sant'Antonio,19/04/2026,19/04/2026,1.6,17.6,0.0,online,Manuale
14,Bosco di Sant'Antonio,20/04/2026,20/04/2026,5.7,16.2,0.0,online,Manuale
14,Bosco di Sant'Antonio,21/04/2026,21/04/2026,5.5,14.8,6.2,online,Manuale
14,Bosco di Sant'Antonio,22/04/2026,22/04/2026,0.7,5.8,10.4,online,Manuale
14,Bosco di Sant'Antonio,23/04/2026,23/04/2026,-0.7,8.1,0.0,online,Manuale
14,Bosco di Sant'Antonio,24/04/2026,24/04/2026,-0.9,13.7,0.0,online,Manuale
14,Bosco di Sant'Antonio,25/04/2026,25/04/2026,1.8,19.2,0.0,online,Manuale
14,Bosco di Sant'Antonio,26/04/2026,26/04/2026,4.3,19.1,0.0,online,Manuale
14,Bosco di Sant'Antonio,27/04/2026,27/04/2026,4.6,16.3,0.8,online,Manuale
14,Bosco di Sant'Antonio,28/04/2026,28/04/2026,4.9,20.1,0.0,online,Manuale
14,Bosco di Sant'Antonio,29/04/2026,29/04/2026,4.0,18.6,0.0,online,Manuale
14,Bosco di Sant'Antonio,30/04/2026,30/04/2026,4.3,9.7,9.0,online,Manuale
14,Bosco di Sant'Antonio,01/05/2026,01/05/2026,-1.1,7.6,0.0,online,Manuale
14,Bosco di Sant'Antonio,02/05/2026,02/05/2026,-1.2,11.9,0.0,online,Manuale
14,Bosco di Sant'Antonio,03/05/2026,03/05/2026,0.7,17.4,0.0,online,Manuale
14,Bosco di Sant'Antonio,04/05/2026,04/05/2026,5.1,18.4,0.0,online,Manuale
14,Bosco di Sant'Antonio,05/05/2026,05/05/2026,5.0,14.4,1.4,online,Manuale
14,Bosco di Sant'Antonio,06/05/2026,06/05/2026,5.8,15.7,0.0,online,Manuale
14,Bosco di Sant'Antonio,07/05/2026,07/05/2026,7.8,15.4,6.4,online,Manuale
14,Bosco di Sant'Antonio,08/05/2026,08/05/2026,6.2,13.3,0.0,online,Manuale
14,Bosco di Sant'Antonio,09/05/2026,09/05/2026,4.7,17.3,0.0,online,Manuale
14,Bosco di Sant'Antonio,10/05/2026,10/05/2026,7.7,16.7,11.0,online,Manuale
14,Bosco di Sant'Antonio,11/05/2026,11/05/2026,7.6,16.3,0.0,online,Manuale
14,Bosco di Sant'Antonio,12/05/2026,12/05/2026,5.8,15.9,0.0,online,Manuale
14,Bosco di Sant'Antonio,13/05/2026,13/05/2026,3.3,12.9,7.4,online,Manuale
14,Bosco di Sant'Antonio,14/05/2026,14/05/2026,2.7,14.6,0.0,online,Manuale
14,Bosco di Sant'Antonio,15/05/2026,15/05/2026,5.9,12.3,7.0,online,Manuale
14,Bosco di Sant'Antonio,16/05/2026,16/05/2026,0.0,0.0,0.0,offline,Manuale
14,Bosco di Sant'Antonio,17/05/2026,17/05/2026,0.0,0.0,0.0,offline,Manuale
14,Bosco di Sant'Antonio,18/05/2026,18/05/2026,0.0,0.0,0.0,offline,Manuale
14,Bosco di Sant'Antonio,19/05/2026,19/05/2026,0.0,0.0,0.0,offline,Manuale
14,Bosco di Sant'Antonio,20/05/2026,20/05/2026,0.0,0.0,0.0,offline,Manuale
14,Bosco di Sant'Antonio,21/05/2026,21/05/2026,0.0,0.0,0.0,offline,Manuale
14,Bosco di Sant'Antonio,22/05/2026,22/05/2026,0.0,0.0,0.0,offline,Manuale
14,Bosco di Sant'Antonio,23/05/2026,23/05/2026,0.0,0.0,0.0,offline,Manuale
14,Bosco di Sant'Antonio,24/05/2026,24/05/2026,0.0,0.0,0.0,offline,Manuale
14,Bosco di Sant'Antonio,25/05/2026,25/05/2026,0.0,0.0,0.0,offline,Manuale
14,Bosco di Sant'Antonio,26/05/2026,26/05/2026,0.0,0.0,0.0,offline,Manuale
14,Bosco di Sant'Antonio,27/05/2026,27/05/2026,0.0,0.0,0.0,offline,Manuale
14,Bosco di Sant'Antonio,28/05/2026,28/05/2026,0.0,0.0,0.0,offline,Manuale
14,Bosco di Sant'Antonio,29/05/2026,29/05/2026,0.0,0.0,0.0,offline,Manuale
14,Bosco di Sant'Antonio,30/05/2026,30/05/2026,0.0,0.0,0.0,offline,Manuale
14,Bosco di Sant'Antonio,31/05/2026,31/05/2026,0.0,0.0,0.0,offline,Manuale
14,Bosco di Sant'Antonio,01/06/2026,01/06/2026,10.3,22.1,6.2,online,Manuale
14,Bosco di Sant'Antonio,02/06/2026,02/06/2026,9.6,21.4,0.0,online,Manuale
14,Bosco di Sant'Antonio,03/06/2026,03/06/2026,8.5,18.5,6.6,online,Manuale
14,Bosco di Sant'Antonio,04/06/2026,04/06/2026,6.3,21.9,0.0,online,Manuale
14,Bosco di Sant'Antonio,05/06/2026,05/06/2026,6.6,21.2,0.0,online,Manuale
14,Bosco di Sant'Antonio,06/06/2026,06/06/2026,9.2,20.1,0.0,online,Manuale
14,Bosco di Sant'Antonio,07/06/2026,07/06/2026,8.6,21.6,0.0,online,Manuale
14,Bosco di Sant'Antonio,08/06/2026,08/06/2026,9.9,22.9,0.0,online,Manuale
14,Bosco di Sant'Antonio,09/06/2026,09/06/2026,10.1,24.4,0.0,online,Manuale
14,Bosco di Sant'Antonio,10/06/2026,10/06/2026,11.2,24.6,0.0,online,Manuale
14,Bosco di Sant'Antonio,11/06/2026,11/06/2026,10.9,21.3,0.0,online,Manuale
14,Bosco di Sant'Antonio,12/06/2026,12/06/2026,7.5,18.2,0.0,online,Manuale
14,Bosco di Sant'Antonio,13/06/2026,13/06/2026,7.0,23.5,0.0,online,Manuale
14,Bosco di Sant'Antonio,14/06/2026,14/06/2026,10.0,24.8,0.0,online,Manuale
14,Bosco di Sant'Antonio,15/06/2026,15/06/2026,9.5,23.9,0.0,online,Manuale
14,Bosco di Sant'Antonio,16/06/2026,16/06/2026,10.1,22.8,3.6,online,Manuale
14,Bosco di Sant'Antonio,17/06/2026,17/06/2026,10.6,23.8,0.2,online,Manuale
14,Bosco di Sant'Antonio,18/06/2026,18/06/2026,10.1,25.5,0.0,online,Manuale
14,Bosco di Sant'Antonio,19/06/2026,19/06/2026,11.2,25.6,0.0,online,Manuale
14,Bosco di Sant'Antonio,20/06/2026,20/06/2026,11.3,27.1,0.0,online,Manuale
14,Bosco di Sant'Antonio,21/06/2026,21/06/2026,12.9,26.2,0.0,online,Manuale
14,Bosco di Sant'Antonio,22/06/2026,22/06/2026,12.6,15.2,19.6,online,Manuale
14,Bosco di Sant'Antonio,23/06/2026,23/06/2026,11.9,18.7,0.0,online,Manuale
14,Bosco di Sant'Antonio,24/06/2026,24/06/2026,11.9,24.0,0.0,online,Manuale
14,Bosco di Sant'Antonio,25/06/2026,25/06/2026,11.9,24.6,0.0,online,Manuale
14,Bosco di Sant'Antonio,26/06/2026,26/06/2026,12.4,26.4,0.0,online,Manuale
14,Bosco di Sant'Antonio,27/06/2026,27/06/2026,13.6,28.7,0.0,online,Manuale
14,Bosco di Sant'Antonio,28/06/2026,28/06/2026,13.6,28.9,0.0,online,Manuale
14,Bosco di Sant'Antonio,29/06/2026,29/06/2026,14.7,27.8,0.0,online,Manuale
14,Bosco di Sant'Antonio,30/06/2026,30/06/2026,10.3,27.8,20.2,online,Manuale
14,Bosco di Sant'Antonio,01/07/2026,01/07/2026,10.5,26.8,0.2,online,Manuale
14,Bosco di Sant'Antonio,02/07/2026,02/07/2026,12.3,19.7,0.0,online,Manuale
14,Bosco di Sant'Antonio,03/07/2026,03/07/2026,11.4,21.7,0.0,online,Manuale
14,Bosco di Sant'Antonio,04/07/2026,04/07/2026,10.1,22.4,0.0,online,Manuale
14,Bosco di Sant'Antonio,05/07/2026,05/07/2026,9.2,25.4,0.0,online,Manuale
14,Bosco di Sant'Antonio,06/07/2026,06/07/2026,10.6,24.9,23.2,online,Manuale
14,Bosco di Sant'Antonio,07/07/2026,07/07/2026,9.8,25.3,0.2,online,Manuale
14,Bosco di Sant'Antonio,08/07/2026,08/07/2026,12.8,26.5,0.0,online,Manuale
14,Bosco di Sant'Antonio,09/07/2026,09/07/2026,12.7,24.2,0.0,online,Manuale
14,Bosco di Sant'Antonio,10/07/2026,10/07/2026,9.3,26.5,2.6,online,Manuale
14,Bosco di Sant'Antonio,11/07/2026,11/07/2026,12.7,27.7,0.0,online,Manuale
14,Bosco di Sant'Antonio,12/07/2026,12/07/2026,11.7,27.8,0.0,online,Manuale
14,Bosco di Sant'Antonio,13/07/2026,13/07/2026,11.7,27.9,0.0,online,Manuale
14,Bosco di Sant'Antonio,14/07/2026,14/07/2026,13.9,30.2,0.0,online,Manuale
14,Bosco di Sant'Antonio,15/07/2026,15/07/2026,15.3,31.2,0.0,online,Manuale
14,Bosco di Sant'Antonio,16/07/2026,16/07/2026,14.6,31.4,0.0,online,Manuale
14,Bosco di Sant'Antonio,17/07/2026,17/07/2026,15.4,33.3,0.0,online,Manuale
14,Bosco di Sant'Antonio,18/07/2026,18/07/2026,16.9,30.9,0.0,online,Manuale
14,Bosco di Sant'Antonio,19/07/2026,19/07/2026,16.4,31.2,0.0,online,Manuale
14,Bosco di Sant'Antonio,20/07/2026,20/07/2026,15.8,31.5,0.0,online,Manuale
14,Bosco di Sant'Antonio,21/07/2026,21/07/2026,15.9,30.4,0.4,online,Manuale
14,Bosco di Sant'Antonio,22/07/2026,22/07/2026,11.6,22.1,0.0,online,Manuale
14,Bosco di Sant'Antonio,23/07/2026,23/07/2026,10.8,24.4,11.0,online,Manuale
14,Bosco di Sant'Antonio,24/07/2026,24/07/2026,8.8,19.0,0.0,online,Manuale
14,Bosco di Sant'Antonio,25/07/2026,25/07/2026,5.9,26.2,0.0,online,Manuale
14,Bosco di Sant'Antonio,26/07/2026,26/07/2026,13.3,26.6,0.0,online,Manuale
14,Bosco di Sant'Antonio,27/07/2026,27/07/2026,14.5,24.4,0.0,online,Manuale
14,Bosco di Sant'Antonio,28/07/2026,28/07/2026,12.6,25.6,0.0,online,Manuale
14,Bosco di Sant'Antonio,29/07/2026,29/07/2026,12.8,28.6,0.0,online,Manuale
14,Bosco di Sant'Antonio,30/07/2026,30/07/2026,14.5,28.6,0.0,online,Manuale
14,Bosco di Sant'Antonio,31/07/2026,31/07/2026,13.7,28.9,0.0,online,Manuale
15,Palena Stazione,01/04/2026,01/04/2026,-1.6,0.1,0.0,online,Manuale
15,Palena Stazione,02/04/2026,02/04/2026,0.0,0.7,0.0,online,Manuale
15,Palena Stazione,03/04/2026,03/04/2026,0.6,2.6,29.8,online,Manuale
15,Palena Stazione,04/04/2026,04/04/2026,0.7,8.9,14.4,online,Manuale
15,Palena Stazione,05/04/2026,05/04/2026,-3.9,13.3,0.0,online,Manuale
15,Palena Stazione,06/04/2026,06/04/2026,-3.2,15.6,0.0,online,Manuale
15,Palena Stazione,07/04/2026,07/04/2026,0.1,16.7,0.0,online,Manuale
15,Palena Stazione,08/04/2026,08/04/2026,0.8,15.6,0.0,online,Manuale
15,Palena Stazione,09/04/2026,09/04/2026,-0.9,16.3,0.0,online,Manuale
15,Palena Stazione,10/04/2026,10/04/2026,-0.2,15.3,0.0,online,Manuale
15,Palena Stazione,11/04/2026,11/04/2026,-0.3,15.8,0.0,online,Manuale
15,Palena Stazione,12/04/2026,12/04/2026,0.2,14.4,0.0,online,Manuale
15,Palena Stazione,13/04/2026,13/04/2026,3.7,11.3,4.6,online,Manuale
15,Palena Stazione,14/04/2026,14/04/2026,4.1,13.2,9.0,online,Manuale
15,Palena Stazione,15/04/2026,15/04/2026,5.3,10.8,9.2,online,Manuale
15,Palena Stazione,16/04/2026,16/04/2026,4.9,10.4,0.6,online,Manuale
15,Palena Stazione,17/04/2026,17/04/2026,4.4,14.2,0.0,online,Manuale
15,Palena Stazione,18/04/2026,18/04/2026,0.0,0.0,0.0,offline,Manuale
15,Palena Stazione,19/04/2026,19/04/2026,1.3,18.3,0.0,online,Manuale
15,Palena Stazione,20/04/2026,20/04/2026,4.8,18.6,0.0,online,Manuale
15,Palena Stazione,21/04/2026,21/04/2026,5.9,13.3,9.2,online,Manuale
15,Palena Stazione,22/04/2026,22/04/2026,2.2,6.3,9.0,online,Manuale
15,Palena Stazione,23/04/2026,23/04/2026,0.9,9.4,0.0,online,Manuale
15,Palena Stazione,24/04/2026,24/04/2026,-0.8,15.5,0.0,online,Manuale
15,Palena Stazione,25/04/2026,25/04/2026,-0.2,18.3,0.0,online,Manuale
15,Palena Stazione,26/04/2026,26/04/2026,3.3,18.4,0.0,online,Manuale
15,Palena Stazione,27/04/2026,27/04/2026,3.2,17.1,0.0,online,Manuale
15,Palena Stazione,28/04/2026,28/04/2026,3.4,18.3,0.0,online,Manuale
15,Palena Stazione,29/04/2026,29/04/2026,1.9,20.1,0.0,online,Manuale
15,Palena Stazione,30/04/2026,30/04/2026,4.6,9.8,10.2,online,Manuale
15,Palena Stazione,01/05/2026,01/05/2026,-0.1,8.8,0.0,online,Manuale
15,Palena Stazione,02/05/2026,02/05/2026,-0.4,13.2,0.0,online,Manuale
15,Palena Stazione,03/05/2026,03/05/2026,-2.8,16.9,0.0,online,Manuale
15,Palena Stazione,04/05/2026,04/05/2026,1.3,18.2,0.0,online,Manuale
15,Palena Stazione,05/05/2026,05/05/2026,3.3,14.8,0.6,online,Manuale
15,Palena Stazione,06/05/2026,06/05/2026,4.3,17.1,0.0,online,Manuale
15,Palena Stazione,07/05/2026,07/05/2026,0.0,0.0,0.0,offline,Manuale
15,Palena Stazione,08/05/2026,08/05/2026,0.0,0.0,0.0,offline,Manuale
15,Palena Stazione,09/05/2026,09/05/2026,5.1,17.3,0.0,online,Manuale
15,Palena Stazione,10/05/2026,10/05/2026,7.0,15.7,7.8,online,Manuale
15,Palena Stazione,11/05/2026,11/05/2026,6.9,17.7,0.0,online,Manuale
15,Palena Stazione,12/05/2026,12/05/2026,7.9,17.3,0.0,online,Manuale
15,Palena Stazione,13/05/2026,13/05/2026,5.6,11.4,0.2,online,Manuale
15,Palena Stazione,14/05/2026,14/05/2026,5.8,13.9,0.0,online,Manuale
15,Palena Stazione,15/05/2026,15/05/2026,8.1,12.7,3.4,online,Manuale
15,Palena Stazione,16/05/2026,16/05/2026,1.9,10.3,6.6,online,Manuale
15,Palena Stazione,17/05/2026,17/05/2026,0.7,12.3,0.2,online,Manuale
15,Palena Stazione,18/05/2026,18/05/2026,2.3,12.2,0.0,online,Manuale
15,Palena Stazione,19/05/2026,19/05/2026,1.5,15.0,0.0,online,Manuale
15,Palena Stazione,20/05/2026,20/05/2026,-0.3,14.3,0.0,online,Manuale
15,Palena Stazione,21/05/2026,21/05/2026,3.0,15.8,0.0,online,Manuale
15,Palena Stazione,22/05/2026,22/05/2026,8.2,17.1,0.0,online,Manuale
15,Palena Stazione,23/05/2026,23/05/2026,2.4,16.8,0.0,online,Manuale
15,Palena Stazione,24/05/2026,24/05/2026,5.1,19.7,0.0,online,Manuale
15,Palena Stazione,25/05/2026,25/05/2026,4.3,20.6,0.0,online,Manuale
15,Palena Stazione,26/05/2026,26/05/2026,2.4,22.2,0.0,online,Manuale
15,Palena Stazione,27/05/2026,27/05/2026,2.3,25.1,0.0,online,Manuale
15,Palena Stazione,28/05/2026,28/05/2026,6.4,22.4,18.2,online,Manuale
15,Palena Stazione,29/05/2026,29/05/2026,3.2,19.4,0.2,online,Manuale
15,Palena Stazione,30/05/2026,30/05/2026,1.7,21.7,0.0,online,Manuale
15,Palena Stazione,31/05/2026,31/05/2026,2.7,22.4,0.0,online,Manuale
15,Palena Stazione,01/06/2026,01/06/2026,14.4,21.7,3.2,online,Manuale
15,Palena Stazione,02/06/2026,02/06/2026,10.2,19.9,0.2,online,Manuale
15,Palena Stazione,03/06/2026,03/06/2026,8.8,16.8,6.0,online,Manuale
15,Palena Stazione,04/06/2026,04/06/2026,3.2,21.8,0.2,online,Manuale
15,Palena Stazione,05/06/2026,05/06/2026,4.3,22.2,0.2,online,Manuale
15,Palena Stazione,06/06/2026,06/06/2026,5.2,21.6,0.0,online,Manuale
15,Palena Stazione,07/06/2026,07/06/2026,4.1,21.0,0.0,online,Manuale
15,Palena Stazione,08/06/2026,08/06/2026,5.0,22.2,0.0,online,Manuale
15,Palena Stazione,09/06/2026,09/06/2026,3.9,24.7,0.0,online,Manuale
15,Palena Stazione,10/06/2026,10/06/2026,5.1,24.1,0.0,online,Manuale
15,Palena Stazione,11/06/2026,11/06/2026,11.4,19.1,0.4,online,Manuale
15,Palena Stazione,12/06/2026,12/06/2026,5.4,19.2,0.4,online,Manuale
15,Palena Stazione,13/06/2026,13/06/2026,1.9,22.2,0.0,online,Manuale
15,Palena Stazione,14/06/2026,14/06/2026,4.2,25.5,0.0,online,Manuale
15,Palena Stazione,15/06/2026,15/06/2026,11.7,23.6,0.0,online,Manuale
15,Palena Stazione,16/06/2026,16/06/2026,4.7,23.3,0.0,online,Manuale
15,Palena Stazione,17/06/2026,17/06/2026,4.9,23.7,0.0,online,Manuale
15,Palena Stazione,18/06/2026,18/06/2026,2.3,26.1,0.0,online,Manuale
15,Palena Stazione,19/06/2026,19/06/2026,3.6,26.2,0.0,online,Manuale
15,Palena Stazione,20/06/2026,20/06/2026,3.2,27.2,0.0,online,Manuale
15,Palena Stazione,21/06/2026,21/06/2026,5.3,16.5,0.0,online,Manuale
15,Palena Stazione,22/06/2026,22/06/2026,6.9,21.9,0.0,online,Manuale
15,Palena Stazione,23/06/2026,23/06/2026,5.3,17.7,0.0,online,Manuale
15,Palena Stazione,24/06/2026,24/06/2026,5.3,24.9,0.0,online,Manuale
15,Palena Stazione,25/06/2026,25/06/2026,4.2,26.5,0.0,online,Manuale
15,Palena Stazione,26/06/2026,26/06/2026,5.2,27.4,0.0,online,Manuale
15,Palena Stazione,27/06/2026,27/06/2026,6.2,30.2,0.0,online,Manuale
15,Palena Stazione,28/06/2026,28/06/2026,6.2,30.5,0.0,online,Manuale
15,Palena Stazione,29/06/2026,29/06/2026,8.1,29.2,0.0,online,Manuale
15,Palena Stazione,30/06/2026,30/06/2026,6.1,27.9,9.8,online,Manuale
15,Palena Stazione,01/07/2026,01/07/2026,4.4,27.6,2.8,online,Manuale
15,Palena Stazione,02/07/2026,02/07/2026,12.2,19.6,0.4,online,Manuale
15,Palena Stazione,03/07/2026,03/07/2026,9.1,21.7,0.0,online,Manuale
15,Palena Stazione,04/07/2026,04/07/2026,7.1,22.9,0.0,online,Manuale
15,Palena Stazione,05/07/2026,05/07/2026,4.1,24.1,0.0,online,Manuale
15,Palena Stazione,06/07/2026,06/07/2026,8.1,25.1,11.0,online,Manuale
15,Palena Stazione,07/07/2026,07/07/2026,4.9,26.2,0.2,online,Manuale
15,Palena Stazione,08/07/2026,08/07/2026,10.7,27.8,0.0,online,Manuale
15,Palena Stazione,09/07/2026,09/07/2026,6.5,23.1,0.0,online,Manuale
15,Palena Stazione,10/07/2026,10/07/2026,12.4,27.2,1.2,online,Manuale
15,Palena Stazione,11/07/2026,11/07/2026,13.1,27.6,0.0,online,Manuale
15,Palena Stazione,12/07/2026,12/07/2026,14.8,27.7,0.0,online,Manuale
15,Palena Stazione,13/07/2026,13/07/2026,14.8,27.7,0.0,online,Manuale
15,Palena Stazione,14/07/2026,14/07/2026,23.8,31.2,0.0,online,Manuale
15,Palena Stazione,15/07/2026,15/07/2026,10.1,29.8,0.0,online,Manuale
15,Palena Stazione,16/07/2026,16/07/2026,14.2,29.7,0.0,online,Manuale
15,Palena Stazione,17/07/2026,17/07/2026,8.6,34.2,0.6,online,Manuale
15,Palena Stazione,18/07/2026,18/07/2026,15.6,31.8,0.0,online,Manuale
15,Palena Stazione,19/07/2026,19/07/2026,9.9,32.4,3.4,online,Manuale
15,Palena Stazione,20/07/2026,20/07/2026,9.1,32.6,0.0,online,Manuale
15,Palena Stazione,21/07/2026,21/07/2026,9.7,31.9,0.4,online,Manuale
15,Palena Stazione,22/07/2026,22/07/2026,9.9,20.2,1.0,online,Manuale
15,Palena Stazione,23/07/2026,23/07/2026,7.0,24.0,25.4,online,Manuale
15,Palena Stazione,24/07/2026,24/07/2026,8.8,19.6,0.2,online,Manuale
15,Palena Stazione,25/07/2026,25/07/2026,9.1,23.6,0.0,online,Manuale
15,Palena Stazione,26/07/2026,26/07/2026,11.1,26.8,0.0,online,Manuale
15,Palena Stazione,27/07/2026,27/07/2026,12.4,25.3,0.0,online,Manuale
15,Palena Stazione,28/07/2026,28/07/2026,9.1,26.4,0.0,online,Manuale
15,Palena Stazione,29/07/2026,29/07/2026,6.0,28.4,0.0,online,Manuale
15,Palena Stazione,30/07/2026,30/07/2026,9.1,29.3,0.6,online,Manuale
15,Palena Stazione,31/07/2026,31/07/2026,7.3,29.6,0.0,online,Manuale
16,Pescocostanzo Loc. Vallefura,01/04/2026,01/04/2026,-2.6,-0.2,0.0,online,Manuale
16,Pescocostanzo Loc. Vallefura,02/04/2026,02/04/2026,-0.3,0.2,3.4,online,Manuale
16,Pescocostanzo Loc. Vallefura,03/04/2026,03/04/2026,0.0,2.1,12.8,online,Manuale
16,Pescocostanzo Loc. Vallefura,04/04/2026,04/04/2026,0.4,6.9,4.6,online,Manuale
16,Pescocostanzo Loc. Vallefura,05/04/2026,05/04/2026,1.4,10.4,0.0,online,Manuale
16,Pescocostanzo Loc. Vallefura,06/04/2026,06/04/2026,4.7,11.2,0.0,online,Manuale
16,Pescocostanzo Loc. Vallefura,07/04/2026,07/04/2026,5.8,11.7,0.0,online,Manuale
16,Pescocostanzo Loc. Vallefura,08/04/2026,08/04/2026,5.2,11.4,0.0,online,Manuale
16,Pescocostanzo Loc. Vallefura,09/04/2026,09/04/2026,4.4,12.6,0.0,online,Manuale
16,Pescocostanzo Loc. Vallefura,10/04/2026,10/04/2026,4.9,13.6,0.0,online,Manuale
16,Pescocostanzo Loc. Vallefura,11/04/2026,11/04/2026,5.2,16.2,0.0,online,Manuale
16,Pescocostanzo Loc. Vallefura,12/04/2026,12/04/2026,5.6,14.2,0.0,online,Manuale
16,Pescocostanzo Loc. Vallefura,13/04/2026,13/04/2026,6.6,11.3,9.8,online,Manuale
16,Pescocostanzo Loc. Vallefura,14/04/2026,14/04/2026,5.8,13.3,0.0,online,Manuale
16,Pescocostanzo Loc. Vallefura,15/04/2026,15/04/2026,6.4,10.3,4.6,online,Manuale
16,Pescocostanzo Loc. Vallefura,16/04/2026,16/04/2026,6.4,10.7,0.0,online,Manuale
16,Pescocostanzo Loc. Vallefura,17/04/2026,17/04/2026,5.8,13.7,0.0,online,Manuale
16,Pescocostanzo Loc. Vallefura,18/04/2026,18/04/2026,5.3,12.3,0.0,online,Manuale
16,Pescocostanzo Loc. Vallefura,19/04/2026,19/04/2026,2.3,16.2,0.0,online,Manuale
16,Pescocostanzo Loc. Vallefura,20/04/2026,20/04/2026,6.2,16.2,0.0,online,Manuale
16,Pescocostanzo Loc. Vallefura,21/04/2026,21/04/2026,4.4,13.9,2.6,online,Manuale
16,Pescocostanzo Loc. Vallefura,22/04/2026,22/04/2026,0.4,5.2,6.2,online,Manuale
16,Pescocostanzo Loc. Vallefura,23/04/2026,23/04/2026,-1.1,6.5,0.0,online,Manuale
16,Pescocostanzo Loc. Vallefura,24/04/2026,24/04/2026,1.1,10.9,0.0,online,Manuale
16,Pescocostanzo Loc. Vallefura,25/04/2026,25/04/2026,5.1,16.9,0.0,online,Manuale
16,Pescocostanzo Loc. Vallefura,26/04/2026,26/04/2026,6.1,16.6,0.0,online,Manuale
16,Pescocostanzo Loc. Vallefura,27/04/2026,27/04/2026,5.4,15.9,0.0,online,Manuale
16,Pescocostanzo Loc. Vallefura,28/04/2026,28/04/2026,5.9,16.8,0.0,online,Manuale
16,Pescocostanzo Loc. Vallefura,29/04/2026,29/04/2026,5.6,16.8,0.0,online,Manuale
16,Pescocostanzo Loc. Vallefura,30/04/2026,30/04/2026,4.1,9.7,6.6,online,Manuale
16,Pescocostanzo Loc. Vallefura,01/05/2026,01/05/2026,-0.3,6.1,0.0,online,Manuale
16,Pescocostanzo Loc. Vallefura,02/05/2026,02/05/2026,0.4,10.7,0.0,online,Manuale
16,Pescocostanzo Loc. Vallefura,03/05/2026,03/05/2026,2.4,16.3,0.0,online,Manuale
16,Pescocostanzo Loc. Vallefura,04/05/2026,04/05/2026,5.1,15.5,0.0,online,Manuale
16,Pescocostanzo Loc. Vallefura,05/05/2026,05/05/2026,6.4,13.8,0.6,online,Manuale
16,Pescocostanzo Loc. Vallefura,06/05/2026,06/05/2026,6.7,15.4,0.0,online,Manuale
16,Pescocostanzo Loc. Vallefura,07/05/2026,07/05/2026,6.9,13.9,0.2,online,Manuale
16,Pescocostanzo Loc. Vallefura,08/05/2026,08/05/2026,6.6,11.1,0.2,online,Manuale
16,Pescocostanzo Loc. Vallefura,09/05/2026,09/05/2026,5.6,15.8,0.0,online,Manuale
16,Pescocostanzo Loc. Vallefura,10/05/2026,10/05/2026,8.1,13.5,8.4,online,Manuale
16,Pescocostanzo Loc. Vallefura,11/05/2026,11/05/2026,7.2,15.1,0.0,online,Manuale
16,Pescocostanzo Loc. Vallefura,12/05/2026,12/05/2026,5.3,14.6,0.0,online,Manuale
16,Pescocostanzo Loc. Vallefura,13/05/2026,13/05/2026,3.6,10.6,7.2,online,Manuale
16,Pescocostanzo Loc. Vallefura,14/05/2026,14/05/2026,3.7,11.5,0.4,online,Manuale
16,Pescocostanzo Loc. Vallefura,15/05/2026,15/05/2026,5.6,10.4,3.4,online,Manuale
16,Pescocostanzo Loc. Vallefura,16/05/2026,16/05/2026,1.2,8.2,9.8,online,Manuale
16,Pescocostanzo Loc. Vallefura,17/05/2026,17/05/2026,1.7,11.1,0.0,online,Manuale
16,Pescocostanzo Loc. Vallefura,18/05/2026,18/05/2026,3.9,10.9,0.0,online,Manuale
16,Pescocostanzo Loc. Vallefura,19/05/2026,19/05/2026,4.0,12.3,0.0,online,Manuale
16,Pescocostanzo Loc. Vallefura,20/05/2026,20/05/2026,4.1,12.8,0.0,online,Manuale
16,Pescocostanzo Loc. Vallefura,21/05/2026,21/05/2026,6.5,13.9,0.0,online,Manuale
16,Pescocostanzo Loc. Vallefura,22/05/2026,22/05/2026,6.7,14.6,0.0,online,Manuale
16,Pescocostanzo Loc. Vallefura,23/05/2026,23/05/2026,7.4,16.1,0.0,online,Manuale
16,Pescocostanzo Loc. Vallefura,24/05/2026,24/05/2026,8.6,17.5,0.0,online,Manuale
16,Pescocostanzo Loc. Vallefura,25/05/2026,25/05/2026,9.3,18.9,0.0,online,Manuale
16,Pescocostanzo Loc. Vallefura,26/05/2026,26/05/2026,10.8,20.2,0.0,online,Manuale
16,Pescocostanzo Loc. Vallefura,27/05/2026,27/05/2026,10.2,23.4,0.0,online,Manuale
16,Pescocostanzo Loc. Vallefura,28/05/2026,28/05/2026,13.8,21.1,1.6,online,Manuale
16,Pescocostanzo Loc. Vallefura,29/05/2026,29/05/2026,10.6,18.4,0.0,online,Manuale
16,Pescocostanzo Loc. Vallefura,30/05/2026,30/05/2026,10.3,19.8,0.0,online,Manuale
16,Pescocostanzo Loc. Vallefura,31/05/2026,31/05/2026,11.5,19.4,0.0,online,Manuale
16,Pescocostanzo Loc. Vallefura,01/06/2026,01/06/2026,11.0,20.3,1.0,online,Manuale
16,Pescocostanzo Loc. Vallefura,02/06/2026,02/06/2026,2.7,19.3,0.0,online,Manuale
16,Pescocostanzo Loc. Vallefura,03/06/2026,03/06/2026,5.4,17.0,5.8,online,Manuale
16,Pescocostanzo Loc. Vallefura,04/06/2026,04/06/2026,8.5,19.4,0.0,online,Manuale
16,Pescocostanzo Loc. Vallefura,05/06/2026,05/06/2026,8.2,18.6,0.0,online,Manuale
16,Pescocostanzo Loc. Vallefura,06/06/2026,06/06/2026,10.5,19.3,0.0,online,Manuale
16,Pescocostanzo Loc. Vallefura,07/06/2026,07/06/2026,9.4,19.9,0.0,online,Manuale
16,Pescocostanzo Loc. Vallefura,08/06/2026,08/06/2026,11.6,20.3,0.0,online,Manuale
16,Pescocostanzo Loc. Vallefura,09/06/2026,09/06/2026,11.5,21.9,0.0,online,Manuale
16,Pescocostanzo Loc. Vallefura,10/06/2026,10/06/2026,12.9,22.2,0.0,online,Manuale
16,Pescocostanzo Loc. Vallefura,11/06/2026,11/06/2026,10.6,20.2,0.0,online,Manuale
16,Pescocostanzo Loc. Vallefura,12/06/2026,12/06/2026,7.8,16.4,0.0,online,Manuale
16,Pescocostanzo Loc. Vallefura,13/06/2026,13/06/2026,8.9,20.6,0.0,online,Manuale
16,Pescocostanzo Loc. Vallefura,14/06/2026,14/06/2026,12.6,23.0,0.0,online,Manuale
16,Pescocostanzo Loc. Vallefura,15/06/2026,15/06/2026,12.7,21.6,0.0,online,Manuale
16,Pescocostanzo Loc. Vallefura,16/06/2026,16/06/2026,11.2,21.5,0.0,online,Manuale
16,Pescocostanzo Loc. Vallefura,17/06/2026,17/06/2026,11.9,23.0,0.0,online,Manuale
16,Pescocostanzo Loc. Vallefura,18/06/2026,18/06/2026,12.2,23.7,0.0,online,Manuale
16,Pescocostanzo Loc. Vallefura,19/06/2026,19/06/2026,14.6,24.2,0.0,online,Manuale
16,Pescocostanzo Loc. Vallefura,20/06/2026,20/06/2026,13.2,25.4,0.0,online,Manuale
16,Pescocostanzo Loc. Vallefura,21/06/2026,21/06/2026,15.5,25.3,0.2,online,Manuale
16,Pescocostanzo Loc. Vallefura,22/06/2026,22/06/2026,15.0,19.4,0.0,online,Manuale
16,Pescocostanzo Loc. Vallefura,23/06/2026,23/06/2026,14.1,19.1,0.0,online,Manuale
16,Pescocostanzo Loc. Vallefura,24/06/2026,24/06/2026,14.8,22.6,0.0,online,Manuale
16,Pescocostanzo Loc. Vallefura,25/06/2026,25/06/2026,14.6,24.6,0.0,online,Manuale
16,Pescocostanzo Loc. Vallefura,26/06/2026,26/06/2026,14.7,25.5,0.0,online,Manuale
16,Pescocostanzo Loc. Vallefura,27/06/2026,27/06/2026,14.2,25.9,0.0,online,Manuale
16,Pescocostanzo Loc. Vallefura,28/06/2026,28/06/2026,16.6,27.8,0.0,online,Manuale
16,Pescocostanzo Loc. Vallefura,29/06/2026,29/06/2026,16.6,27.2,0.0,online,Manuale
16,Pescocostanzo Loc. Vallefura,30/06/2026,30/06/2026,12.1,26.8,32.4,online,Manuale
16,Pescocostanzo Loc. Vallefura,01/07/2026,01/07/2026,14.1,24.7,5.2,online,Manuale
16,Pescocostanzo Loc. Vallefura,02/07/2026,02/07/2026,13.7,18.8,0.2,online,Manuale
16,Pescocostanzo Loc. Vallefura,03/07/2026,03/07/2026,12.4,19.5,0.0,online,Manuale
16,Pescocostanzo Loc. Vallefura,04/07/2026,04/07/2026,12.8,20.4,0.0,online,Manuale
16,Pescocostanzo Loc. Vallefura,05/07/2026,05/07/2026,13.0,22.7,0.0,online,Manuale
16,Pescocostanzo Loc. Vallefura,06/07/2026,06/07/2026,12.4,22.1,34.8,online,Manuale
16,Pescocostanzo Loc. Vallefura,07/07/2026,07/07/2026,12.8,23.7,0.0,online,Manuale
16,Pescocostanzo Loc. Vallefura,08/07/2026,08/07/2026,15.2,24.6,0.0,online,Manuale
16,Pescocostanzo Loc. Vallefura,09/07/2026,09/07/2026,12.9,21.2,0.0,online,Manuale
16,Pescocostanzo Loc. Vallefura,10/07/2026,10/07/2026,11.6,24.1,0.0,online,Manuale
16,Pescocostanzo Loc. Vallefura,11/07/2026,11/07/2026,14.9,26.4,0.0,online,Manuale
16,Pescocostanzo Loc. Vallefura,12/07/2026,12/07/2026,14.8,23.3,0.0,online,Manuale
16,Pescocostanzo Loc. Vallefura,13/07/2026,13/07/2026,13.2,25.5,0.0,online,Manuale
16,Pescocostanzo Loc. Vallefura,14/07/2026,14/07/2026,16.8,28.4,0.0,online,Manuale
16,Pescocostanzo Loc. Vallefura,15/07/2026,15/07/2026,18.8,28.4,0.0,online,Manuale
16,Pescocostanzo Loc. Vallefura,16/07/2026,16/07/2026,0.0,0.0,0.0,offline,Manuale
16,Pescocostanzo Loc. Vallefura,17/07/2026,17/07/2026,17.8,30.8,0.0,online,Manuale
16,Pescocostanzo Loc. Vallefura,18/07/2026,18/07/2026,19.6,29.1,0.0,online,Manuale
16,Pescocostanzo Loc. Vallefura,19/07/2026,19/07/2026,18.9,29.8,0.0,online,Manuale
16,Pescocostanzo Loc. Vallefura,20/07/2026,20/07/2026,18.4,29.6,0.0,online,Manuale
16,Pescocostanzo Loc. Vallefura,21/07/2026,21/07/2026,18.8,29.1,0.2,online,Manuale
16,Pescocostanzo Loc. Vallefura,22/07/2026,22/07/2026,11.6,20.4,0.0,online,Manuale
16,Pescocostanzo Loc. Vallefura,23/07/2026,23/07/2026,10.8,21.6,15.8,online,Manuale
16,Pescocostanzo Loc. Vallefura,24/07/2026,24/07/2026,10.5,16.8,0.0,online,Manuale
16,Pescocostanzo Loc. Vallefura,25/07/2026,25/07/2026,8.4,23.9,0.0,online,Manuale
16,Pescocostanzo Loc. Vallefura,26/07/2026,26/07/2026,16.4,23.7,0.0,online,Manuale
16,Pescocostanzo Loc. Vallefura,27/07/2026,27/07/2026,14.9,22.9,0.0,online,Manuale
16,Pescocostanzo Loc. Vallefura,28/07/2026,28/07/2026,13.8,24.1,0.0,online,Manuale
16,Pescocostanzo Loc. Vallefura,29/07/2026,29/07/2026,14.1,26.7,0.0,online,Manuale
16,Pescocostanzo Loc. Vallefura,30/07/2026,30/07/2026,16.1,26.9,0.0,online,Manuale
16,Pescocostanzo Loc. Vallefura,31/07/2026,31/07/2026,17.6,26.9,0.0,online,Manuale
17,Roccaraso Loc. Aremogna,01/04/2026,01/04/2026,-2.2,-0.1,0.0,online,Manuale
17,Roccaraso Loc. Aremogna,02/04/2026,02/04/2026,0.0,3.0,3.2,online,Manuale
17,Roccaraso Loc. Aremogna,03/04/2026,03/04/2026,0.0,3.0,5.0,online,Manuale
17,Roccaraso Loc. Aremogna,04/04/2026,04/04/2026,0.0,0.0,0.0,offline,Manuale
17,Roccaraso Loc. Aremogna,05/04/2026,05/04/2026,0.0,0.0,0.0,offline,Manuale
17,Roccaraso Loc. Aremogna,06/04/2026,06/04/2026,0.0,0.0,0.0,offline,Manuale
17,Roccaraso Loc. Aremogna,07/04/2026,07/04/2026,0.0,0.0,0.0,offline,Manuale
17,Roccaraso Loc. Aremogna,08/04/2026,08/04/2026,0.0,0.0,0.0,offline,Manuale
17,Roccaraso Loc. Aremogna,09/04/2026,09/04/2026,0.0,0.0,0.0,offline,Manuale
17,Roccaraso Loc. Aremogna,10/04/2026,10/04/2026,0.0,0.0,0.0,offline,Manuale
17,Roccaraso Loc. Aremogna,11/04/2026,11/04/2026,0.0,0.0,0.0,offline,Manuale
17,Roccaraso Loc. Aremogna,12/04/2026,12/04/2026,0.0,0.0,0.0,offline,Manuale
17,Roccaraso Loc. Aremogna,13/04/2026,13/04/2026,0.0,0.0,0.0,offline,Manuale
17,Roccaraso Loc. Aremogna,14/04/2026,14/04/2026,0.0,0.0,0.0,offline,Manuale
17,Roccaraso Loc. Aremogna,15/04/2026,15/04/2026,0.0,0.0,0.0,offline,Manuale
17,Roccaraso Loc. Aremogna,16/04/2026,16/04/2026,0.0,0.0,0.0,offline,Manuale
17,Roccaraso Loc. Aremogna,17/04/2026,17/04/2026,0.0,0.0,0.0,offline,Manuale
17,Roccaraso Loc. Aremogna,18/04/2026,18/04/2026,0.0,0.0,0.0,offline,Manuale
17,Roccaraso Loc. Aremogna,19/04/2026,19/04/2026,0.0,0.0,0.0,offline,Manuale
17,Roccaraso Loc. Aremogna,20/04/2026,20/04/2026,0.0,0.0,0.0,offline,Manuale
17,Roccaraso Loc. Aremogna,21/04/2026,21/04/2026,0.0,0.0,0.0,offline,Manuale
17,Roccaraso Loc. Aremogna,22/04/2026,22/04/2026,0.0,0.0,0.0,offline,Manuale
17,Roccaraso Loc. Aremogna,23/04/2026,23/04/2026,0.0,0.0,0.0,offline,Manuale
17,Roccaraso Loc. Aremogna,24/04/2026,24/04/2026,-7.7,12.9,0.0,online,Manuale
17,Roccaraso Loc. Aremogna,25/04/2026,25/04/2026,-10.3,15.0,0.0,online,Manuale
17,Roccaraso Loc. Aremogna,26/04/2026,26/04/2026,0.0,0.0,0.0,offline,Manuale
17,Roccaraso Loc. Aremogna,27/04/2026,27/04/2026,0.0,0.0,0.0,offline,Manuale
17,Roccaraso Loc. Aremogna,28/04/2026,28/04/2026,0.0,0.0,0.0,offline,Manuale
17,Roccaraso Loc. Aremogna,29/04/2026,29/04/2026,-10.6,17.5,0.0,online,Manuale
17,Roccaraso Loc. Aremogna,30/04/2026,30/04/2026,1.5,8.0,3.0,online,Manuale
17,Roccaraso Loc. Aremogna,01/05/2026,01/05/2026,0.0,0.0,0.0,offline,Manuale
17,Roccaraso Loc. Aremogna,02/05/2026,02/05/2026,-7.3,10.0,0.0,online,Manuale
17,Roccaraso Loc. Aremogna,03/05/2026,03/05/2026,-11.9,15.6,0.0,online,Manuale
17,Roccaraso Loc. Aremogna,04/05/2026,04/05/2026,-8.2,14.0,0.0,online,Manuale
17,Roccaraso Loc. Aremogna,05/05/2026,05/05/2026,0.3,14.3,1.6,online,Manuale
17,Roccaraso Loc. Aremogna,06/05/2026,06/05/2026,0.5,15.0,0.0,online,Manuale
17,Roccaraso Loc. Aremogna,07/05/2026,07/05/2026,5.0,14.0,0.2,online,Manuale
17,Roccaraso Loc. Aremogna,08/05/2026,08/05/2026,6.6,11.3,0.0,online,Manuale
17,Roccaraso Loc. Aremogna,09/05/2026,09/05/2026,0.5,15.0,0.0,online,Manuale
17,Roccaraso Loc. Aremogna,10/05/2026,10/05/2026,7.0,12.0,3.1,online,Manuale
17,Roccaraso Loc. Aremogna,11/05/2026,11/05/2026,8.1,14.2,0.0,online,Manuale
17,Roccaraso Loc. Aremogna,12/05/2026,12/05/2026,5.8,14.0,0.0,online,Manuale
17,Roccaraso Loc. Aremogna,13/05/2026,13/05/2026,-3.2,11.6,3.3,online,Manuale
17,Roccaraso Loc. Aremogna,14/05/2026,14/05/2026,-4.9,12.0,2.1,online,Manuale
17,Roccaraso Loc. Aremogna,15/05/2026,15/05/2026,6.0,10.0,6.3,online,Manuale
17,Roccaraso Loc. Aremogna,16/05/2026,16/05/2026,1.0,8.0,6.3,online,Manuale
17,Roccaraso Loc. Aremogna,17/05/2026,17/05/2026,0.0,0.0,0.0,offline,Manuale
17,Roccaraso Loc. Aremogna,18/05/2026,18/05/2026,0.0,0.0,0.0,offline,Manuale
17,Roccaraso Loc. Aremogna,19/05/2026,19/05/2026,-4.7,12.0,0.0,online,Manuale
17,Roccaraso Loc. Aremogna,20/05/2026,20/05/2026,-4.3,12.7,0.0,online,Manuale
17,Roccaraso Loc. Aremogna,21/05/2026,21/05/2026,1.4,13.0,0.0,online,Manuale
17,Roccaraso Loc. Aremogna,22/05/2026,22/05/2026,0.0,0.0,0.0,offline,Manuale
17,Roccaraso Loc. Aremogna,23/05/2026,23/05/2026,-0.2,15.7,0.0,online,Manuale
17,Roccaraso Loc. Aremogna,24/05/2026,24/05/2026,-2.2,17.0,0.0,online,Manuale
17,Roccaraso Loc. Aremogna,25/05/2026,25/05/2026,0.0,0.0,0.0,offline,Manuale
17,Roccaraso Loc. Aremogna,26/05/2026,26/05/2026,0.0,0.0,0.0,offline,Manuale
17,Roccaraso Loc. Aremogna,27/05/2026,27/05/2026,0.0,0.0,0.0,offline,Manuale
17,Roccaraso Loc. Aremogna,28/05/2026,28/05/2026,0.0,20.0,6.6,online,Manuale
17,Roccaraso Loc. Aremogna,29/05/2026,29/05/2026,0.2,17.4,0.0,online,Manuale
17,Roccaraso Loc. Aremogna,30/05/2026,30/05/2026,-1.9,19.0,0.0,online,Manuale
17,Roccaraso Loc. Aremogna,31/05/2026,31/05/2026,-4.6,20.4,0.0,online,Manuale
17,Roccaraso Loc. Aremogna,01/06/2026,01/06/2026,1.6,20.5,0.0,online,Manuale
17,Roccaraso Loc. Aremogna,02/06/2026,02/06/2026,10.5,24.6,0.0,online,Manuale
17,Roccaraso Loc. Aremogna,03/06/2026,03/06/2026,12.4,22.6,4.4,online,Manuale
17,Roccaraso Loc. Aremogna,04/06/2026,04/06/2026,-1.5,17.7,0.0,online,Manuale
17,Roccaraso Loc. Aremogna,05/06/2026,05/06/2026,-1.3,19.0,0.0,online,Manuale
17,Roccaraso Loc. Aremogna,06/06/2026,06/06/2026,0.0,0.0,0.0,offline,Manuale
17,Roccaraso Loc. Aremogna,07/06/2026,07/06/2026,0.0,0.0,0.0,offline,Manuale
17,Roccaraso Loc. Aremogna,08/06/2026,08/06/2026,0.4,19.6,0.2,online,Manuale
17,Roccaraso Loc. Aremogna,09/06/2026,09/06/2026,0.3,20.0,0.0,online,Manuale
17,Roccaraso Loc. Aremogna,10/06/2026,10/06/2026,0.0,0.0,0.0,offline,Manuale
17,Roccaraso Loc. Aremogna,11/06/2026,11/06/2026,0.0,0.0,0.0,offline,Manuale
17,Roccaraso Loc. Aremogna,12/06/2026,12/06/2026,0.0,0.0,0.0,offline,Manuale
17,Roccaraso Loc. Aremogna,13/06/2026,13/06/2026,0.0,0.0,0.0,offline,Manuale
17,Roccaraso Loc. Aremogna,14/06/2026,14/06/2026,-1.8,22.0,0.0,online,Manuale
17,Roccaraso Loc. Aremogna,15/06/2026,15/06/2026,0.0,0.0,0.0,offline,Manuale
17,Roccaraso Loc. Aremogna,16/06/2026,16/06/2026,0.0,20.0,2.8,online,Manuale
17,Roccaraso Loc. Aremogna,17/06/2026,17/06/2026,0.0,21.0,0.2,online,Manuale
17,Roccaraso Loc. Aremogna,18/06/2026,18/06/2026,0.0,0.0,0.0,offline,Manuale
17,Roccaraso Loc. Aremogna,19/06/2026,19/06/2026,0.0,0.0,0.0,offline,Manuale
17,Roccaraso Loc. Aremogna,20/06/2026,20/06/2026,-0.2,24.0,0.0,online,Manuale
17,Roccaraso Loc. Aremogna,21/06/2026,21/06/2026,0.8,24.5,0.0,online,Manuale
17,Roccaraso Loc. Aremogna,22/06/2026,22/06/2026,5.0,21.9,2.3,online,Manuale
17,Roccaraso Loc. Aremogna,23/06/2026,23/06/2026,1.5,20.3,0.0,online,Manuale
17,Roccaraso Loc. Aremogna,24/06/2026,24/06/2026,1.5,22.3,0.0,online,Manuale
17,Roccaraso Loc. Aremogna,25/06/2026,25/06/2026,1.0,23.0,8.9,online,Manuale
17,Roccaraso Loc. Aremogna,26/06/2026,26/06/2026,3.0,24.0,0.3,online,Manuale
17,Roccaraso Loc. Aremogna,27/06/2026,27/06/2026,1.0,24.9,0.0,online,Manuale
17,Roccaraso Loc. Aremogna,28/06/2026,28/06/2026,5.0,24.7,0.0,online,Manuale
17,Roccaraso Loc. Aremogna,29/06/2026,29/06/2026,5.0,26.0,0.0,online,Manuale
17,Roccaraso Loc. Aremogna,30/06/2026,30/06/2026,3.1,25.5,8.3,online,Manuale
17,Roccaraso Loc. Aremogna,01/07/2026,01/07/2026,2.0,25.0,8.8,online,Manuale
17,Roccaraso Loc. Aremogna,02/07/2026,02/07/2026,7.7,19.0,2.5,online,Manuale
17,Roccaraso Loc. Aremogna,03/07/2026,03/07/2026,0.0,0.0,0.0,offline,Manuale
17,Roccaraso Loc. Aremogna,04/07/2026,04/07/2026,0.0,0.0,0.0,offline,Manuale
17,Roccaraso Loc. Aremogna,05/07/2026,05/07/2026,0.0,0.0,0.0,offline,Manuale
17,Roccaraso Loc. Aremogna,06/07/2026,06/07/2026,0.0,0.0,0.0,offline,Manuale
17,Roccaraso Loc. Aremogna,07/07/2026,07/07/2026,5.8,21.9,0.0,online,Manuale
17,Roccaraso Loc. Aremogna,08/07/2026,08/07/2026,4.2,24.0,0.0,online,Manuale
17,Roccaraso Loc. Aremogna,09/07/2026,09/07/2026,3.0,21.0,1.0,online,Manuale
17,Roccaraso Loc. Aremogna,10/07/2026,10/07/2026,1.0,22.0,0.3,online,Manuale
17,Roccaraso Loc. Aremogna,11/07/2026,11/07/2026,0.0,0.0,0.0,offline,Manuale
17,Roccaraso Loc. Aremogna,12/07/2026,12/07/2026,5.0,22.7,0.0,online,Manuale
17,Roccaraso Loc. Aremogna,13/07/2026,13/07/2026,0.6,25.2,0.0,online,Manuale
17,Roccaraso Loc. Aremogna,14/07/2026,14/07/2026,0.0,0.0,0.0,offline,Manuale
17,Roccaraso Loc. Aremogna,15/07/2026,15/07/2026,0.0,0.0,0.0,offline,Manuale
17,Roccaraso Loc. Aremogna,16/07/2026,16/07/2026,0.0,0.0,0.0,offline,Manuale
17,Roccaraso Loc. Aremogna,17/07/2026,17/07/2026,4.4,28.9,0.0,online,Manuale
17,Roccaraso Loc. Aremogna,18/07/2026,18/07/2026,9.7,29.0,0.0,online,Manuale
17,Roccaraso Loc. Aremogna,19/07/2026,19/07/2026,0.0,0.0,0.0,offline,Manuale
17,Roccaraso Loc. Aremogna,20/07/2026,20/07/2026,0.0,0.0,0.0,offline,Manuale
17,Roccaraso Loc. Aremogna,21/07/2026,21/07/2026,6.0,28.0,0.2,online,Manuale
17,Roccaraso Loc. Aremogna,22/07/2026,22/07/2026,0.0,0.0,0.0,offline,Manuale
17,Roccaraso Loc. Aremogna,23/07/2026,23/07/2026,6.0,20.9,4.0,online,Manuale
17,Roccaraso Loc. Aremogna,24/07/2026,24/07/2026,1.6,16.0,0.0,online,Manuale
17,Roccaraso Loc. Aremogna,25/07/2026,25/07/2026,0.0,0.0,0.0,offline,Manuale
17,Roccaraso Loc. Aremogna,26/07/2026,26/07/2026,0.0,0.0,0.0,offline,Manuale
17,Roccaraso Loc. Aremogna,27/07/2026,27/07/2026,0.0,0.0,0.0,offline,Manuale
17,Roccaraso Loc. Aremogna,28/07/2026,28/07/2026,5.8,23.6,0.0,online,Manuale
17,Roccaraso Loc. Aremogna,29/07/2026,29/07/2026,2.5,26.0,0.0,online,Manuale
17,Roccaraso Loc. Aremogna,30/07/2026,30/07/2026,0.0,0.0,0.0,offline,Manuale
17,Roccaraso Loc. Aremogna,31/07/2026,31/07/2026,4.2,26.7,0.0,online,Manuale
18,Castel di Sangro,01/04/2026,01/04/2026,0.0,0.0,0.0,offline,Manuale
18,Castel di Sangro,02/04/2026,02/04/2026,2.3,7.3,3.0,online,Manuale
18,Castel di Sangro,03/04/2026,03/04/2026,6.2,8.0,0.2,online,Manuale
18,Castel di Sangro,04/04/2026,04/04/2026,6.6,14.0,0.0,online,Manuale
18,Castel di Sangro,05/04/2026,05/04/2026,1.4,18.3,0.0,online,Manuale
18,Castel di Sangro,06/04/2026,06/04/2026,2.5,22.0,0.0,online,Manuale
18,Castel di Sangro,07/04/2026,07/04/2026,3.2,21.9,0.0,online,Manuale
18,Castel di Sangro,08/04/2026,08/04/2026,0.0,0.0,0.0,offline,Manuale
18,Castel di Sangro,09/04/2026,09/04/2026,0.0,0.0,0.0,offline,Manuale
18,Castel di Sangro,10/04/2026,10/04/2026,0.0,0.0,0.0,offline,Manuale
18,Castel di Sangro,11/04/2026,11/04/2026,3.8,21.7,0.0,online,Manuale
18,Castel di Sangro,12/04/2026,12/04/2026,4.8,20.1,0.0,online,Manuale
18,Castel di Sangro,13/04/2026,13/04/2026,8.4,16.1,3.2,online,Manuale
18,Castel di Sangro,14/04/2026,14/04/2026,10.2,18.3,0.0,online,Manuale
18,Castel di Sangro,15/04/2026,15/04/2026,10.6,15.2,8.2,online,Manuale
18,Castel di Sangro,16/04/2026,16/04/2026,11.0,15.6,0.0,online,Manuale
18,Castel di Sangro,17/04/2026,17/04/2026,8.7,18.7,0.0,online,Manuale
18,Castel di Sangro,18/04/2026,18/04/2026,6.3,18.4,0.0,online,Manuale
18,Castel di Sangro,19/04/2026,19/04/2026,2.3,20.7,0.0,online,Manuale
18,Castel di Sangro,20/04/2026,20/04/2026,6.2,20.9,0.0,online,Manuale
18,Castel di Sangro,21/04/2026,21/04/2026,8.3,20.2,2.4,online,Manuale
18,Castel di Sangro,22/04/2026,22/04/2026,0.0,0.0,0.0,offline,Manuale
18,Castel di Sangro,23/04/2026,23/04/2026,0.0,0.0,0.0,offline,Manuale
18,Castel di Sangro,24/04/2026,24/04/2026,-0.3,17.5,0.0,online,Manuale
18,Castel di Sangro,25/04/2026,25/04/2026,0.8,21.5,0.0,online,Manuale
18,Castel di Sangro,26/04/2026,26/04/2026,3.4,20.7,0.0,online,Manuale
18,Castel di Sangro,27/04/2026,27/04/2026,0.0,0.0,0.0,offline,Manuale
18,Castel di Sangro,28/04/2026,28/04/2026,5.3,21.6,0.0,online,Manuale
18,Castel di Sangro,29/04/2026,29/04/2026,2.4,22.4,0.0,online,Manuale
18,Castel di Sangro,30/04/2026,30/04/2026,6.9,10.1,0.0,online,Manuale
18,Castel di Sangro,01/05/2026,01/05/2026,5.3,12.2,4.8,online,Manuale
18,Castel di Sangro,02/05/2026,02/05/2026,5.9,15.9,0.0,online,Manuale
18,Castel di Sangro,03/05/2026,03/05/2026,0.9,20.9,0.0,online,Manuale
18,Castel di Sangro,04/05/2026,04/05/2026,4.2,19.4,0.0,online,Manuale
18,Castel di Sangro,05/05/2026,05/05/2026,6.9,16.0,0.8,online,Manuale
18,Castel di Sangro,06/05/2026,06/05/2026,10.7,19.1,0.0,online,Manuale
18,Castel di Sangro,07/05/2026,07/05/2026,10.4,20.6,0.0,online,Manuale
18,Castel di Sangro,08/05/2026,08/05/2026,5.8,16.3,0.0,online,Manuale
18,Castel di Sangro,09/05/2026,09/05/2026,8.5,21.4,0.0,online,Manuale
18,Castel di Sangro,10/05/2026,10/05/2026,10.1,18.1,4.4,online,Manuale
18,Castel di Sangro,11/05/2026,11/05/2026,11.1,19.8,0.0,online,Manuale
18,Castel di Sangro,12/05/2026,12/05/2026,9.9,20.3,0.0,online,Manuale
18,Castel di Sangro,13/05/2026,13/05/2026,7.2,16.3,1.6,online,Manuale
18,Castel di Sangro,14/05/2026,14/05/2026,2.3,17.0,1.8,online,Manuale
18,Castel di Sangro,15/05/2026,15/05/2026,10.2,17.8,6.0,online,Manuale
18,Castel di Sangro,16/05/2026,16/05/2026,6.2,14.4,16.8,online,Manuale
18,Castel di Sangro,17/05/2026,17/05/2026,1.5,15.9,0.0,online,Manuale
18,Castel di Sangro,18/05/2026,18/05/2026,5.4,17.7,0.0,online,Manuale
18,Castel di Sangro,19/05/2026,19/05/2026,3.8,17.7,0.0,online,Manuale
18,Castel di Sangro,20/05/2026,20/05/2026,3.8,17.9,0.0,online,Manuale
18,Castel di Sangro,21/05/2026,21/05/2026,4.2,19.6,0.0,online,Manuale
18,Castel di Sangro,22/05/2026,22/05/2026,10.8,20.7,0.0,online,Manuale
18,Castel di Sangro,23/05/2026,23/05/2026,5.9,21.7,0.0,online,Manuale
18,Castel di Sangro,24/05/2026,24/05/2026,6.8,22.6,0.0,online,Manuale
18,Castel di Sangro,25/05/2026,25/05/2026,7.4,24.2,0.0,online,Manuale
18,Castel di Sangro,26/05/2026,26/05/2026,7.7,25.9,0.0,online,Manuale
18,Castel di Sangro,27/05/2026,27/05/2026,7.7,29.1,0.0,online,Manuale
18,Castel di Sangro,28/05/2026,28/05/2026,11.5,25.0,67.2,online,Manuale
18,Castel di Sangro,29/05/2026,29/05/2026,8.4,23.7,0.2,online,Manuale
18,Castel di Sangro,30/05/2026,30/05/2026,6.6,25.0,0.0,online,Manuale
18,Castel di Sangro,31/05/2026,31/05/2026,6.9,26.3,0.0,online,Manuale
18,Castel di Sangro,01/06/2026,01/06/2026,9.8,25.8,0.0,online,Manuale
18,Castel di Sangro,02/06/2026,02/06/2026,10.5,24.6,0.0,online,Manuale
18,Castel di Sangro,03/06/2026,03/06/2026,12.4,22.6,9.0,online,Manuale
18,Castel di Sangro,04/06/2026,04/06/2026,7.7,23.7,0.0,online,Manuale
18,Castel di Sangro,05/06/2026,05/06/2026,8.8,24.1,0.0,online,Manuale
18,Castel di Sangro,06/06/2026,06/06/2026,10.4,26.3,0.0,online,Manuale
18,Castel di Sangro,07/06/2026,07/06/2026,9.9,26.2,0.0,online,Manuale
18,Castel di Sangro,08/06/2026,08/06/2026,10.3,26.1,0.0,online,Manuale
18,Castel di Sangro,09/06/2026,09/06/2026,9.9,27.6,0.0,online,Manuale
18,Castel di Sangro,10/06/2026,10/06/2026,10.2,28.2,0.0,online,Manuale
18,Castel di Sangro,11/06/2026,11/06/2026,12.9,24.6,0.0,online,Manuale
18,Castel di Sangro,12/06/2026,12/06/2026,10.4,21.8,0.0,online,Manuale
18,Castel di Sangro,13/06/2026,13/06/2026,6.2,26.3,0.0,online,Manuale
18,Castel di Sangro,14/06/2026,14/06/2026,8.9,28.2,0.0,online,Manuale
18,Castel di Sangro,15/06/2026,15/06/2026,10.3,27.1,0.0,online,Manuale
18,Castel di Sangro,16/06/2026,16/06/2026,10.9,26.4,2.0,online,Manuale
18,Castel di Sangro,17/06/2026,17/06/2026,11.0,27.1,0.0,online,Manuale
18,Castel di Sangro,18/06/2026,18/06/2026,9.4,28.9,0.0,online,Manuale
18,Castel di Sangro,19/06/2026,19/06/2026,10.3,29.1,0.0,online,Manuale
18,Castel di Sangro,20/06/2026,20/06/2026,11.2,30.3,0.0,online,Manuale
18,Castel di Sangro,21/06/2026,21/06/2026,12.4,30.8,0.0,online,Manuale
18,Castel di Sangro,22/06/2026,22/06/2026,14.3,29.7,0.0,online,Manuale
18,Castel di Sangro,23/06/2026,23/06/2026,12.6,16.3,0.0,online,Manuale
18,Castel di Sangro,24/06/2026,24/06/2026,12.3,28.5,0.0,online,Manuale
18,Castel di Sangro,25/06/2026,25/06/2026,11.9,29.7,2.0,online,Manuale
18,Castel di Sangro,26/06/2026,26/06/2026,12.0,30.3,0.0,online,Manuale
18,Castel di Sangro,27/06/2026,27/06/2026,12.4,32.4,0.0,online,Manuale
18,Castel di Sangro,28/06/2026,28/06/2026,13.5,32.9,0.0,online,Manuale
18,Castel di Sangro,29/06/2026,29/06/2026,15.0,32.6,13.2,online,Manuale
18,Castel di Sangro,30/06/2026,30/06/2026,12.8,32.4,22.4,online,Manuale
18,Castel di Sangro,01/07/2026,01/07/2026,11.8,29.9,5.8,online,Manuale
18,Castel di Sangro,02/07/2026,02/07/2026,14.3,22.1,2.2,online,Manuale
18,Castel di Sangro,03/07/2026,03/07/2026,14.6,25.2,0.0,online,Manuale
18,Castel di Sangro,04/07/2026,04/07/2026,11.9,26.0,0.0,online,Manuale
18,Castel di Sangro,05/07/2026,05/07/2026,9.4,27.4,0.0,online,Manuale
18,Castel di Sangro,06/07/2026,06/07/2026,12.6,27.8,13.2,online,Manuale
18,Castel di Sangro,07/07/2026,07/07/2026,11.2,28.8,0.0,online,Manuale
18,Castel di Sangro,08/07/2026,08/07/2026,12.8,28.8,0.0,online,Manuale
18,Castel di Sangro,09/07/2026,09/07/2026,13.3,27.2,2.0,online,Manuale
18,Castel di Sangro,10/07/2026,10/07/2026,10.6,29.9,0.2,online,Manuale
18,Castel di Sangro,11/07/2026,11/07/2026,13.8,31.3,0.0,online,Manuale
18,Castel di Sangro,12/07/2026,12/07/2026,14.1,28.8,0.0,online,Manuale
18,Castel di Sangro,13/07/2026,13/07/2026,13.0,30.4,0.0,online,Manuale
18,Castel di Sangro,14/07/2026,14/07/2026,13.7,33.1,0.0,online,Manuale
18,Castel di Sangro,15/07/2026,15/07/2026,13.7,33.9,0.0,online,Manuale
18,Castel di Sangro,16/07/2026,16/07/2026,15.0,33.3,0.0,online,Manuale
18,Castel di Sangro,17/07/2026,17/07/2026,0.0,0.0,0.0,offline,Manuale
18,Castel di Sangro,18/07/2026,18/07/2026,0.0,0.0,0.0,offline,Manuale
18,Castel di Sangro,19/07/2026,19/07/2026,0.0,0.0,0.0,offline,Manuale
18,Castel di Sangro,20/07/2026,20/07/2026,0.0,0.0,0.0,offline,Manuale
18,Castel di Sangro,21/07/2026,21/07/2026,0.0,0.0,0.0,offline,Manuale
18,Castel di Sangro,22/07/2026,22/07/2026,0.0,0.0,0.0,offline,Manuale
18,Castel di Sangro,23/07/2026,23/07/2026,0.0,0.0,0.0,offline,Manuale
18,Castel di Sangro,24/07/2026,24/07/2026,0.0,0.0,0.0,offline,Manuale
18,Castel di Sangro,25/07/2026,25/07/2026,0.0,0.0,0.0,offline,Manuale
18,Castel di Sangro,26/07/2026,26/07/2026,0.0,0.0,0.0,offline,Manuale
18,Castel di Sangro,27/07/2026,27/07/2026,0.0,0.0,0.0,offline,Manuale
18,Castel di Sangro,28/07/2026,28/07/2026,0.0,0.0,0.0,offline,Manuale
18,Castel di Sangro,29/07/2026,29/07/2026,0.0,0.0,0.0,offline,Manuale
18,Castel di Sangro,30/07/2026,30/07/2026,0.0,0.0,0.0,offline,Manuale
18,Castel di Sangro,31/07/2026,31/07/2026,0.0,0.0,0.0,offline,Manuale
19,San Pietro di Avellana,01/04/2026,01/04/2026,0.0,0.0,0.0,offline,Manuale
19,San Pietro di Avellana,02/04/2026,02/04/2026,0.0,0.0,0.0,offline,Manuale
19,San Pietro di Avellana,03/04/2026,03/04/2026,3.0,7.4,7.8,online,Manuale
19,San Pietro di Avellana,04/04/2026,04/04/2026,0.4,14.4,0.0,online,Manuale
19,San Pietro di Avellana,05/04/2026,05/04/2026,0.3,18.7,0.0,online,Manuale
19,San Pietro di Avellana,06/04/2026,06/04/2026,0.1,21.6,0.0,online,Manuale
19,San Pietro di Avellana,07/04/2026,07/04/2026,-0.1,19.4,0.0,online,Manuale
19,San Pietro di Avellana,08/04/2026,08/04/2026,1.8,20.4,0.2,online,Manuale
19,San Pietro di Avellana,09/04/2026,09/04/2026,0.5,19.1,0.0,online,Manuale
19,San Pietro di Avellana,10/04/2026,10/04/2026,5.5,18.1,0.0,online,Manuale
19,San Pietro di Avellana,11/04/2026,11/04/2026,1.3,21.8,0.2,online,Manuale
19,San Pietro di Avellana,12/04/2026,12/04/2026,2.0,20.4,0.0,online,Manuale
19,San Pietro di Avellana,13/04/2026,13/04/2026,3.7,16.9,0.0,online,Manuale
19,San Pietro di Avellana,14/04/2026,14/04/2026,9.3,17.9,0.4,online,Manuale
19,San Pietro di Avellana,15/04/2026,15/04/2026,9.3,16.0,5.6,online,Manuale
19,San Pietro di Avellana,16/04/2026,16/04/2026,8.4,17.7,0.0,online,Manuale
19,San Pietro di Avellana,17/04/2026,17/04/2026,5.6,19.8,0.0,online,Manuale
19,San Pietro di Avellana,18/04/2026,18/04/2026,2.9,18.1,0.0,online,Manuale
19,San Pietro di Avellana,19/04/2026,19/04/2026,-0.3,20.4,0.0,online,Manuale
19,San Pietro di Avellana,20/04/2026,20/04/2026,0.0,0.0,0.0,offline,Manuale
19,San Pietro di Avellana,21/04/2026,21/04/2026,5.6,17.8,3.2,online,Manuale
19,San Pietro di Avellana,22/04/2026,22/04/2026,4.4,9.7,6.0,online,Manuale
19,San Pietro di Avellana,23/04/2026,23/04/2026,-1.2,11.8,0.0,online,Manuale
19,San Pietro di Avellana,24/04/2026,24/04/2026,-2.7,18.6,0.0,online,Manuale
19,San Pietro di Avellana,25/04/2026,25/04/2026,-2.2,21.9,0.0,online,Manuale
19,San Pietro di Avellana,26/04/2026,26/04/2026,0.0,20.8,0.0,online,Manuale
19,San Pietro di Avellana,27/04/2026,27/04/2026,2.0,21.8,0.0,online,Manuale
19,San Pietro di Avellana,28/04/2026,28/04/2026,2.1,21.8,0.0,online,Manuale
19,San Pietro di Avellana,29/04/2026,29/04/2026,-1.0,21.3,0.0,online,Manuale
19,San Pietro di Avellana,30/04/2026,30/04/2026,5.0,12.3,7.0,online,Manuale
19,San Pietro di Avellana,01/05/2026,01/05/2026,0.0,0.0,0.0,offline,Manuale
19,San Pietro di Avellana,02/05/2026,02/05/2026,-7.3,10.0,0.0,online,Manuale
19,San Pietro di Avellana,03/05/2026,03/05/2026,-2.2,20.8,0.0,online,Manuale
19,San Pietro di Avellana,04/05/2026,04/05/2026,0.7,19.4,0.0,online,Manuale
19,San Pietro di Avellana,05/05/2026,05/05/2026,4.1,15.7,0.8,online,Manuale
19,San Pietro di Avellana,06/05/2026,06/05/2026,5.3,18.1,0.0,online,Manuale
19,San Pietro di Avellana,07/05/2026,07/05/2026,8.7,19.6,0.0,online,Manuale
19,San Pietro di Avellana,08/05/2026,08/05/2026,8.6,15.9,0.0,online,Manuale
19,San Pietro di Avellana,09/05/2026,09/05/2026,6.6,21.6,0.0,online,Manuale
19,San Pietro di Avellana,10/05/2026,10/05/2026,6.9,18.3,4.8,online,Manuale
19,San Pietro di Avellana,11/05/2026,11/05/2026,11.4,18.6,0.0,online,Manuale
19,San Pietro di Avellana,12/05/2026,12/05/2026,6.7,18.9,0.0,online,Manuale
19,San Pietro di Avellana,13/05/2026,13/05/2026,5.7,15.2,3.0,online,Manuale
19,San Pietro di Avellana,14/05/2026,14/05/2026,0.4,15.4,3.8,online,Manuale
19,San Pietro di Avellana,15/05/2026,15/05/2026,8.3,14.9,8.2,online,Manuale
19,San Pietro di Avellana,16/05/2026,16/05/2026,4.2,14.9,11.2,online,Manuale
19,San Pietro di Avellana,17/05/2026,17/05/2026,-0.1,15.5,0.0,online,Manuale
19,San Pietro di Avellana,18/05/2026,18/05/2026,3.1,16.9,0.0,online,Manuale
19,San Pietro di Avellana,19/05/2026,19/05/2026,1.8,17.9,2.4,online,Manuale
19,San Pietro di Avellana,20/05/2026,20/05/2026,0.0,0.0,0.0,offline,Manuale
19,San Pietro di Avellana,21/05/2026,21/05/2026,3.8,19.6,0.0,online,Manuale
19,San Pietro di Avellana,22/05/2026,22/05/2026,6.4,20.7,0.0,online,Manuale
19,San Pietro di Avellana,23/05/2026,23/05/2026,9.0,20.9,0.0,online,Manuale
19,San Pietro di Avellana,24/05/2026,24/05/2026,8.9,22.9,0.0,online,Manuale
19,San Pietro di Avellana,25/05/2026,25/05/2026,7.8,24.4,0.0,online,Manuale
19,San Pietro di Avellana,26/05/2026,26/05/2026,6.3,26.2,0.0,online,Manuale
19,San Pietro di Avellana,27/05/2026,27/05/2026,6.5,27.3,0.0,online,Manuale
19,San Pietro di Avellana,28/05/2026,28/05/2026,9.0,24.5,3.8,online,Manuale
19,San Pietro di Avellana,29/05/2026,29/05/2026,7.4,24.6,0.2,online,Manuale
19,San Pietro di Avellana,30/05/2026,30/05/2026,4.9,25.3,0.0,online,Manuale
19,San Pietro di Avellana,31/05/2026,31/05/2026,4.2,26.4,15.4,online,Manuale
19,San Pietro di Avellana,01/06/2026,01/06/2026,8.1,22.8,0.2,online,Manuale
19,San Pietro di Avellana,02/06/2026,02/06/2026,11.3,22.3,0.0,online,Manuale
19,San Pietro di Avellana,03/06/2026,03/06/2026,9.0,19.7,5.8,online,Manuale
19,San Pietro di Avellana,04/06/2026,04/06/2026,0.0,0.0,0.0,offline,Manuale
19,San Pietro di Avellana,05/06/2026,05/06/2026,6.7,23.2,1.6,online,Manuale
19,San Pietro di Avellana,06/06/2026,06/06/2026,10.4,24.4,0.0,online,Manuale
19,San Pietro di Avellana,07/06/2026,07/06/2026,0.0,0.0,0.0,offline,Manuale
19,San Pietro di Avellana,08/06/2026,08/06/2026,8.1,25.1,0.2,online,Manuale
19,San Pietro di Avellana,09/06/2026,09/06/2026,8.1,25.7,0.2,online,Manuale
19,San Pietro di Avellana,10/06/2026,10/06/2026,8.1,25.1,0.2,online,Manuale
19,San Pietro di Avellana,11/06/2026,11/06/2026,10.1,23.2,0.0,online,Manuale
19,San Pietro di Avellana,12/06/2026,12/06/2026,6.7,21.4,0.0,online,Manuale
19,San Pietro di Avellana,13/06/2026,13/06/2026,3.6,26.5,0.0,online,Manuale
19,San Pietro di Avellana,14/06/2026,14/06/2026,6.0,25.3,0.0,online,Manuale
19,San Pietro di Avellana,15/06/2026,15/06/2026,5.6,24.1,0.2,online,Manuale
19,San Pietro di Avellana,16/06/2026,16/06/2026,8.2,26.3,4.4,online,Manuale
19,San Pietro di Avellana,17/06/2026,17/06/2026,8.2,28.7,0.2,online,Manuale
19,San Pietro di Avellana,18/06/2026,18/06/2026,7.4,29.3,0.2,online,Manuale
19,San Pietro di Avellana,19/06/2026,19/06/2026,7.7,29.3,0.0,online,Manuale
19,San Pietro di Avellana,20/06/2026,20/06/2026,9.1,30.9,0.0,online,Manuale
19,San Pietro di Avellana,21/06/2026,21/06/2026,9.1,30.9,0.0,online,Manuale
19,San Pietro di Avellana,22/06/2026,22/06/2026,11.6,30.1,0.0,online,Manuale
19,San Pietro di Avellana,23/06/2026,23/06/2026,11.5,28.9,0.2,online,Manuale
19,San Pietro di Avellana,24/06/2026,24/06/2026,9.6,28.1,0.0,online,Manuale
19,San Pietro di Avellana,25/06/2026,25/06/2026,9.1,29.0,0.0,online,Manuale
19,San Pietro di Avellana,26/06/2026,26/06/2026,9.0,30.3,0.2,online,Manuale
19,San Pietro di Avellana,27/06/2026,27/06/2026,10.0,32.1,0.0,online,Manuale
19,San Pietro di Avellana,28/06/2026,28/06/2026,9.8,33.3,0.0,online,Manuale
19,San Pietro di Avellana,29/06/2026,29/06/2026,12.1,32.8,0.0,online,Manuale
19,San Pietro di Avellana,30/06/2026,30/06/2026,10.8,32.2,16.6,online,Manuale
19,San Pietro di Avellana,01/07/2026,01/07/2026,10.2,29.2,2.0,online,Manuale
19,San Pietro di Avellana,02/07/2026,02/07/2026,12.7,21.9,2.4,online,Manuale
19,San Pietro di Avellana,03/07/2026,03/07/2026,13.4,25.2,0.0,online,Manuale
19,San Pietro di Avellana,04/07/2026,04/07/2026,9.7,25.3,0.0,online,Manuale
19,San Pietro di Avellana,05/07/2026,05/07/2026,6.7,28.1,0.0,online,Manuale
19,San Pietro di Avellana,06/07/2026,06/07/2026,9.4,27.1,9.0,online,Manuale
19,San Pietro di Avellana,07/07/2026,07/07/2026,8.6,27.9,0.2,online,Manuale
19,San Pietro di Avellana,08/07/2026,08/07/2026,10.0,28.2,0.2,online,Manuale
19,San Pietro di Avellana,09/07/2026,09/07/2026,11.0,28.6,0.8,online,Manuale
19,San Pietro di Avellana,10/07/2026,10/07/2026,7.2,29.1,0.2,online,Manuale
19,San Pietro di Avellana,11/07/2026,11/07/2026,10.6,29.7,0.0,online,Manuale
19,San Pietro di Avellana,12/07/2026,12/07/2026,10.6,29.7,0.0,online,Manuale
19,San Pietro di Avellana,13/07/2026,13/07/2026,11.7,31.5,0.2,online,Manuale
19,San Pietro di Avellana,14/07/2026,14/07/2026,11.3,30.6,0.0,online,Manuale
19,San Pietro di Avellana,15/07/2026,15/07/2026,11.1,33.1,0.0,online,Manuale
19,San Pietro di Avellana,16/07/2026,16/07/2026,12.9,33.0,0.0,online,Manuale
19,San Pietro di Avellana,17/07/2026,17/07/2026,0.0,0.0,0.0,offline,Manuale
19,San Pietro di Avellana,18/07/2026,18/07/2026,0.0,0.0,0.0,offline,Manuale
19,San Pietro di Avellana,19/07/2026,19/07/2026,13.8,31.4,0.2,online,Manuale
19,San Pietro di Avellana,20/07/2026,20/07/2026,14.2,31.9,0.0,online,Manuale
19,San Pietro di Avellana,21/07/2026,21/07/2026,14.2,32.9,0.0,online,Manuale
19,San Pietro di Avellana,22/07/2026,22/07/2026,11.8,26.3,0.0,online,Manuale
19,San Pietro di Avellana,23/07/2026,23/07/2026,9.2,27.6,2.8,online,Manuale
19,San Pietro di Avellana,24/07/2026,24/07/2026,10.5,22.9,0.0,online,Manuale
19,San Pietro di Avellana,25/07/2026,25/07/2026,6.8,27.5,0.0,online,Manuale
19,San Pietro di Avellana,26/07/2026,26/07/2026,12.2,25.4,0.0,online,Manuale
19,San Pietro di Avellana,27/07/2026,27/07/2026,15.1,28.3,0.0,online,Manuale
19,San Pietro di Avellana,28/07/2026,28/07/2026,12.3,29.4,0.0,online,Manuale
19,San Pietro di Avellana,29/07/2026,29/07/2026,10.6,32.7,0.0,online,Manuale
19,San Pietro di Avellana,30/07/2026,30/07/2026,13.2,33.3,0.0,online,Manuale
19,San Pietro di Avellana,31/07/2026,31/07/2026,11.9,33.2,0.0,online,Manuale
20,Monteferrante,01/04/2026,01/04/2026,0.0,0.0,0.0,offline,Manuale
20,Monteferrante,02/04/2026,02/04/2026,0.0,0.0,0.0,offline,Manuale
20,Monteferrante,03/04/2026,03/04/2026,4.3,6.6,0.0,online,Manuale
20,Monteferrante,04/04/2026,04/04/2026,5.9,14.8,0.0,online,Manuale
20,Monteferrante,05/04/2026,05/04/2026,8.7,17.4,0.0,online,Manuale
20,Monteferrante,06/04/2026,06/04/2026,13.9,20.4,0.0,online,Manuale
20,Monteferrante,07/04/2026,07/04/2026,14.1,21.0,0.0,online,Manuale
20,Monteferrante,08/04/2026,08/04/2026,0.0,0.0,0.0,offline,Manuale
20,Monteferrante,09/04/2026,09/04/2026,0.0,0.0,0.0,offline,Manuale
20,Monteferrante,10/04/2026,10/04/2026,0.0,0.0,0.0,offline,Manuale
20,Monteferrante,11/04/2026,11/04/2026,11.4,21.2,0.0,online,Manuale
20,Monteferrante,12/04/2026,12/04/2026,12.6,18.4,0.0,online,Manuale
20,Monteferrante,13/04/2026,13/04/2026,8.8,17.6,1.0,online,Manuale
20,Monteferrante,14/04/2026,14/04/2026,10.4,18.2,2.0,online,Manuale
20,Monteferrante,15/04/2026,15/04/2026,10.2,13.2,4.6,online,Manuale
20,Monteferrante,16/04/2026,16/04/2026,10.1,14.6,1.0,online,Manuale
20,Monteferrante,17/04/2026,17/04/2026,12.3,18.9,0.0,online,Manuale
20,Monteferrante,18/04/2026,18/04/2026,10.8,19.0,0.0,online,Manuale
20,Monteferrante,19/04/2026,19/04/2026,11.8,21.4,0.0,online,Manuale
20,Monteferrante,20/04/2026,20/04/2026,10.2,21.0,1.8,online,Manuale
20,Monteferrante,21/04/2026,21/04/2026,7.9,16.5,9.0,online,Manuale
20,Monteferrante,22/04/2026,22/04/2026,0.0,0.0,0.0,offline,Manuale
20,Monteferrante,23/04/2026,23/04/2026,0.0,0.0,0.0,offline,Manuale
20,Monteferrante,24/04/2026,24/04/2026,0.0,0.0,0.0,offline,Manuale
20,Monteferrante,25/04/2026,25/04/2026,13.7,21.4,0.0,online,Manuale
20,Monteferrante,26/04/2026,26/04/2026,13.9,20.5,0.0,online,Manuale
20,Monteferrante,27/04/2026,27/04/2026,0.0,0.0,0.0,offline,Manuale
20,Monteferrante,28/04/2026,28/04/2026,14.3,22.5,0.0,online,Manuale
20,Monteferrante,29/04/2026,29/04/2026,13.5,23.3,0.0,online,Manuale
20,Monteferrante,30/04/2026,30/04/2026,6.1,13.7,0.0,online,Manuale
20,Monteferrante,01/05/2026,01/05/2026,4.9,11.6,20.0,online,Manuale
20,Monteferrante,02/05/2026,02/05/2026,6.1,15.9,0.0,online,Manuale
20,Monteferrante,03/05/2026,03/05/2026,10.9,20.5,0.0,online,Manuale
20,Monteferrante,04/05/2026,04/05/2026,12.6,20.5,0.0,online,Manuale
20,Monteferrante,05/05/2026,05/05/2026,10.0,17.9,0.0,online,Manuale
20,Monteferrante,06/05/2026,06/05/2026,13.5,20.0,0.0,online,Manuale
20,Monteferrante,07/05/2026,07/05/2026,11.2,18.6,1.8,online,Manuale
20,Monteferrante,08/05/2026,08/05/2026,10.9,16.1,0.0,online,Manuale
20,Monteferrante,09/05/2026,09/05/2026,12.7,16.7,0.0,online,Manuale
20,Monteferrante,10/05/2026,10/05/2026,11.8,19.3,5.0,online,Manuale
20,Monteferrante,11/05/2026,11/05/2026,12.7,19.5,0.0,online,Manuale
20,Monteferrante,12/05/2026,12/05/2026,10.5,16.0,0.0,online,Manuale
20,Monteferrante,13/05/2026,13/05/2026,0.0,0.0,0.0,offline,Manuale
20,Monteferrante,14/05/2026,14/05/2026,0.0,0.0,0.0,offline,Manuale
20,Monteferrante,15/05/2026,15/05/2026,0.0,0.0,0.0,offline,Manuale
20,Monteferrante,16/05/2026,16/05/2026,0.0,0.0,0.0,offline,Manuale
20,Monteferrante,17/05/2026,17/05/2026,0.0,0.0,0.0,offline,Manuale
20,Monteferrante,18/05/2026,18/05/2026,0.0,0.0,0.0,offline,Manuale
20,Monteferrante,19/05/2026,19/05/2026,0.0,0.0,0.0,offline,Manuale
20,Monteferrante,20/05/2026,20/05/2026,0.0,0.0,0.0,offline,Manuale
20,Monteferrante,21/05/2026,21/05/2026,0.0,0.0,0.0,offline,Manuale
20,Monteferrante,22/05/2026,22/05/2026,0.0,0.0,0.0,offline,Manuale
20,Monteferrante,23/05/2026,23/05/2026,0.0,0.0,0.0,offline,Manuale
20,Monteferrante,24/05/2026,24/05/2026,0.0,0.0,0.0,offline,Manuale
20,Monteferrante,25/05/2026,25/05/2026,0.0,0.0,0.0,offline,Manuale
20,Monteferrante,26/05/2026,26/05/2026,0.0,0.0,0.0,offline,Manuale
20,Monteferrante,27/05/2026,27/05/2026,0.0,0.0,0.0,offline,Manuale
20,Monteferrante,28/05/2026,28/05/2026,0.0,0.0,0.0,offline,Manuale
20,Monteferrante,29/05/2026,29/05/2026,0.0,0.0,0.0,offline,Manuale
20,Monteferrante,30/05/2026,30/05/2026,0.0,0.0,0.0,offline,Manuale
20,Monteferrante,31/05/2026,31/05/2026,4.9,27.5,0.0,online,Manuale
20,Monteferrante,01/06/2026,01/06/2026,0.0,0.0,1.8,online,Manuale
20,Monteferrante,02/06/2026,02/06/2026,15.3,21.2,10.5,online,Manuale
20,Monteferrante,03/06/2026,03/06/2026,0.0,0.0,8.9,online,Manuale
20,Monteferrante,04/06/2026,04/06/2026,12.2,23.6,0.0,online,Manuale
20,Monteferrante,05/06/2026,05/06/2026,0.0,0.0,0.0,offline,Manuale
20,Monteferrante,06/06/2026,06/06/2026,0.0,0.0,0.0,offline,Manuale
20,Monteferrante,07/06/2026,07/06/2026,0.0,0.0,0.0,offline,Manuale
20,Monteferrante,08/06/2026,08/06/2026,18.4,26.8,0.0,online,Manuale
20,Monteferrante,09/06/2026,09/06/2026,18.8,26.8,2.4,online,Manuale
20,Monteferrante,10/06/2026,10/06/2026,20.1,29.0,0.0,online,Manuale
20,Monteferrante,11/06/2026,11/06/2026,14.9,24.9,0.0,online,Manuale
20,Monteferrante,12/06/2026,12/06/2026,12.0,21.4,0.2,online,Manuale
20,Monteferrante,13/06/2026,13/06/2026,0.0,0.0,0.0,offline,Manuale
20,Monteferrante,14/06/2026,14/06/2026,0.0,0.0,0.0,offline,Manuale
20,Monteferrante,15/06/2026,15/06/2026,0.0,0.0,0.0,offline,Manuale
20,Monteferrante,16/06/2026,16/06/2026,0.0,0.0,0.0,offline,Manuale
20,Monteferrante,17/06/2026,17/06/2026,0.0,0.0,0.0,offline,Manuale
20,Monteferrante,18/06/2026,18/06/2026,0.0,0.0,0.0,offline,Manuale
20,Monteferrante,19/06/2026,19/06/2026,0.0,0.0,0.0,offline,Manuale
20,Monteferrante,20/06/2026,20/06/2026,0.0,0.0,0.0,offline,Manuale
20,Monteferrante,21/06/2026,21/06/2026,22.8,31.8,0.0,online,Manuale
20,Monteferrante,22/06/2026,22/06/2026,0.0,0.0,0.0,offline,Manuale
20,Monteferrante,23/06/2026,23/06/2026,21.9,29.6,0.0,online,Manuale
20,Monteferrante,24/06/2026,24/06/2026,21.7,29.6,0.0,online,Manuale
20,Monteferrante,25/06/2026,25/06/2026,0.0,0.0,0.0,offline,Manuale
20,Monteferrante,26/06/2026,26/06/2026,0.0,0.0,0.0,offline,Manuale
20,Monteferrante,27/06/2026,27/06/2026,22.6,32.3,0.0,online,Manuale
20,Monteferrante,28/06/2026,28/06/2026,24.3,34.4,0.0,online,Manuale
20,Monteferrante,29/06/2026,29/06/2026,0.0,0.0,0.0,offline,Manuale
20,Monteferrante,30/06/2026,30/06/2026,23.3,32.8,0.0,online,Manuale
20,Monteferrante,01/07/2026,01/07/2026,21.4,31.9,0.0,online,Manuale
20,Monteferrante,02/07/2026,02/07/2026,17.8,24.9,1.0,online,Manuale
20,Monteferrante,03/07/2026,03/07/2026,0.0,0.0,0.0,offline,Manuale
20,Monteferrante,04/07/2026,04/07/2026,18.2,26.3,0.0,online,Manuale
20,Monteferrante,05/07/2026,05/07/2026,0.0,0.0,0.0,offline,Manuale
20,Monteferrante,06/07/2026,06/07/2026,0.0,0.0,1.4,online,Manuale
20,Monteferrante,07/07/2026,07/07/2026,19.3,29.4,0.0,online,Manuale
20,Monteferrante,08/07/2026,08/07/2026,21.1,32.0,0.0,online,Manuale
20,Monteferrante,09/07/2026,09/07/2026,0.0,0.0,1.0,online,Manuale
20,Monteferrante,10/07/2026,10/07/2026,0.0,0.0,4.6,online,Manuale
20,Monteferrante,11/07/2026,11/07/2026,0.0,0.0,0.0,offline,Manuale
20,Monteferrante,12/07/2026,12/07/2026,19.2,30.8,0.0,online,Manuale
20,Monteferrante,13/07/2026,13/07/2026,0.0,0.0,0.0,offline,Manuale
20,Monteferrante,14/07/2026,14/07/2026,0.0,0.0,0.0,offline,Manuale
20,Monteferrante,15/07/2026,15/07/2026,0.0,0.0,0.0,offline,Manuale
20,Monteferrante,16/07/2026,16/07/2026,0.0,0.0,0.0,offline,Manuale
20,Monteferrante,17/07/2026,17/07/2026,0.0,0.0,0.0,offline,Manuale
20,Monteferrante,18/07/2026,18/07/2026,0.0,0.0,0.0,offline,Manuale
20,Monteferrante,19/07/2026,19/07/2026,0.0,0.0,0.0,offline,Manuale
20,Monteferrante,20/07/2026,20/07/2026,0.0,0.0,0.0,offline,Manuale
20,Monteferrante,21/07/2026,21/07/2026,0.0,0.0,0.0,offline,Manuale
20,Monteferrante,22/07/2026,22/07/2026,0.0,0.0,2.6,online,Manuale
20,Monteferrante,23/07/2026,23/07/2026,0.0,0.0,2.8,online,Manuale
20,Monteferrante,24/07/2026,24/07/2026,15.3,23.8,0.0,online,Manuale
20,Monteferrante,25/07/2026,25/07/2026,0.0,0.0,0.0,offline,Manuale
20,Monteferrante,26/07/2026,26/07/2026,0.0,0.0,0.0,offline,Manuale
20,Monteferrante,27/07/2026,27/07/2026,0.0,0.0,0.0,offline,Manuale
20,Monteferrante,28/07/2026,28/07/2026,0.0,0.0,0.0,offline,Manuale
20,Monteferrante,29/07/2026,29/07/2026,0.0,0.0,0.0,offline,Manuale
20,Monteferrante,30/07/2026,30/07/2026,0.0,0.0,0.0,offline,Manuale
20,Monteferrante,31/07/2026,31/07/2026,24.2,33.2,0.0,online,Manuale
21,Passolanciano,01/04/2026,01/04/2026,-1.7,0.2,0.0,online,Manuale
21,Passolanciano,02/04/2026,02/04/2026,0.2,1.3,0.0,online,Manuale
21,Passolanciano,03/04/2026,03/04/2026,0.4,2.3,0.0,online,Manuale
21,Passolanciano,04/04/2026,04/04/2026,-0.3,8.7,0.0,online,Manuale
21,Passolanciano,05/04/2026,05/04/2026,2.3,13.2,0.0,online,Manuale
21,Passolanciano,06/04/2026,06/04/2026,6.2,16.1,0.0,online,Manuale
21,Passolanciano,07/04/2026,07/04/2026,7.2,17.1,0.0,online,Manuale
21,Passolanciano,08/04/2026,08/04/2026,5.8,12.7,0.2,online,Manuale
21,Passolanciano,09/04/2026,09/04/2026,3.7,12.4,0.0,online,Manuale
21,Passolanciano,10/04/2026,10/04/2026,0.3,11.1,0.0,online,Manuale
21,Passolanciano,11/04/2026,11/04/2026,5.9,14.0,0.0,online,Manuale
21,Passolanciano,12/04/2026,12/04/2026,5.2,13.6,0.0,online,Manuale
21,Passolanciano,13/04/2026,13/04/2026,5.2,10.5,0.0,online,Manuale
21,Passolanciano,14/04/2026,14/04/2026,4.8,11.7,0.0,online,Manuale
21,Passolanciano,15/04/2026,15/04/2026,4.4,7.4,0.0,online,Manuale
21,Passolanciano,16/04/2026,16/04/2026,5.6,10.1,0.0,online,Manuale
21,Passolanciano,17/04/2026,17/04/2026,4.7,12.7,0.0,online,Manuale
21,Passolanciano,18/04/2026,18/04/2026,4.2,12.4,0.0,online,Manuale
21,Passolanciano,19/04/2026,19/04/2026,3.9,15.9,0.0,online,Manuale
21,Passolanciano,20/04/2026,20/04/2026,6.4,15.2,0.0,online,Manuale
21,Passolanciano,21/04/2026,21/04/2026,3.7,10.8,0.0,online,Manuale
21,Passolanciano,22/04/2026,22/04/2026,1.4,4.1,0.0,online,Manuale
21,Passolanciano,23/04/2026,23/04/2026,0.7,6.9,0.0,online,Manuale
21,Passolanciano,24/04/2026,24/04/2026,0.6,13.7,0.0,online,Manuale
21,Passolanciano,25/04/2026,25/04/2026,5.2,15.6,0.0,online,Manuale
21,Passolanciano,26/04/2026,26/04/2026,6.5,15.1,0.0,online,Manuale
21,Passolanciano,27/04/2026,27/04/2026,6.3,21.5,0.0,online,Manuale
21,Passolanciano,28/04/2026,28/04/2026,6.3,15.0,0.0,online,Manuale
21,Passolanciano,29/04/2026,29/04/2026,6.6,16.8,0.0,online,Manuale
21,Passolanciano,30/04/2026,30/04/2026,2.9,7.6,19.4,online,Manuale
21,Passolanciano,01/05/2026,01/05/2026,0.8,6.1,0.0,online,Manuale
21,Passolanciano,02/05/2026,02/05/2026,2.0,11.1,0.0,online,Manuale
21,Passolanciano,03/05/2026,03/05/2026,3.9,14.6,0.0,online,Manuale
21,Passolanciano,04/05/2026,04/05/2026,6.9,15.2,0.0,online,Manuale
21,Passolanciano,05/05/2026,05/05/2026,8.1,13.4,1.8,online,Manuale
21,Passolanciano,06/05/2026,06/05/2026,7.8,15.8,0.0,online,Manuale
21,Passolanciano,07/05/2026,07/05/2026,7.7,12.0,0.0,online,Manuale
21,Passolanciano,08/05/2026,08/05/2026,7.8,11.9,0.0,online,Manuale
21,Passolanciano,09/05/2026,09/05/2026,6.3,14.7,0.0,online,Manuale
21,Passolanciano,10/05/2026,10/05/2026,8.6,14.4,14.2,online,Manuale
21,Passolanciano,11/05/2026,11/05/2026,10.1,15.9,0.0,online,Manuale
21,Passolanciano,12/05/2026,12/05/2026,6.8,15.3,0.0,online,Manuale
21,Passolanciano,13/05/2026,13/05/2026,5.3,9.3,4.8,online,Manuale
21,Passolanciano,14/05/2026,14/05/2026,4.8,14.3,0.2,online,Manuale
21,Passolanciano,15/05/2026,15/05/2026,7.8,12.2,1.0,online,Manuale
21,Passolanciano,16/05/2026,16/05/2026,1.4,9.8,12.6,online,Manuale
21,Passolanciano,17/05/2026,17/05/2026,2.3,11.4,0.0,online,Manuale
21,Passolanciano,18/05/2026,18/05/2026,5.4,12.2,5.4,online,Manuale
21,Passolanciano,19/05/2026,19/05/2026,5.6,13.5,0.2,online,Manuale
21,Passolanciano,20/05/2026,20/05/2026,5.7,14.3,0.0,online,Manuale
21,Passolanciano,21/05/2026,21/05/2026,5.8,14.6,0.0,online,Manuale
21,Passolanciano,22/05/2026,22/05/2026,7.3,15.4,0.0,online,Manuale
21,Passolanciano,23/05/2026,23/05/2026,6.8,15.6,0.0,online,Manuale
21,Passolanciano,24/05/2026,24/05/2026,8.2,17.6,0.0,online,Manuale
21,Passolanciano,25/05/2026,25/05/2026,10.0,18.6,0.0,online,Manuale
21,Passolanciano,26/05/2026,26/05/2026,11.7,20.7,0.0,online,Manuale
21,Passolanciano,27/05/2026,27/05/2026,12.2,22.7,0.0,online,Manuale
21,Passolanciano,28/05/2026,28/05/2026,14.0,21.6,0.0,online,Manuale
21,Passolanciano,29/05/2026,29/05/2026,11.4,17.9,0.0,online,Manuale
21,Passolanciano,30/05/2026,30/05/2026,8.9,20.3,0.0,online,Manuale
21,Passolanciano,31/05/2026,31/05/2026,12.3,20.3,0.0,online,Manuale
21,Passolanciano,01/06/2026,01/06/2026,12.2,20.7,0.0,online,Manuale
21,Passolanciano,02/06/2026,02/06/2026,12.2,18.8,2.0,online,Manuale
21,Passolanciano,03/06/2026,03/06/2026,8.9,17.2,7.8,online,Manuale
21,Passolanciano,04/06/2026,04/06/2026,7.3,19.2,0.0,online,Manuale
21,Passolanciano,05/06/2026,05/06/2026,10.4,19.5,0.0,online,Manuale
21,Passolanciano,06/06/2026,06/06/2026,10.8,18.8,0.0,online,Manuale
21,Passolanciano,07/06/2026,07/06/2026,10.7,17.5,0.0,online,Manuale
21,Passolanciano,08/06/2026,08/06/2026,12.5,19.8,0.0,online,Manuale
21,Passolanciano,09/06/2026,09/06/2026,12.8,22.5,0.0,online,Manuale
21,Passolanciano,10/06/2026,10/06/2026,14.2,24.3,0.0,online,Manuale
21,Passolanciano,11/06/2026,11/06/2026,11.3,19.8,0.2,online,Manuale
21,Passolanciano,12/06/2026,12/06/2026,7.9,16.1,0.0,online,Manuale
21,Passolanciano,13/06/2026,13/06/2026,9.6,20.1,0.0,online,Manuale
21,Passolanciano,14/06/2026,14/06/2026,13.2,24.2,0.0,online,Manuale
21,Passolanciano,15/06/2026,15/06/2026,14.8,22.7,0.0,online,Manuale
21,Passolanciano,16/06/2026,16/06/2026,12.9,20.3,0.0,online,Manuale
21,Passolanciano,17/06/2026,17/06/2026,13.2,21.8,0.0,online,Manuale
21,Passolanciano,18/06/2026,18/06/2026,13.5,24.0,0.0,online,Manuale
21,Passolanciano,19/06/2026,19/06/2026,14.9,23.8,0.0,online,Manuale
21,Passolanciano,20/06/2026,20/06/2026,15.3,25.2,0.0,online,Manuale
21,Passolanciano,21/06/2026,21/06/2026,15.9,22.3,0.0,online,Manuale
21,Passolanciano,22/06/2026,22/06/2026,15.6,20.6,0.0,online,Manuale
21,Passolanciano,23/06/2026,23/06/2026,15.1,19.1,0.0,online,Manuale
21,Passolanciano,24/06/2026,24/06/2026,15.1,23.3,0.0,online,Manuale
21,Passolanciano,25/06/2026,25/06/2026,14.4,23.3,0.0,online,Manuale
21,Passolanciano,26/06/2026,26/06/2026,15.2,24.3,0.0,online,Manuale
21,Passolanciano,27/06/2026,27/06/2026,16.1,24.9,0.0,online,Manuale
21,Passolanciano,28/06/2026,28/06/2026,18.6,26.0,0.0,online,Manuale
21,Passolanciano,29/06/2026,29/06/2026,18.6,26.9,0.0,online,Manuale
21,Passolanciano,30/06/2026,30/06/2026,17.4,25.6,0.0,online,Manuale
21,Passolanciano,01/07/2026,01/07/2026,16.1,25.9,0.0,online,Manuale
21,Passolanciano,02/07/2026,02/07/2026,13.5,18.8,33.0,online,Manuale
21,Passolanciano,03/07/2026,03/07/2026,11.9,20.2,0.0,online,Manuale
21,Passolanciano,04/07/2026,04/07/2026,12.4,20.6,0.0,online,Manuale
21,Passolanciano,05/07/2026,05/07/2026,11.9,22.8,0.4,online,Manuale
21,Passolanciano,06/07/2026,06/07/2026,12.6,22.7,5.0,online,Manuale
21,Passolanciano,07/07/2026,07/07/2026,12.8,23.3,0.0,online,Manuale
21,Passolanciano,08/07/2026,08/07/2026,17.3,25.6,0.0,online,Manuale
21,Passolanciano,09/07/2026,09/07/2026,14.5,20.4,0.0,online,Manuale
21,Passolanciano,10/07/2026,10/07/2026,13.5,23.9,0.0,online,Manuale
21,Passolanciano,11/07/2026,11/07/2026,16.8,24.9,0.0,online,Manuale
21,Passolanciano,12/07/2026,12/07/2026,13.7,22.3,0.0,online,Manuale
21,Passolanciano,13/07/2026,13/07/2026,14.3,23.9,0.0,online,Manuale
21,Passolanciano,14/07/2026,14/07/2026,17.6,28.6,0.0,online,Manuale
21,Passolanciano,15/07/2026,15/07/2026,18.7,26.4,0.0,online,Manuale
21,Passolanciano,16/07/2026,16/07/2026,17.3,25.6,0.0,online,Manuale
21,Passolanciano,17/07/2026,17/07/2026,20.1,31.0,0.0,online,Manuale
21,Passolanciano,18/07/2026,18/07/2026,19.8,28.9,0.0,online,Manuale
21,Passolanciano,19/07/2026,19/07/2026,19.5,29.6,0.0,online,Manuale
21,Passolanciano,20/07/2026,20/07/2026,18.3,27.3,0.0,online,Manuale
21,Passolanciano,21/07/2026,21/07/2026,16.1,28.9,11.8,online,Manuale
21,Passolanciano,22/07/2026,22/07/2026,12.1,16.8,2.0,online,Manuale
21,Passolanciano,23/07/2026,23/07/2026,10.2,20.9,10.8,online,Manuale
21,Passolanciano,24/07/2026,24/07/2026,10.4,17.1,0.0,online,Manuale
21,Passolanciano,25/07/2026,25/07/2026,8.7,23.1,0.0,online,Manuale
21,Passolanciano,26/07/2026,26/07/2026,16.1,24.0,0.0,online,Manuale
21,Passolanciano,27/07/2026,27/07/2026,16.9,21.5,0.0,online,Manuale
21,Passolanciano,28/07/2026,28/07/2026,15.0,22.6,0.0,online,Manuale
21,Passolanciano,29/07/2026,29/07/2026,15.2,24.7,0.0,online,Manuale
21,Passolanciano,30/07/2026,30/07/2026,17.4,25.3,0.0,online,Manuale
21,Passolanciano,31/07/2026,31/07/2026,17.0,26.5,0.0,online,Manuale
22,Mammarosa,01/04/2026,01/04/2026,0.0,0.0,0.0,offline,Manuale
22,Mammarosa,02/04/2026,02/04/2026,-1.1,-0.2,0.0,online,Manuale
22,Mammarosa,03/04/2026,03/04/2026,-0.7,-0.1,0.0,online,Manuale
22,Mammarosa,04/04/2026,04/04/2026,-1.4,4.6,27.4,online,Manuale
22,Mammarosa,05/04/2026,05/04/2026,2.3,10.4,4.8,online,Manuale
22,Mammarosa,06/04/2026,06/04/2026,8.0,12.4,0.0,online,Manuale
22,Mammarosa,07/04/2026,07/04/2026,7.9,12.4,0.0,online,Manuale
22,Mammarosa,08/04/2026,08/04/2026,7.1,10.8,0.0,online,Manuale
22,Mammarosa,09/04/2026,09/04/2026,6.2,9.8,0.0,online,Manuale
22,Mammarosa,10/04/2026,10/04/2026,5.8,10.9,0.0,online,Manuale
22,Mammarosa,11/04/2026,11/04/2026,7.9,12.7,0.0,online,Manuale
22,Mammarosa,12/04/2026,12/04/2026,5.7,11.6,0.0,online,Manuale
22,Mammarosa,13/04/2026,13/04/2026,5.8,13.1,0.0,online,Manuale
22,Mammarosa,14/04/2026,14/04/2026,4.8,8.4,5.8,online,Manuale
22,Mammarosa,15/04/2026,15/04/2026,4.0,6.5,20.0,online,Manuale
22,Mammarosa,16/04/2026,16/04/2026,4.3,8.3,1.6,online,Manuale
22,Mammarosa,17/04/2026,17/04/2026,4.9,10.7,0.0,online,Manuale
22,Mammarosa,18/04/2026,18/04/2026,4.3,9.3,0.0,online,Manuale
22,Mammarosa,19/04/2026,19/04/2026,4.5,12.5,0.0,online,Manuale
22,Mammarosa,20/04/2026,20/04/2026,5.4,10.6,0.4,online,Manuale
22,Mammarosa,21/04/2026,21/04/2026,2.3,7.9,7.8,online,Manuale
22,Mammarosa,22/04/2026,22/04/2026,-1.4,2.9,8.6,online,Manuale
22,Mammarosa,23/04/2026,23/04/2026,-2.3,3.7,0.0,online,Manuale
22,Mammarosa,24/04/2026,24/04/2026,1.8,10.2,0.0,online,Manuale
22,Mammarosa,25/04/2026,25/04/2026,5.9,12.7,0.0,online,Manuale
22,Mammarosa,26/04/2026,26/04/2026,7.4,13.1,0.0,online,Manuale
22,Mammarosa,27/04/2026,27/04/2026,8.4,12.9,0.0,online,Manuale
22,Mammarosa,28/04/2026,28/04/2026,8.2,10.9,0.0,online,Manuale
22,Mammarosa,29/04/2026,29/04/2026,7.6,13.3,0.2,online,Manuale
22,Mammarosa,30/04/2026,30/04/2026,-0.1,7.9,18.8,online,Manuale
22,Mammarosa,01/05/2026,01/05/2026,-1.7,2.5,0.0,online,Manuale
22,Mammarosa,02/05/2026,02/05/2026,-0.2,7.0,0.0,online,Manuale
22,Mammarosa,03/05/2026,03/05/2026,4.8,11.5,0.0,online,Manuale
22,Mammarosa,04/05/2026,04/05/2026,7.6,12.3,0.0,online,Manuale
22,Mammarosa,05/05/2026,05/05/2026,7.2,9.9,2.4,online,Manuale
22,Mammarosa,06/05/2026,06/05/2026,7.2,11.9,0.0,online,Manuale
22,Mammarosa,07/05/2026,07/05/2026,5.2,10.7,0.2,online,Manuale
22,Mammarosa,08/05/2026,08/05/2026,5.3,8.7,0.0,online,Manuale
22,Mammarosa,09/05/2026,09/05/2026,5.5,10.6,0.0,online,Manuale
22,Mammarosa,10/05/2026,10/05/2026,7.3,12.7,18.4,online,Manuale
22,Mammarosa,11/05/2026,11/05/2026,8.7,11.7,0.0,online,Manuale
22,Mammarosa,12/05/2026,12/05/2026,5.1,11.3,0.0,online,Manuale
22,Mammarosa,13/05/2026,13/05/2026,3.2,8.2,5.4,online,Manuale
22,Mammarosa,14/05/2026,14/05/2026,3.9,10.6,0.4,online,Manuale
22,Mammarosa,15/05/2026,15/05/2026,4.6,8.5,0.8,online,Manuale
22,Mammarosa,16/05/2026,16/05/2026,-0.8,6.6,8.2,online,Manuale
22,Mammarosa,17/05/2026,17/05/2026,1.3,7.4,0.0,online,Manuale
22,Mammarosa,18/05/2026,18/05/2026,4.1,9.0,8.4,online,Manuale
22,Mammarosa,19/05/2026,19/05/2026,3.7,9.8,0.2,online,Manuale
22,Mammarosa,20/05/2026,20/05/2026,5.1,10.0,0.0,online,Manuale
22,Mammarosa,21/05/2026,21/05/2026,6.0,10.1,0.0,online,Manuale
22,Mammarosa,22/05/2026,22/05/2026,5.9,10.7,0.0,online,Manuale
22,Mammarosa,23/05/2026,23/05/2026,6.8,13.0,0.0,online,Manuale
22,Mammarosa,24/05/2026,24/05/2026,8.4,13.4,0.0,online,Manuale
22,Mammarosa,25/05/2026,25/05/2026,9.0,16.2,0.0,online,Manuale
22,Mammarosa,26/05/2026,26/05/2026,11.7,16.5,0.0,online,Manuale
22,Mammarosa,27/05/2026,27/05/2026,11.9,19.1,0.0,online,Manuale
22,Mammarosa,28/05/2026,28/05/2026,13.1,17.7,0.0,online,Manuale
22,Mammarosa,29/05/2026,29/05/2026,11.3,14.3,0.0,online,Manuale
22,Mammarosa,30/05/2026,30/05/2026,9.7,16.1,0.0,online,Manuale
22,Mammarosa,31/05/2026,31/05/2026,2.4,18.7,0.0,online,Manuale
22,Mammarosa,01/06/2026,01/06/2026,10.2,18.2,0.0,online,Manuale
22,Mammarosa,02/06/2026,02/06/2026,10.5,16.2,0.0,online,Manuale
22,Mammarosa,03/06/2026,03/06/2026,8.1,15.3,8.6,online,Manuale
22,Mammarosa,04/06/2026,04/06/2026,7.8,15.7,0.0,online,Manuale
22,Mammarosa,05/06/2026,05/06/2026,10.6,16.6,0.0,online,Manuale
22,Mammarosa,06/06/2026,06/06/2026,11.7,15.5,0.0,online,Manuale
22,Mammarosa,07/06/2026,07/06/2026,10.4,15.7,0.0,online,Manuale
22,Mammarosa,08/06/2026,08/06/2026,11.7,17.0,0.0,online,Manuale
22,Mammarosa,09/06/2026,09/06/2026,12.9,19.4,0.0,online,Manuale
22,Mammarosa,10/06/2026,10/06/2026,14.3,20.1,0.0,online,Manuale
22,Mammarosa,11/06/2026,11/06/2026,7.8,16.5,0.4,online,Manuale
22,Mammarosa,12/06/2026,12/06/2026,5.7,12.4,0.0,online,Manuale
22,Mammarosa,13/06/2026,13/06/2026,9.9,17.3,0.0,online,Manuale
22,Mammarosa,14/06/2026,14/06/2026,13.9,20.3,0.0,online,Manuale
22,Mammarosa,15/06/2026,15/06/2026,13.1,18.9,0.0,online,Manuale
22,Mammarosa,16/06/2026,16/06/2026,12.3,16.8,0.0,online,Manuale
22,Mammarosa,17/06/2026,17/06/2026,12.9,18.3,0.0,online,Manuale
22,Mammarosa,18/06/2026,18/06/2026,13.9,20.1,0.0,online,Manuale
22,Mammarosa,19/06/2026,19/06/2026,15.5,20.2,0.0,online,Manuale
22,Mammarosa,20/06/2026,20/06/2026,15.6,21.2,0.0,online,Manuale
22,Mammarosa,21/06/2026,21/06/2026,15.3,19.1,0.0,online,Manuale
22,Mammarosa,22/06/2026,22/06/2026,14.7,18.7,0.0,online,Manuale
22,Mammarosa,23/06/2026,23/06/2026,14.5,17.6,0.0,online,Manuale
22,Mammarosa,24/06/2026,24/06/2026,14.5,19.0,0.0,online,Manuale
22,Mammarosa,25/06/2026,25/06/2026,14.1,19.4,0.0,online,Manuale
22,Mammarosa,26/06/2026,26/06/2026,15.3,20.3,0.0,online,Manuale
22,Mammarosa,27/06/2026,27/06/2026,15.7,22.1,0.0,online,Manuale
22,Mammarosa,28/06/2026,28/06/2026,19.3,22.6,0.0,online,Manuale
22,Mammarosa,29/06/2026,29/06/2026,18.0,23.2,0.0,online,Manuale
22,Mammarosa,30/06/2026,30/06/2026,15.9,22.5,1.8,online,Manuale
22,Mammarosa,01/07/2026,01/07/2026,16.7,22.3,0.0,online,Manuale
22,Mammarosa,02/07/2026,02/07/2026,11.6,17.1,10.8,online,Manuale
22,Mammarosa,03/07/2026,03/07/2026,11.4,16.4,0.0,online,Manuale
22,Mammarosa,04/07/2026,04/07/2026,11.8,16.9,0.0,online,Manuale
22,Mammarosa,05/07/2026,05/07/2026,11.7,20.0,0.4,online,Manuale
22,Mammarosa,06/07/2026,06/07/2026,12.3,20.0,5.6,online,Manuale
22,Mammarosa,07/07/2026,07/07/2026,13.5,19.7,0.0,online,Manuale
22,Mammarosa,08/07/2026,08/07/2026,15.8,22.4,0.0,online,Manuale
22,Mammarosa,09/07/2026,09/07/2026,14.6,17.7,0.0,online,Manuale
22,Mammarosa,10/07/2026,10/07/2026,13.9,21.9,0.0,online,Manuale
22,Mammarosa,11/07/2026,11/07/2026,17.4,22.8,0.0,online,Manuale
22,Mammarosa,12/07/2026,12/07/2026,13.2,22.3,0.0,online,Manuale
22,Mammarosa,13/07/2026,13/07/2026,13.2,22.3,0.0,online,Manuale
22,Mammarosa,14/07/2026,14/07/2026,17.7,25.1,0.0,online,Manuale
22,Mammarosa,15/07/2026,15/07/2026,19.8,24.8,0.0,online,Manuale
22,Mammarosa,16/07/2026,16/07/2026,15.4,23.8,0.0,online,Manuale
22,Mammarosa,17/07/2026,17/07/2026,20.5,27.9,0.0,online,Manuale
22,Mammarosa,18/07/2026,18/07/2026,18.8,25.8,0.0,online,Manuale
22,Mammarosa,19/07/2026,19/07/2026,18.7,26.7,0.0,online,Manuale
22,Mammarosa,20/07/2026,20/07/2026,18.6,24.8,0.0,online,Manuale
22,Mammarosa,21/07/2026,21/07/2026,14.2,25.9,0.0,online,Manuale
22,Mammarosa,22/07/2026,22/07/2026,9.6,14.9,7.6,online,Manuale
22,Mammarosa,23/07/2026,23/07/2026,11.5,18.4,1.4,online,Manuale
22,Mammarosa,24/07/2026,24/07/2026,9.6,13.6,12.6,online,Manuale
22,Mammarosa,25/07/2026,25/07/2026,9.4,19.4,0.0,online,Manuale
22,Mammarosa,26/07/2026,26/07/2026,14.3,20.9,0.0,online,Manuale
22,Mammarosa,27/07/2026,27/07/2026,14.6,19.2,0.0,online,Manuale
22,Mammarosa,28/07/2026,28/07/2026,14.9,19.3,0.0,online,Manuale
22,Mammarosa,29/07/2026,29/07/2026,16.3,22.3,0.0,online,Manuale
22,Mammarosa,30/07/2026,30/07/2026,18.2,22.1,0.0,online,Manuale
22,Mammarosa,31/07/2026,31/07/2026,16.8,22.4,0.0,online,Manuale
23,Tagliacozzo Loc. Roccacerro,01/04/2026,01/04/2026,0.0,0.0,0.0,offline,Manuale
23,Tagliacozzo Loc. Roccacerro,02/04/2026,02/04/2026,2.9,5.0,0.0,online,Manuale
23,Tagliacozzo Loc. Roccacerro,03/04/2026,03/04/2026,3.3,9.9,0.8,online,Manuale
23,Tagliacozzo Loc. Roccacerro,04/04/2026,04/04/2026,4.3,16.1,0.0,online,Manuale
23,Tagliacozzo Loc. Roccacerro,05/04/2026,05/04/2026,5.8,19.6,0.0,online,Manuale
23,Tagliacozzo Loc. Roccacerro,06/04/2026,06/04/2026,8.1,21.8,0.0,online,Manuale
23,Tagliacozzo Loc. Roccacerro,07/04/2026,07/04/2026,11.0,21.3,0.0,online,Manuale
23,Tagliacozzo Loc. Roccacerro,08/04/2026,08/04/2026,9.4,21.5,0.0,online,Manuale
23,Tagliacozzo Loc. Roccacerro,09/04/2026,09/04/2026,7.9,21.2,0.0,online,Manuale
23,Tagliacozzo Loc. Roccacerro,10/04/2026,10/04/2026,7.0,21.1,0.0,online,Manuale
23,Tagliacozzo Loc. Roccacerro,11/04/2026,11/04/2026,8.2,23.3,0.0,online,Manuale
23,Tagliacozzo Loc. Roccacerro,12/04/2026,12/04/2026,10.0,18.7,0.0,online,Manuale
23,Tagliacozzo Loc. Roccacerro,13/04/2026,13/04/2026,9.1,15.3,0.8,online,Manuale
23,Tagliacozzo Loc. Roccacerro,14/04/2026,14/04/2026,8.3,16.9,0.8,online,Manuale
23,Tagliacozzo Loc. Roccacerro,15/04/2026,15/04/2026,7.5,15.4,1.3,online,Manuale
23,Tagliacozzo Loc. Roccacerro,16/04/2026,16/04/2026,8.9,17.6,0.0,online,Manuale
23,Tagliacozzo Loc. Roccacerro,17/04/2026,17/04/2026,9.1,20.0,3.0,online,Manuale
23,Tagliacozzo Loc. Roccacerro,18/04/2026,18/04/2026,8.5,18.7,0.0,online,Manuale
23,Tagliacozzo Loc. Roccacerro,19/04/2026,19/04/2026,8.3,21.8,0.0,online,Manuale
23,Tagliacozzo Loc. Roccacerro,20/04/2026,20/04/2026,0.0,0.0,0.0,offline,Manuale
23,Tagliacozzo Loc. Roccacerro,21/04/2026,21/04/2026,7.6,19.8,3.6,online,Manuale
23,Tagliacozzo Loc. Roccacerro,22/04/2026,22/04/2026,3.8,9.5,8.2,online,Manuale
23,Tagliacozzo Loc. Roccacerro,23/04/2026,23/04/2026,2.7,12.0,0.0,online,Manuale
23,Tagliacozzo Loc. Roccacerro,24/04/2026,24/04/2026,3.9,18.3,0.0,online,Manuale
23,Tagliacozzo Loc. Roccacerro,25/04/2026,25/04/2026,5.7,22.2,0.0,online,Manuale
23,Tagliacozzo Loc. Roccacerro,26/04/2026,26/04/2026,7.8,22.2,0.0,online,Manuale
23,Tagliacozzo Loc. Roccacerro,27/04/2026,27/04/2026,8.7,22.4,0.0,online,Manuale
23,Tagliacozzo Loc. Roccacerro,28/04/2026,28/04/2026,10.0,21.7,0.0,online,Manuale
23,Tagliacozzo Loc. Roccacerro,29/04/2026,29/04/2026,8.7,21.9,0.0,online,Manuale
23,Tagliacozzo Loc. Roccacerro,30/04/2026,30/04/2026,4.5,12.8,11.0,online,Manuale
23,Tagliacozzo Loc. Roccacerro,01/05/2026,01/05/2026,3.4,11.4,0.0,online,Manuale
23,Tagliacozzo Loc. Roccacerro,02/05/2026,02/05/2026,3.9,15.3,0.0,online,Manuale
23,Tagliacozzo Loc. Roccacerro,03/05/2026,03/05/2026,5.5,21.1,0.0,online,Manuale
23,Tagliacozzo Loc. Roccacerro,04/05/2026,04/05/2026,8.0,18.6,0.0,online,Manuale
23,Tagliacozzo Loc. Roccacerro,05/05/2026,05/05/2026,7.9,11.7,6.2,online,Manuale
23,Tagliacozzo Loc. Roccacerro,06/05/2026,06/05/2026,8.6,15.4,1.0,online,Manuale
23,Tagliacozzo Loc. Roccacerro,07/05/2026,07/05/2026,8.4,19.4,0.6,online,Manuale
23,Tagliacozzo Loc. Roccacerro,08/05/2026,08/05/2026,10.2,17.0,0.0,online,Manuale
23,Tagliacozzo Loc. Roccacerro,09/05/2026,09/05/2026,7.9,20.9,0.0,online,Manuale
23,Tagliacozzo Loc. Roccacerro,10/05/2026,10/05/2026,10.0,14.9,9.3,online,Manuale
23,Tagliacozzo Loc. Roccacerro,11/05/2026,11/05/2026,10.3,18.2,0.2,online,Manuale
23,Tagliacozzo Loc. Roccacerro,12/05/2026,12/05/2026,8.1,17.1,0.0,online,Manuale
23,Tagliacozzo Loc. Roccacerro,13/05/2026,13/05/2026,6.1,15.4,10.4,online,Manuale
23,Tagliacozzo Loc. Roccacerro,14/05/2026,14/05/2026,5.1,15.4,2.3,online,Manuale
23,Tagliacozzo Loc. Roccacerro,15/05/2026,15/05/2026,7.5,13.3,17.9,online,Manuale
23,Tagliacozzo Loc. Roccacerro,16/05/2026,16/05/2026,2.0,9.7,32.6,online,Manuale
23,Tagliacozzo Loc. Roccacerro,17/05/2026,17/05/2026,3.0,15.7,0.0,online,Manuale
23,Tagliacozzo Loc. Roccacerro,18/05/2026,18/05/2026,6.3,16.2,0.0,online,Manuale
23,Tagliacozzo Loc. Roccacerro,19/05/2026,19/05/2026,7.0,19.6,0.0,online,Manuale
23,Tagliacozzo Loc. Roccacerro,20/05/2026,20/05/2026,7.5,19.6,0.0,online,Manuale
23,Tagliacozzo Loc. Roccacerro,21/05/2026,21/05/2026,9.6,20.4,0.0,online,Manuale
23,Tagliacozzo Loc. Roccacerro,22/05/2026,22/05/2026,10.8,20.4,0.0,online,Manuale
23,Tagliacozzo Loc. Roccacerro,23/05/2026,23/05/2026,10.1,20.8,0.0,online,Manuale
23,Tagliacozzo Loc. Roccacerro,24/05/2026,24/05/2026,12.3,23.4,0.0,online,Manuale
23,Tagliacozzo Loc. Roccacerro,25/05/2026,25/05/2026,12.5,25.2,0.0,online,Manuale
23,Tagliacozzo Loc. Roccacerro,26/05/2026,26/05/2026,14.3,26.8,0.0,online,Manuale
23,Tagliacozzo Loc. Roccacerro,27/05/2026,27/05/2026,15.2,28.4,0.0,online,Manuale
23,Tagliacozzo Loc. Roccacerro,28/05/2026,28/05/2026,12.7,27.9,8.9,online,Manuale
23,Tagliacozzo Loc. Roccacerro,29/05/2026,29/05/2026,12.7,22.1,0.4,online,Manuale
23,Tagliacozzo Loc. Roccacerro,30/05/2026,30/05/2026,12.5,26.3,0.0,online,Manuale
23,Tagliacozzo Loc. Roccacerro,31/05/2026,31/05/2026,12.4,18.7,0.0,online,Manuale
23,Tagliacozzo Loc. Roccacerro,01/06/2026,01/06/2026,13.6,24.7,0.0,online,Manuale
23,Tagliacozzo Loc. Roccacerro,02/06/2026,02/06/2026,13.3,23.3,0.0,online,Manuale
23,Tagliacozzo Loc. Roccacerro,03/06/2026,03/06/2026,11.9,17.9,13.8,online,Manuale
23,Tagliacozzo Loc. Roccacerro,04/06/2026,04/06/2026,9.6,22.8,0.0,online,Manuale
23,Tagliacozzo Loc. Roccacerro,05/06/2026,05/06/2026,11.0,21.6,0.0,online,Manuale
23,Tagliacozzo Loc. Roccacerro,06/06/2026,06/06/2026,12.6,22.5,0.0,online,Manuale
23,Tagliacozzo Loc. Roccacerro,07/06/2026,07/06/2026,12.2,25.9,0.0,online,Manuale
23,Tagliacozzo Loc. Roccacerro,08/06/2026,08/06/2026,13.5,26.5,0.0,online,Manuale
23,Tagliacozzo Loc. Roccacerro,09/06/2026,09/06/2026,14.1,26.4,0.0,online,Manuale
23,Tagliacozzo Loc. Roccacerro,10/06/2026,10/06/2026,15.0,26.8,0.0,online,Manuale
23,Tagliacozzo Loc. Roccacerro,11/06/2026,11/06/2026,13.5,22.9,0.0,online,Manuale
23,Tagliacozzo Loc. Roccacerro,12/06/2026,12/06/2026,11.9,22.5,0.0,online,Manuale
23,Tagliacozzo Loc. Roccacerro,13/06/2026,13/06/2026,12.2,26.3,0.0,online,Manuale
23,Tagliacozzo Loc. Roccacerro,14/06/2026,14/06/2026,14.8,27.3,0.0,online,Manuale
23,Tagliacozzo Loc. Roccacerro,15/06/2026,15/06/2026,13.3,26.0,0.0,online,Manuale
23,Tagliacozzo Loc. Roccacerro,16/06/2026,16/06/2026,13.4,27.4,0.2,online,Manuale
23,Tagliacozzo Loc. Roccacerro,17/06/2026,17/06/2026,13.5,29.3,21.6,online,Manuale
23,Tagliacozzo Loc. Roccacerro,18/06/2026,18/06/2026,14.4,28.2,0.0,online,Manuale
23,Tagliacozzo Loc. Roccacerro,19/06/2026,19/06/2026,16.5,30.2,0.0,online,Manuale
23,Tagliacozzo Loc. Roccacerro,20/06/2026,20/06/2026,0.0,0.0,0.0,offline,Manuale
23,Tagliacozzo Loc. Roccacerro,21/06/2026,21/06/2026,18.4,31.1,0.0,online,Manuale
23,Tagliacozzo Loc. Roccacerro,22/06/2026,22/06/2026,17.8,30.0,0.0,online,Manuale
23,Tagliacozzo Loc. Roccacerro,23/06/2026,23/06/2026,16.8,28.1,1.7,online,Manuale
23,Tagliacozzo Loc. Roccacerro,24/06/2026,24/06/2026,18.2,27.4,2.2,online,Manuale
23,Tagliacozzo Loc. Roccacerro,25/06/2026,25/06/2026,17.8,30.0,0.4,online,Manuale
23,Tagliacozzo Loc. Roccacerro,26/06/2026,26/06/2026,16.0,30.3,0.0,online,Manuale
23,Tagliacozzo Loc. Roccacerro,27/06/2026,27/06/2026,16.0,30.3,0.0,online,Manuale
23,Tagliacozzo Loc. Roccacerro,28/06/2026,28/06/2026,19.7,33.6,0.0,online,Manuale
23,Tagliacozzo Loc. Roccacerro,29/06/2026,29/06/2026,19.6,32.0,0.0,online,Manuale
23,Tagliacozzo Loc. Roccacerro,30/06/2026,30/06/2026,19.5,31.4,0.0,online,Manuale
23,Tagliacozzo Loc. Roccacerro,01/07/2026,01/07/2026,0.0,0.0,0.0,offline,Manuale
23,Tagliacozzo Loc. Roccacerro,02/07/2026,02/07/2026,11.8,31.1,12.8,online,Manuale
23,Tagliacozzo Loc. Roccacerro,03/07/2026,03/07/2026,13.8,21.6,0.0,online,Manuale
23,Tagliacozzo Loc. Roccacerro,04/07/2026,04/07/2026,16.5,24.9,0.0,online,Manuale
23,Tagliacozzo Loc. Roccacerro,05/07/2026,05/07/2026,16.1,28.5,0.0,online,Manuale
23,Tagliacozzo Loc. Roccacerro,06/07/2026,06/07/2026,13.8,28.8,0.2,online,Manuale
23,Tagliacozzo Loc. Roccacerro,07/07/2026,07/07/2026,13.1,29.6,0.0,online,Manuale
23,Tagliacozzo Loc. Roccacerro,08/07/2026,08/07/2026,17.8,29.4,0.0,online,Manuale
23,Tagliacozzo Loc. Roccacerro,09/07/2026,09/07/2026,16.9,27.9,0.0,online,Manuale
23,Tagliacozzo Loc. Roccacerro,10/07/2026,10/07/2026,15.9,30.0,0.0,online,Manuale
23,Tagliacozzo Loc. Roccacerro,11/07/2026,11/07/2026,17.4,30.4,0.0,online,Manuale
23,Tagliacozzo Loc. Roccacerro,12/07/2026,12/07/2026,17.2,30.0,0.0,online,Manuale
23,Tagliacozzo Loc. Roccacerro,13/07/2026,13/07/2026,17.3,31.2,0.0,online,Manuale
23,Tagliacozzo Loc. Roccacerro,14/07/2026,14/07/2026,18.4,31.9,0.0,online,Manuale
23,Tagliacozzo Loc. Roccacerro,15/07/2026,15/07/2026,18.7,34.0,0.0,online,Manuale
23,Tagliacozzo Loc. Roccacerro,16/07/2026,16/07/2026,20.4,33.4,0.0,online,Manuale
23,Tagliacozzo Loc. Roccacerro,17/07/2026,17/07/2026,21.1,35.0,0.0,online,Manuale
23,Tagliacozzo Loc. Roccacerro,18/07/2026,18/07/2026,20.8,33.4,0.0,online,Manuale
23,Tagliacozzo Loc. Roccacerro,19/07/2026,19/07/2026,20.3,33.9,0.0,online,Manuale
23,Tagliacozzo Loc. Roccacerro,20/07/2026,20/07/2026,20.0,33.8,0.0,online,Manuale
23,Tagliacozzo Loc. Roccacerro,21/07/2026,21/07/2026,0.0,0.0,0.0,offline,Manuale
23,Tagliacozzo Loc. Roccacerro,22/07/2026,22/07/2026,16.6,29.3,0.0,online,Manuale
23,Tagliacozzo Loc. Roccacerro,23/07/2026,23/07/2026,15.3,28.4,0.0,online,Manuale
23,Tagliacozzo Loc. Roccacerro,24/07/2026,24/07/2026,15.2,23.6,0.0,online,Manuale
23,Tagliacozzo Loc. Roccacerro,25/07/2026,25/07/2026,12.4,29.0,0.0,online,Manuale
23,Tagliacozzo Loc. Roccacerro,26/07/2026,26/07/2026,12.4,29.0,0.0,online,Manuale
23,Tagliacozzo Loc. Roccacerro,27/07/2026,27/07/2026,16.3,27.6,0.0,online,Manuale
23,Tagliacozzo Loc. Roccacerro,28/07/2026,28/07/2026,17.4,29.5,0.0,online,Manuale
23,Tagliacozzo Loc. Roccacerro,29/07/2026,29/07/2026,18.1,32.2,0.0,online,Manuale
23,Tagliacozzo Loc. Roccacerro,30/07/2026,30/07/2026,18.4,32.8,0.0,online,Manuale
23,Tagliacozzo Loc. Roccacerro,31/07/2026,31/07/2026,19.8,34.5,0.0,online,Manuale
24,Montereale - Aringo,01/04/2026,01/04/2026,0.2,3.0,24.2,online,Manuale
24,Montereale - Aringo,02/04/2026,02/04/2026,0.1,4.3,9.6,online,Manuale
24,Montereale - Aringo,03/04/2026,03/04/2026,0.5,11.1,3.8,online,Manuale
24,Montereale - Aringo,04/04/2026,04/04/2026,-1.4,15.0,0.0,online,Manuale
24,Montereale - Aringo,05/04/2026,05/04/2026,0.1,19.6,0.0,online,Manuale
24,Montereale - Aringo,06/04/2026,06/04/2026,0.0,0.0,0.0,offline,Manuale
24,Montereale - Aringo,07/04/2026,07/04/2026,3.3,20.9,0.0,online,Manuale
24,Montereale - Aringo,08/04/2026,08/04/2026,2.9,20.4,0.0,online,Manuale
24,Montereale - Aringo,09/04/2026,09/04/2026,3.6,20.8,0.0,online,Manuale
24,Montereale - Aringo,10/04/2026,10/04/2026,3.9,20.4,0.0,online,Manuale
24,Montereale - Aringo,11/04/2026,11/04/2026,5.1,22.9,0.0,online,Manuale
24,Montereale - Aringo,12/04/2026,12/04/2026,4.9,19.6,0.0,online,Manuale
24,Montereale - Aringo,13/04/2026,13/04/2026,8.2,16.9,0.0,online,Manuale
24,Montereale - Aringo,14/04/2026,14/04/2026,5.7,17.8,3.0,online,Manuale
24,Montereale - Aringo,15/04/2026,15/04/2026,8.6,15.6,14.6,online,Manuale
24,Montereale - Aringo,16/04/2026,16/04/2026,6.9,16.8,0.2,online,Manuale
24,Montereale - Aringo,17/04/2026,17/04/2026,4.5,20.2,0.2,online,Manuale
24,Montereale - Aringo,18/04/2026,18/04/2026,3.6,18.7,0.0,online,Manuale
24,Montereale - Aringo,19/04/2026,19/04/2026,1.6,21.8,0.0,online,Manuale
24,Montereale - Aringo,20/04/2026,20/04/2026,0.0,0.0,0.0,offline,Manuale
24,Montereale - Aringo,21/04/2026,21/04/2026,6.1,18.1,6.0,online,Manuale
24,Montereale - Aringo,22/04/2026,22/04/2026,0.7,10.7,3.0,online,Manuale
24,Montereale - Aringo,23/04/2026,23/04/2026,-1.9,13.1,0.0,online,Manuale
24,Montereale - Aringo,24/04/2026,24/04/2026,-1.0,19.8,0.0,online,Manuale
24,Montereale - Aringo,25/04/2026,25/04/2026,1.8,22.1,0.0,online,Manuale
24,Montereale - Aringo,26/04/2026,26/04/2026,2.2,22.5,0.0,online,Manuale
24,Montereale - Aringo,27/04/2026,27/04/2026,4.1,21.9,0.6,online,Manuale
24,Montereale - Aringo,28/04/2026,28/04/2026,5.5,22.2,0.2,online,Manuale
24,Montereale - Aringo,29/04/2026,29/04/2026,4.7,22.4,0.6,online,Manuale
24,Montereale - Aringo,30/04/2026,30/04/2026,2.3,12.7,0.0,online,Manuale
24,Montereale - Aringo,01/05/2026,01/05/2026,-0.8,12.4,0.0,online,Manuale
24,Montereale - Aringo,02/05/2026,02/05/2026,-1.0,17.3,0.0,online,Manuale
24,Montereale - Aringo,03/05/2026,03/05/2026,1.4,22.7,0.0,online,Manuale
24,Montereale - Aringo,04/05/2026,04/05/2026,5.0,21.1,0.0,online,Manuale
24,Montereale - Aringo,05/05/2026,05/05/2026,6.8,14.9,3.4,online,Manuale
24,Montereale - Aringo,06/05/2026,06/05/2026,0.0,0.0,0.0,offline,Manuale
24,Montereale - Aringo,07/05/2026,07/05/2026,8.9,20.7,0.8,online,Manuale
24,Montereale - Aringo,08/05/2026,08/05/2026,6.7,18.3,0.2,online,Manuale
24,Montereale - Aringo,09/05/2026,09/05/2026,3.5,21.1,0.0,online,Manuale
24,Montereale - Aringo,10/05/2026,10/05/2026,9.0,17.5,6.2,online,Manuale
24,Montereale - Aringo,11/05/2026,11/05/2026,9.9,17.1,0.4,online,Manuale
24,Montereale - Aringo,12/05/2026,12/05/2026,7.4,17.6,0.0,online,Manuale
24,Montereale - Aringo,13/05/2026,13/05/2026,5.1,14.6,3.6,online,Manuale
24,Montereale - Aringo,14/05/2026,14/05/2026,3.5,17.1,0.2,online,Manuale
24,Montereale - Aringo,15/05/2026,15/05/2026,7.3,13.8,14.4,online,Manuale
24,Montereale - Aringo,16/05/2026,16/05/2026,1.9,10.1,18.2,online,Manuale
24,Montereale - Aringo,17/05/2026,17/05/2026,0.2,16.1,0.2,online,Manuale
24,Montereale - Aringo,18/05/2026,18/05/2026,4.4,16.9,12.0,online,Manuale
24,Montereale - Aringo,19/05/2026,19/05/2026,5.3,18.1,0.2,online,Manuale
24,Montereale - Aringo,20/05/2026,20/05/2026,4.1,19.7,0.2,online,Manuale
24,Montereale - Aringo,21/05/2026,21/05/2026,3.9,20.3,0.0,online,Manuale
24,Montereale - Aringo,22/05/2026,22/05/2026,6.0,21.1,0.0,online,Manuale
24,Montereale - Aringo,23/05/2026,23/05/2026,5.2,22.3,0.0,online,Manuale
24,Montereale - Aringo,24/05/2026,24/05/2026,5.9,22.9,0.0,online,Manuale
24,Montereale - Aringo,26/05/2026,26/05/2026,8.7,25.9,0.0,online,Manuale
24,Montereale - Aringo,27/05/2026,27/05/2026,9.6,28.9,0.0,online,Manuale
24,Montereale - Aringo,28/05/2026,28/05/2026,12.6,26.6,0.6,online,Manuale
24,Montereale - Aringo,29/05/2026,29/05/2026,9.7,23.3,12.4,online,Manuale
24,Montereale - Aringo,31/05/2026,31/05/2026,9.3,26.2,0.0,online,Manuale
24,Montereale - Aringo,01/06/2026,01/06/2026,9.6,24.7,0.0,online,Manuale
24,Montereale - Aringo,02/06/2026,02/06/2026,10.2,24.2,0.0,online,Manuale
24,Montereale - Aringo,03/06/2026,03/06/2026,8.9,21.6,17.4,online,Manuale
24,Montereale - Aringo,04/06/2026,04/06/2026,6.1,23.7,0.4,online,Manuale
24,Montereale - Aringo,05/06/2026,05/06/2026,8.6,21.1,0.2,online,Manuale
24,Montereale - Aringo,06/06/2026,06/06/2026,0.0,0.0,0.0,offline,Manuale
24,Montereale - Aringo,07/06/2026,07/06/2026,0.0,0.0,0.0,offline,Manuale
24,Montereale - Aringo,08/06/2026,08/06/2026,10.2,26.2,0.2,online,Manuale
24,Montereale - Aringo,09/06/2026,09/06/2026,10.1,26.1,0.0,online,Manuale
24,Montereale - Aringo,10/06/2026,10/06/2026,11.5,26.3,0.0,online,Manuale
24,Montereale - Aringo,11/06/2026,11/06/2026,11.4,23.8,0.0,online,Manuale
24,Montereale - Aringo,13/06/2026,13/06/2026,7.3,26.1,0.0,online,Manuale
24,Montereale - Aringo,14/06/2026,14/06/2026,10.1,26.6,0.0,online,Manuale
24,Montereale - Aringo,15/06/2026,15/06/2026,7.8,25.8,0.0,online,Manuale
24,Montereale - Aringo,16/06/2026,16/06/2026,10.3,28.1,0.6,online,Manuale
24,Montereale - Aringo,17/06/2026,17/06/2026,11.1,27.1,0.6,online,Manuale
24,Montereale - Aringo,18/06/2026,18/06/2026,10.5,29.3,0.2,online,Manuale
24,Montereale - Aringo,19/06/2026,19/06/2026,12.8,30.2,0.0,online,Manuale
24,Montereale - Aringo,20/06/2026,20/06/2026,12.8,31.4,0.0,online,Manuale
24,Montereale - Aringo,21/06/2026,21/06/2026,14.4,30.9,0.0,online,Manuale
24,Montereale - Aringo,22/06/2026,22/06/2026,14.4,27.6,0.0,online,Manuale
24,Montereale - Aringo,23/06/2026,23/06/2026,13.2,28.3,0.2,online,Manuale
24,Montereale - Aringo,24/06/2026,24/06/2026,13.6,28.1,0.0,online,Manuale
24,Montereale - Aringo,25/06/2026,25/06/2026,12.3,29.3,0.0,online,Manuale
24,Montereale - Aringo,26/06/2026,26/06/2026,13.7,31.1,0.0,online,Manuale
24,Montereale - Aringo,27/06/2026,27/06/2026,14.4,31.8,0.0,online,Manuale
24,Montereale - Aringo,28/06/2026,28/06/2026,15.7,32.7,0.0,online,Manuale
24,Montereale - Aringo,30/06/2026,30/06/2026,13.2,30.4,0.4,online,Manuale
24,Montereale - Aringo,01/07/2026,01/07/2026,11.8,31.8,0.2,online,Manuale
24,Montereale - Aringo,02/07/2026,02/07/2026,11.8,31.1,9.8,online,Manuale
24,Montereale - Aringo,03/07/2026,03/07/2026,13.8,21.6,0.2,online,Manuale
24,Montereale - Aringo,04/07/2026,04/07/2026,10.4,25.8,0.0,online,Manuale
24,Montereale - Aringo,05/07/2026,05/07/2026,9.1,27.7,0.2,online,Manuale
24,Montereale - Aringo,06/07/2026,06/07/2026,0.0,0.0,0.0,offline,Manuale
24,Montereale - Aringo,07/07/2026,07/07/2026,10.7,28.9,0.4,online,Manuale
24,Montereale - Aringo,08/07/2026,08/07/2026,13.3,28.6,0.0,online,Manuale
24,Montereale - Aringo,09/07/2026,09/07/2026,13.8,28.7,0.0,online,Manuale
24,Montereale - Aringo,10/07/2026,10/07/2026,12.6,29.7,4.0,online,Manuale
24,Montereale - Aringo,11/07/2026,11/07/2026,13.9,30.3,0.4,online,Manuale
24,Montereale - Aringo,12/07/2026,12/07/2026,14.9,28.9,0.0,online,Manuale
24,Montereale - Aringo,13/07/2026,13/07/2026,12.8,30.6,0.2,online,Manuale
24,Montereale - Aringo,14/07/2026,14/07/2026,15.6,31.2,0.0,online,Manuale
24,Montereale - Aringo,15/07/2026,15/07/2026,13.2,33.8,0.0,online,Manuale
24,Montereale - Aringo,16/07/2026,16/07/2026,15.2,32.7,0.0,online,Manuale
24,Montereale - Aringo,17/07/2026,17/07/2026,15.4,34.7,0.0,online,Manuale
24,Montereale - Aringo,19/07/2026,19/07/2026,15.5,32.7,0.0,online,Manuale
24,Montereale - Aringo,20/07/2026,20/07/2026,16.3,32.1,0.0,online,Manuale
24,Montereale - Aringo,21/07/2026,21/07/2026,16.2,31.8,0.4,online,Manuale
24,Montereale - Aringo,22/07/2026,22/07/2026,12.9,24.3,0.0,online,Manuale
24,Montereale - Aringo,23/07/2026,23/07/2026,11.7,27.6,24.8,online,Manuale
24,Montereale - Aringo,24/07/2026,24/07/2026,10.4,23.6,0.2,online,Manuale
24,Montereale - Aringo,25/07/2026,25/07/2026,0.0,0.0,0.0,offline,Manuale
24,Montereale - Aringo,26/07/2026,26/07/2026,0.0,0.0,0.0,offline,Manuale
24,Montereale - Aringo,27/07/2026,27/07/2026,0.0,0.0,0.0,offline,Manuale
24,Montereale - Aringo,28/07/2026,28/07/2026,0.0,0.0,0.0,offline,Manuale
24,Montereale - Aringo,29/07/2026,29/07/2026,0.0,0.0,0.0,offline,Manuale
24,Montereale - Aringo,30/07/2026,30/07/2026,15.2,31.7,0.0,online,Manuale
24,Montereale - Aringo,31/07/2026,31/07/2026,0.0,0.0,0.0,offline,Manuale
38,Fara San Martino,02/08/2026,02/08/2026,26.7,36.6,0.0,online,Manuale
39,Cappadocia,02/08/2026,02/08/2026,12.8,27.4,1.8,online,Manuale
40,Pizzoli fraz.Marruci,02/08/2026,02/08/2026,16.2,37.8,0.0,online,Manuale
41,Corfinio,02/08/2026,02/08/2026,18.9,38.7,0.0,online,Manuale
Id,StazioneMeteo,DataRilevamento,DataAggiornamento,TemperaturaMin,TemperaturaMax,PioggiaGiornaliera,Stato,FonteDati
3,Castel del Monte - Loc. Pietrattina,01/08/2026 23:50:02,01/08/2026 23:35,3.7,27.1,0.0,online,MeteoRegioneAbruzzo
10,Prata d'Ansidonia,01/08/2026 23:50:02,01/08/2026 23:40,13.5,34.8,0.0,online,MeteoRegioneAbruzzo
17,Roccaraso Loc. Aremogna,01/08/2026 23:50:02,01/08/2026 23:45,-1.3,28.3,0.0,online,MeteoRegioneAbruzzo
23,Tagliacozzo Loc. Roccacerro,01/08/2026 23:50:02,01/08/2026 23:49,20.2,35.1,0.0,online,MeteoRegioneAbruzzo
24,Montereale - Aringo,01/08/2026 23:50:02,01/08/2026 23:49,13.4,34.3,0.0,online,MeteoRegioneAbruzzo
26,Rocca di Mezzo Loc. Terranera,01/08/2026 23:50:02,01/08/2026 23:45,3.6,31.9,0.0,online,MeteoRegioneAbruzzo
27,Lago di Campotosto,01/08/2026 23:50:02,01/08/2026 23:40,16.2,31.3,0.0,online,MeteoRegioneAbruzzo
28,Castel di Sangro - Loc. Speno,01/08/2026 23:50:02,01/08/2026 23:49,10.7,34.7,0.0,online,MeteoRegioneAbruzzo
29,Cagnano Amiterno,01/08/2026 23:50:02,01/08/2026 23:25,13.9,20.1,0.0,online,MeteoRegioneAbruzzo
30,Campo Felice Loc. Lentrata,01/08/2026 23:50:02,01/08/2026 23:45,5.8,29.8,0.0,online,MeteoRegioneAbruzzo
33,Marsia,01/08/2026 23:50:02,01/08/2026 23:45,3.3,29.0,0.0,online,MeteoRegioneAbruzzo
34,Tagliacozzo Loc. Poggetello,01/08/2026 23:50:02,01/08/2026 23:45,12.8,36.7,0.0,online,MeteoRegioneAbruzzo
35,Collebrincioni,01/08/2026 23:50:02,01/08/2026 23:47,20.3,34.9,0.0,online,MeteoRegioneAbruzzo
36,Campo Imperatore Loc. Prato del Bove,01/08/2026 23:50:02,01/08/2026 23:49,-2.4,27.6,0.0,online,MeteoRegioneAbruzzo
37,Sella di Corno,01/08/2026 23:50:02,01/08/2026 23:40,17.4,33.6,0.0,online,MeteoRegioneAbruzzo
38,Cagnano Amiterno,01/08/2026 23:50:02,01/08/2026 23:39,13.1,36.3,0.0,online,MeteoRegioneAbruzzo
5,Pratola Peligna,01/08/2026 23:52:02,01/08/2026 23:50,14.1,39.7,0.0,online,ChietiMeteo
12,Roccacaramanico,01/08/2026 23:52:02,01/08/2026 23:49,22.2,31.3,0.0,online,ChietiMeteo
13,Campo di Giove,01/08/2026 23:52:02,01/08/2026 23:49,19.1,32.5,0.0,online,ChietiMeteo
14,Bosco di Sant'Antonio,01/08/2026 23:52:02,01/08/2026 23:50,12.9,31.1,0.0,online,ChietiMeteo
15,Palena Stazione,01/08/2026 23:52:02,01/08/2026 23:50,4.3,31.2,0.0,online,ChietiMeteo
16,Pescocostanzo Loc. Vallefura,01/08/2026 23:52:02,01/08/2026 23:49,16.2,28.8,0.0,online,ChietiMeteo
18,Castel di Sangro,01/08/2026 23:52:02,01/08/2026 23:50,11.9,34.4,0.0,online,ChietiMeteo
21,Passolanciano,01/08/2026 23:52:02,01/08/2026 23:49,17.6,28.2,0.0,online,ChietiMeteo
22,Mammarosa,01/08/2026 23:52:02,01/08/2026 23:49,19.4,25.2,0.0,online,ChietiMeteo
31,Castel di Sangro 2,01/08/2026 23:52:02,01/08/2026 23:50,9.5,34.9,0.0,online,ChietiMeteo
32,Campo di Giove Loc. Guado di Coccia,01/08/2026 23:52:02,01/08/2026 23:50,17.6,25.4,0.0,online,ChietiMeteo
1,Il Ceppo Rifugio,01/08/2026 23:54:02,01/08/2026 23:50,19.6,30.9,0.0,online,CaputFrigoris
2,Prati Di Tivo,01/08/2026 23:54:02,02/07/2026 05:20,0.0,0.0,0.0,offline,CaputFrigoris
4,Villa Celiera,01/08/2026 23:54:02,01/08/2026 23:50,24.7,34.0,0.0,online,CaputFrigoris
6,Rocca di Mezzo Loc. Rovere,01/08/2026 23:54:02,01/08/2026 23:45,11.8,30.8,0.0,online,CaputFrigoris
8,Rocca di Mezzo Loc. Fonteavignone,01/08/2026 23:54:02,01/08/2026 23:45,16.4,32.7,0.0,online,CaputFrigoris
9,Civitaretegna,01/08/2026 23:54:02,01/08/2026 23:50,11.6,35.2,0.0,online,CaputFrigoris
20,Monteferrante,01/08/2026 23:54:02,01/08/2026 23:50,25.4,35.3,0.0,online,CaputFrigoris
7,Rocca di Mezzo,01/08/2026 23:56:02,01/08/2026 21:49,8.0,31.9,0.0,online,MeteoNetwork
11,Passo San Leonardo,01/08/2026 23:56:02,01/08/2026 21:53,19.8,28.8,0.0,online,MeteoNetwork
19,San Pietro di Avellana,01/08/2026 23:56:02,01/08/2026 21:49,9.1,35.1,0.0,online,MeteoNetwork
25,Oricola Loc. Pezzetaglie,01/08/2026 23:56:02,01/08/2026 21:49,13.8,38.3,0.0,online,MeteoNetwork
10,Prata d'Ansidonia,02/08/2026 23:50:02,02/08/2026 21:55,15.3,34.6,0.0,online,MeteoRegioneAbruzzo
24,Montereale - Aringo,02/08/2026 23:50:02,02/08/2026 23:49,14.2,33.6,0.0,online,MeteoRegioneAbruzzo
26,Rocca di Mezzo Loc. Terranera,02/08/2026 23:50:02,02/08/2026 23:45,6.8,31.8,0.0,online,MeteoRegioneAbruzzo
27,Lago di Campotosto,02/08/2026 23:50:02,02/08/2026 23:40,17.4,30.9,0.0,online,MeteoRegioneAbruzzo
28,Castel di Sangro - Loc. Speno,02/08/2026 23:50:02,02/08/2026 23:49,13.9,34.6,0.0,online,MeteoRegioneAbruzzo
29,Cagnano Amiterno,02/08/2026 23:50:02,02/08/2026 23:39,14.0,35.4,0.0,online,MeteoRegioneAbruzzo
30,Campo Felice Loc. Lentrata,02/08/2026 23:50:02,02/08/2026 16:40,8.3,28.5,0.0,online,MeteoRegioneAbruzzo
33,Marsia,02/08/2026 23:50:02,02/08/2026 14:30,6.3,28.4,4.8,online,MeteoRegioneAbruzzo
34,Tagliacozzo Loc. Poggetello,02/08/2026 23:50:02,02/08/2026 23:45,13.6,35.7,6.1,online,MeteoRegioneAbruzzo
35,Collebrincioni,02/08/2026 23:50:02,02/08/2026 23:47,21.3,34.0,0.0,online,MeteoRegioneAbruzzo
36,Campo Imperatore Loc. Prato del Bove,02/08/2026 23:50:02,02/08/2026 23:49,2.3,27.3,0.0,online,MeteoRegioneAbruzzo
37,Sella di Corno,02/08/2026 23:50:02,02/08/2026 23:40,15.4,32.9,23.4,online,MeteoRegioneAbruzzo
5,Pratola Peligna,02/08/2026 23:52:02,02/08/2026 23:50,15.8,39.3,0.0,online,ChietiMeteo
12,Roccacaramanico,02/08/2026 23:52:02,02/08/2026 23:49,22.9,30.6,0.0,online,ChietiMeteo
13,Campo di Giove,02/08/2026 23:52:02,02/08/2026 23:49,20.6,31.4,0.0,online,ChietiMeteo
14,Bosco di Sant'Antonio,02/08/2026 23:52:02,02/08/2026 23:50,15.1,31.0,0.0,online,ChietiMeteo
15,Palena Stazione,02/08/2026 23:52:02,02/08/2026 23:50,7.5,31.8,1.8,online,ChietiMeteo
16,Pescocostanzo Loc. Vallefura,02/08/2026 23:52:02,02/08/2026 23:49,17.4,29.3,0.0,online,ChietiMeteo
18,Castel di Sangro,02/08/2026 23:52:02,02/08/2026 23:50,14.8,34.7,0.0,online,ChietiMeteo
21,Passolanciano,02/08/2026 23:52:02,02/08/2026 23:50,18.6,27.9,0.0,online,ChietiMeteo
22,Mammarosa,02/08/2026 23:52:02,02/08/2026 23:49,19.8,23.9,0.0,online,ChietiMeteo
31,Castel di Sangro 2,02/08/2026 23:52:02,02/08/2026 23:50,13.2,35.7,0.0,online,ChietiMeteo
32,Campo di Giove Loc. Guado di Coccia,02/08/2026 23:52:02,02/08/2026 23:50,17.7,25.6,0.2,online,ChietiMeteo
1,Il Ceppo Rifugio,02/08/2026 23:54:02,02/08/2026 23:50,19.6,30.9,0.0,online,CaputFrigoris
2,Prati Di Tivo,02/08/2026 23:54:02,02/08/2026 23:45,18.8,27.6,0.0,online,CaputFrigoris
4,Villa Celiera,02/08/2026 23:54:02,02/08/2026 23:50,25.6,33.9,0.0,online,CaputFrigoris
6,Rocca di Mezzo Loc. Rovere,02/08/2026 23:54:02,02/08/2026 23:50,13.7,31.0,0.0,online,CaputFrigoris
8,Rocca di Mezzo Loc. Fonteavignone,02/08/2026 23:54:02,02/08/2026 23:50,18.0,31.8,0.0,online,CaputFrigoris
9,Civitaretegna,02/08/2026 23:54:02,02/08/2026 23:50,13.6,35.2,0.0,online,CaputFrigoris
20,Monteferrante,02/08/2026 23:54:02,02/08/2026 23:50,26.0,35.6,0.0,online,CaputFrigoris
7,Rocca di Mezzo,02/08/2026 23:56:02,02/08/2026 21:50,9.8,30.5,0.0,online,MeteoNetwork
11,Passo San Leonardo,02/08/2026 23:56:02,02/08/2026 21:52,19.6,28.8,0.0,online,MeteoNetwork
19,San Pietro di Avellana,02/08/2026 23:56:02,02/08/2026 21:50,11.7,34.5,0.0,online,MeteoNetwork
23,Tagliacozzo Loc. Roccacerro,02/08/2026 23:56:02,02/08/2026 21:44,20.2,35.1,0.0,online,MeteoNetwork
25,Oricola Loc. Pezzetaglie,02/08/2026 23:56:02,02/08/2026 21:49,14.6,37.7,0.2,online,MeteoNetwork
3,Castel del Monte - Loc. Pietrattina,02/08/2026 23:58:02,02/08/2026 23:45,3.7,27.1,0.0,online,MeteoAquilano
17,Roccaraso Loc. Aremogna,02/08/2026 23:58:02,02/08/2026 23:40:00,1.3,28.4,0.0,online,MeteoAquilano
28,Castel di Sangro - Loc. Speno,03/08/2026 23:50:02,03/08/2026 23:49,12.6,34.3,0.0,online,MeteoRegioneAbruzzo
33,Marsia,03/08/2026 23:50:02,02/08/2026 14:30,0.0,0.0,0.0,online,MeteoRegioneAbruzzo
34,Tagliacozzo Loc. Poggetello,03/08/2026 23:50:02,03/08/2026 23:45,10.9,33.9,0.0,online,MeteoRegioneAbruzzo
36,Campo Imperatore Loc. Prato del Bove,03/08/2026 23:50:02,03/08/2026 23:49,2.3,26.9,1.5,online,MeteoRegioneAbruzzo
5,Pratola Peligna,03/08/2026 23:52:02,03/08/2026 23:33,15.2,39.1,0.0,online,ChietiMeteo
12,Roccacaramanico,03/08/2026 23:52:02,03/08/2026 23:49,22.0,30.8,0.0,online,ChietiMeteo
13,Campo di Giove,03/08/2026 23:52:02,03/08/2026 23:49,17.4,31.2,11.2,online,ChietiMeteo
14,Bosco di Sant'Antonio,03/08/2026 23:52:02,03/08/2026 23:50,13.9,29.1,4.4,online,ChietiMeteo
15,Palena Stazione,03/08/2026 23:52:02,03/08/2026 20:06,8.0,29.5,0.0,online,ChietiMeteo
16,Pescocostanzo Loc. Vallefura,03/08/2026 23:52:02,03/08/2026 23:49,16.2,28.4,0.0,online,ChietiMeteo
18,Castel di Sangro,03/08/2026 23:52:02,03/08/2026 23:50,13.4,34.6,0.0,online,ChietiMeteo
21,Passolanciano,03/08/2026 23:52:02,03/08/2026 23:50,17.7,27.9,0.0,online,ChietiMeteo
22,Mammarosa,03/08/2026 23:52:02,03/08/2026 23:49,18.9,23.8,0.0,online,ChietiMeteo
31,Castel di Sangro 2,03/08/2026 23:52:02,03/08/2026 23:50,11.8,35.1,0.2,online,ChietiMeteo
32,Campo di Giove Loc. Guado di Coccia,03/08/2026 23:52:02,03/08/2026 23:50,16.9,25.3,43.0,online,ChietiMeteo
1,Il Ceppo Rifugio,03/08/2026 23:54:02,03/08/2026 23:50,19.6,28.9,0.0,online,CaputFrigoris
2,Prati Di Tivo,03/08/2026 23:54:02,03/08/2026 23:45,17.8,27.6,0.0,online,CaputFrigoris
4,Villa Celiera,03/08/2026 23:54:02,03/08/2026 23:50,24.7,33.8,0.0,online,CaputFrigoris
6,Rocca di Mezzo Loc. Rovere,03/08/2026 23:54:02,03/08/2026 23:45,12.6,30.1,1.6,online,CaputFrigoris
8,Rocca di Mezzo Loc. Fonteavignone,03/08/2026 23:54:02,03/08/2026 23:45,17.1,30.4,0.0,online,CaputFrigoris
9,Civitaretegna,03/08/2026 23:54:02,03/08/2026 23:50,12.3,34.7,0.0,online,CaputFrigoris
20,Monteferrante,03/08/2026 23:54:02,03/08/2026 23:50,25.3,34.9,0.0,online,CaputFrigoris
7,Rocca di Mezzo,03/08/2026 23:56:02,03/08/2026 21:49,8.8,29.8,0.0,online,MeteoNetwork
11,Passo San Leonardo,03/08/2026 23:56:02,03/08/2026 21:52,20.6,28.1,0.0,online,MeteoNetwork
19,San Pietro di Avellana,03/08/2026 23:56:02,03/08/2026 21:49,10.5,33.8,0.0,online,MeteoNetwork
23,Tagliacozzo Loc. Roccacerro,03/08/2026 23:56:02,03/08/2026 21:44,18.4,33.7,0.0,online,MeteoNetwork
24,Montereale - Aringo,03/08/2026 23:56:02,03/08/2026 21:49,12.5,33.3,0.0,online,MeteoNetwork
25,Oricola Loc. Pezzetaglie,03/08/2026 23:56:02,03/08/2026 21:50,11.7,36.0,0.0,online,MeteoNetwork
38,Fara San Martino,03/08/2026 23:56:02,03/08/2026 21:33,24.9,35.8,0.0,online,MeteoNetwork
39,Cappadocia,03/08/2026 23:56:02,03/08/2026 21:44,11.6,28.5,6.1,online,MeteoNetwork
40,Pizzoli fraz.Marruci,03/08/2026 23:56:02,03/08/2026 19:40,15.2,36.4,0.0,online,MeteoNetwork
41,Corfinio,03/08/2026 23:56:02,03/08/2026 21:48,18.2,38.2,0.0,online,MeteoNetwork
3,Castel del Monte - Loc. Pietrattina,03/08/2026 23:58:02,03/08/2026 23:45,6.4,26.9,0.0,online,MeteoAquilano
10,Prata d'Ansidonia,03/08/2026 23:58:02,03/08/2026 21:55,15.3,34.6,0.0,online,MeteoAquilano
17,Roccaraso Loc. Aremogna,03/08/2026 23:58:02,03/08/2026 23:40:00,1.2,27.7,0.0,online,MeteoAquilano
26,Rocca di Mezzo Loc. Terranera,03/08/2026 23:58:02,03/08/2026 23:45:00,6.3,30.2,0.0,online,MeteoAquilano
27,Lago di Campotosto,03/08/2026 23:58:02,03/08/2026 23:45:00,17.3,30.9,0.0,online,MeteoAquilano
29,Cagnano Amiterno,03/08/2026 23:58:02,03/08/2026 23:35:00,14.2,19.6,0.0,online,MeteoAquilano
30,Campo Felice Loc. Lentrata,03/08/2026 23:58:02,03/08/2026 23:45:00,11.1,25.9,0.5,online,MeteoAquilano
35,Collebrincioni,03/08/2026 23:58:02,03/08/2026 23:52,20.2,32.4,0.0,online,MeteoAquilano
37,Sella di Corno,03/08/2026 23:58:02,03/08/2026 23:45:00,15.9,31.0,11.9,online,MeteoAquilano
28,Castel di Sangro - Loc. Speno,04/08/2026 23:50:03,04/08/2026 23:49,13.4,33.2,23.4,online,MeteoRegioneAbruzzo
33,Marsia,04/08/2026 23:50:03,04/08/2026 23:45,5.7,27.7,0.0,online,MeteoRegioneAbruzzo
34,Tagliacozzo Loc. Poggetello,04/08/2026 23:50:03,04/08/2026 23:45,13.0,35.5,0.0,online,MeteoRegioneAbruzzo
36,Campo Imperatore Loc. Prato del Bove,04/08/2026 23:50:03,04/08/2026 23:49,1.2,26.7,1.0,online,MeteoRegioneAbruzzo
5,Pratola Peligna,04/08/2026 23:52:02,04/08/2026 23:50,16.4,39.3,0.0,online,ChietiMeteo
12,Roccacaramanico,04/08/2026 23:52:02,04/08/2026 23:49,21.1,31.7,0.0,online,ChietiMeteo
13,Campo di Giove,04/08/2026 23:52:02,04/08/2026 23:50,17.1,31.9,17.0,online,ChietiMeteo
14,Bosco di Sant'Antonio,04/08/2026 23:52:02,04/08/2026 23:50,14.1,29.4,35.4,online,ChietiMeteo
15,Palena Stazione,04/08/2026 23:52:02,04/08/2026 23:50,8.0,29.5,1.8,online,ChietiMeteo
16,Pescocostanzo Loc. Vallefura,04/08/2026 23:52:02,04/08/2026 23:49,17.2,27.1,7.0,online,ChietiMeteo
18,Castel di Sangro,04/08/2026 23:52:02,04/08/2026 23:50,14.5,33.5,41.6,online,ChietiMeteo
21,Passolanciano,04/08/2026 23:52:02,04/08/2026 23:50,18.9,27.8,0.0,online,ChietiMeteo
22,Mammarosa,04/08/2026 23:52:02,04/08/2026 23:49,20.2,24.4,0.0,online,ChietiMeteo
31,Castel di Sangro 2,04/08/2026 23:52:02,04/08/2026 23:50,12.5,34.1,23.0,online,ChietiMeteo
32,Campo di Giove Loc. Guado di Coccia,04/08/2026 23:52:02,04/08/2026 23:20,17.2,25.2,23.2,online,ChietiMeteo
1,Il Ceppo Rifugio,04/08/2026 23:54:02,04/08/2026 23:50,20.1,29.2,0.2,online,CaputFrigoris
2,Prati Di Tivo,04/08/2026 23:54:02,04/08/2026 23:50,19.1,27.6,0.0,online,CaputFrigoris
4,Villa Celiera,04/08/2026 23:54:02,04/08/2026 23:50,25.5,34.2,0.0,online,CaputFrigoris
6,Rocca di Mezzo Loc. Rovere,04/08/2026 23:54:02,04/08/2026 23:50,12.9,29.6,41.4,online,CaputFrigoris
8,Rocca di Mezzo Loc. Fonteavignone,04/08/2026 23:54:02,04/08/2026 23:50,17.4,32.7,4.0,online,CaputFrigoris
9,Civitaretegna,04/08/2026 23:54:02,04/08/2026 23:50,13.7,34.6,0.0,online,CaputFrigoris
20,Monteferrante,04/08/2026 23:54:02,04/08/2026 23:51,24.6,35.6,0.0,online,CaputFrigoris
7,Rocca di Mezzo,04/08/2026 23:56:02,04/08/2026 21:49,11.6,30.4,7.9,online,MeteoNetwork
11,Passo San Leonardo,04/08/2026 23:56:02,04/08/2026 21:52,17.3,29.7,14.4,online,MeteoNetwork
19,San Pietro di Avellana,04/08/2026 23:56:02,04/08/2026 21:49,12.0,32.9,0.0,online,MeteoNetwork
23,Tagliacozzo Loc. Roccacerro,04/08/2026 23:56:02,04/08/2026 21:49,19.1,33.8,0.0,online,MeteoNetwork
24,Montereale - Aringo,04/08/2026 23:56:02,04/08/2026 21:48,14.6,32.8,16.4,online,MeteoNetwork
25,Oricola Loc. Pezzetaglie,04/08/2026 23:56:02,04/08/2026 21:50,14.2,37.1,0.0,online,MeteoNetwork
38,Fara San Martino,04/08/2026 23:56:02,04/08/2026 21:43,25.4,36.6,1.3,online,MeteoNetwork
39,Cappadocia,04/08/2026 23:56:02,04/08/2026 21:49,12.7,30.1,0.0,online,MeteoNetwork
40,Pizzoli fraz.Marruci,04/08/2026 23:56:02,04/08/2026 19:40,16.4,36.3,0.0,online,MeteoNetwork
41,Corfinio,04/08/2026 23:56:02,04/08/2026 21:48,19.7,38.1,0.0,online,MeteoNetwork
3,Castel del Monte - Loc. Pietrattina,04/08/2026 23:58:02,04/08/2026 23:45:00,6.6,25.9,1.6,online,MeteoAquilano
10,Prata d'Ansidonia,04/08/2026 23:58:02,04/08/2026 21:55,15.3,35.4,0.0,online,MeteoAquilano
17,Roccaraso Loc. Aremogna,04/08/2026 23:58:02,04/08/2026 23:40:00,2.6,27.3,7.2,online,MeteoAquilano
26,Rocca di Mezzo Loc. Terranera,04/08/2026 23:58:02,04/08/2026 23:45:00,7.0,30.8,2.8,online,MeteoAquilano
27,Lago di Campotosto,04/08/2026 23:58:02,04/08/2026 23:45:00,17.3,29.7,0.2,online,MeteoAquilano
29,Cagnano Amiterno,04/08/2026 23:58:02,04/08/2026 23:45:00,14.0,19.2,0.2,online,MeteoAquilano
30,Campo Felice Loc. Lentrata,04/08/2026 23:58:02,04/08/2026 14:45:00,6.3,27.6,0.0,online,MeteoAquilano
35,Collebrincioni,04/08/2026 23:58:02,04/08/2026 23:52,20.2,32.4,0.0,online,MeteoAquilano
37,Sella di Corno,04/08/2026 23:58:02,04/08/2026 23:45:00,17.5,31.3,0.0,online,MeteoAquilano
28,Castel di Sangro - Loc. Speno,05/08/2026 23:50:02,05/08/2026 23:49,13.3,32.3,0.3,online,MeteoRegioneAbruzzo
33,Marsia,05/08/2026 23:50:02,05/08/2026 16:05,0.0,0.0,0.0,offline,MeteoRegioneAbruzzo
34,Tagliacozzo Loc. Poggetello,05/08/2026 23:50:02,05/08/2026 23:45,12.2,35.6,13.5,online,MeteoRegioneAbruzzo
36,Campo Imperatore Loc. Prato del Bove,05/08/2026 23:50:02,05/08/2026 23:49,1.7,25.3,8.9,online,MeteoRegioneAbruzzo
5,Pratola Peligna,05/08/2026 23:52:02,05/08/2026 23:50,16.4,38.8,0.0,online,ChietiMeteo
12,Roccacaramanico,05/08/2026 23:52:02,05/08/2026 23:49,22.2,31.5,0.0,online,ChietiMeteo
13,Campo di Giove,05/08/2026 23:52:02,05/08/2026 23:50,17.9,30.6,18.2,online,ChietiMeteo
14,Bosco di Sant'Antonio,05/08/2026 23:52:02,05/08/2026 23:50,13.7,27.8,0.2,online,ChietiMeteo
15,Palena Stazione,05/08/2026 23:52:02,05/08/2026 23:50,8.9,29.3,0.2,online,ChietiMeteo
16,Pescocostanzo Loc. Vallefura,05/08/2026 23:52:02,05/08/2026 23:49,17.2,26.9,0.2,online,ChietiMeteo
18,Castel di Sangro,05/08/2026 23:52:02,05/08/2026 23:50,13.9,32.7,0.0,online,ChietiMeteo
21,Passolanciano,05/08/2026 23:52:02,05/08/2026 23:50,18.8,27.8,0.0,online,ChietiMeteo
22,Mammarosa,05/08/2026 23:52:02,05/08/2026 23:49,19.8,24.1,0.0,online,ChietiMeteo
31,Castel di Sangro 2,05/08/2026 23:52:02,05/08/2026 23:50,12.8,33.3,0.2,online,ChietiMeteo
32,Campo di Giove Loc. Guado di Coccia,05/08/2026 23:52:02,05/08/2026 23:50,17.3,24.7,13.4,online,ChietiMeteo
1,Il Ceppo Rifugio,05/08/2026 23:54:02,05/08/2026 23:45,16.8,29.2,3.0,online,CaputFrigoris
2,Prati Di Tivo,05/08/2026 23:54:02,05/08/2026 23:45,18.9,26.9,0.0,online,CaputFrigoris
4,Villa Celiera,05/08/2026 23:54:02,05/08/2026 23:45,26.1,34.3,0.0,online,CaputFrigoris
6,Rocca di Mezzo Loc. Rovere,05/08/2026 23:54:02,05/08/2026 23:45,13.1,29.4,4.4,online,CaputFrigoris
8,Rocca di Mezzo Loc. Fonteavignone,05/08/2026 23:54:02,05/08/2026 23:45,17.0,30.0,0.0,online,CaputFrigoris
9,Civitaretegna,05/08/2026 23:54:02,05/08/2026 23:45,14.5,34.8,0.0,online,CaputFrigoris
20,Monteferrante,05/08/2026 23:54:02,05/08/2026 23:50,25.8,35.0,0.0,online,CaputFrigoris
7,Rocca di Mezzo,05/08/2026 23:56:02,05/08/2026 21:49,12.1,29.2,0.0,online,MeteoNetwork
11,Passo San Leonardo,05/08/2026 23:56:02,05/08/2026 21:52,19.6,28.0,0.0,online,MeteoNetwork
19,San Pietro di Avellana,05/08/2026 23:56:02,05/08/2026 21:50,11.9,33.6,0.0,online,MeteoNetwork
23,Tagliacozzo Loc. Roccacerro,05/08/2026 23:56:02,05/08/2026 21:49,15.9,34.4,9.1,online,MeteoNetwork
24,Montereale - Aringo,05/08/2026 23:56:02,05/08/2026 06:52,14.9,21.4,0.2,online,MeteoNetwork
25,Oricola Loc. Pezzetaglie,05/08/2026 23:56:02,05/08/2026 21:49,13.1,36.8,9.1,online,MeteoNetwork
38,Fara San Martino,05/08/2026 23:56:02,05/08/2026 21:43,26.2,36.4,3.8,online,MeteoNetwork
39,Cappadocia,05/08/2026 23:56:02,05/08/2026 21:49,11.1,27.4,31.8,online,MeteoNetwork
40,Pizzoli fraz.Marruci,05/08/2026 23:56:02,05/08/2026 19:40,17.1,36.9,0.0,online,MeteoNetwork
41,Corfinio,05/08/2026 23:56:02,05/08/2026 21:48,19.1,37.9,0.0,online,MeteoNetwork
3,Castel del Monte - Loc. Pietrattina,05/08/2026 23:58:02,05/08/2026 23:50:00,6.8,26.6,0.0,online,MeteoAquilano
10,Prata d'Ansidonia,05/08/2026 23:58:02,05/08/2026 21:55,16.1,33.7,0.0,online,MeteoAquilano
17,Roccaraso Loc. Aremogna,05/08/2026 23:58:02,05/08/2026 23:10:00,4.4,26.3,0.0,online,MeteoAquilano
26,Rocca di Mezzo Loc. Terranera,05/08/2026 23:58:02,05/08/2026 22:50:00,8.4,29.5,0.0,online,MeteoAquilano
27,Lago di Campotosto,05/08/2026 23:58:02,05/08/2026 23:50:00,17.3,31.3,0.0,online,MeteoAquilano
29,Cagnano Amiterno,05/08/2026 23:58:02,05/08/2026 23:50:00,13.1,18.8,0.1,online,MeteoAquilano
30,Campo Felice Loc. Lentrata,05/08/2026 23:58:02,05/08/2026 23:45:00,9.9,16.7,2.5,online,MeteoAquilano
35,Collebrincioni,05/08/2026 23:58:02,05/08/2026 23:52,20.6,31.2,0.0,online,MeteoAquilano
37,Sella di Corno,05/08/2026 23:58:02,05/08/2026 23:50:00,17.5,33.1,0.5,online,MeteoAquilano
28,Castel di Sangro - Loc. Speno,06/08/2026 23:50:02,06/08/2026 23:49,12.4,32.8,27.2,online,MeteoRegioneAbruzzo
33,Marsia,06/08/2026 23:50:02,06/08/2026 23:02:10,6.3,27.7,0.0,online,MeteoRegioneAbruzzo
34,Tagliacozzo Loc. Poggetello,06/08/2026 23:50:02,06/08/2026 23:45,10.6,35.8,0.0,online,MeteoRegioneAbruzzo
36,Campo Imperatore Loc. Prato del Bove,06/08/2026 23:50:02,06/08/2026 23:49,1.8,25.6,0.0,online,MeteoRegioneAbruzzo
5,Pratola Peligna,06/08/2026 23:52:02,06/08/2026 23:50,14.2,39.1,0.0,online,ChietiMeteo
12,Roccacaramanico,06/08/2026 23:52:02,06/08/2026 23:49,21.7,31.2,0.0,online,ChietiMeteo
13,Campo di Giove,06/08/2026 23:52:02,06/08/2026 23:50,17.8,30.6,0.0,online,ChietiMeteo
14,Bosco di Sant'Antonio,06/08/2026 23:52:02,06/08/2026 23:50,13.6,28.6,0.0,online,ChietiMeteo
15,Palena Stazione,06/08/2026 23:52:02,06/08/2026 23:50,6.6,31.3,8.0,online,ChietiMeteo
16,Pescocostanzo Loc. Vallefura,06/08/2026 23:52:02,06/08/2026 23:49,16.6,28.4,1.0,online,ChietiMeteo
18,Castel di Sangro,06/08/2026 23:52:02,06/08/2026 23:50,12.8,33.8,44.2,online,ChietiMeteo
21,Passolanciano,06/08/2026 23:52:02,06/08/2026 23:49,18.0,27.9,0.0,online,ChietiMeteo
22,Mammarosa,06/08/2026 23:52:02,06/08/2026 23:49,18.0,23.6,0.0,online,ChietiMeteo
31,Castel di Sangro 2,06/08/2026 23:52:02,06/08/2026 23:50,11.7,34.2,21.0,online,ChietiMeteo
32,Campo di Giove Loc. Guado di Coccia,06/08/2026 23:52:02,06/08/2026 23:50,16.4,24.7,0.0,online,ChietiMeteo
1,Il Ceppo Rifugio,06/08/2026 23:54:02,06/08/2026 23:45,17.5,29.1,1.0,online,CaputFrigoris
2,Prati Di Tivo,06/08/2026 23:54:02,06/08/2026 23:46,16.9,27.8,3.6,online,CaputFrigoris
4,Villa Celiera,06/08/2026 23:54:02,06/08/2026 23:45,24.4,34.5,0.0,online,CaputFrigoris
6,Rocca di Mezzo Loc. Rovere,06/08/2026 23:54:02,06/08/2026 23:45,12.5,29.1,0.0,online,CaputFrigoris
8,Rocca di Mezzo Loc. Fonteavignone,06/08/2026 23:54:02,06/08/2026 23:45,16.6,29.8,0.0,online,CaputFrigoris
9,Civitaretegna,06/08/2026 23:54:02,06/08/2026 23:45,11.9,34.5,0.0,online,CaputFrigoris
20,Monteferrante,06/08/2026 23:54:02,06/08/2026 23:50,25.6,34.7,0.0,online,CaputFrigoris
7,Rocca di Mezzo,06/08/2026 23:56:02,06/08/2026 21:49,9.6,29.7,0.0,online,MeteoNetwork
11,Passo San Leonardo,06/08/2026 23:56:02,06/08/2026 21:53,19.4,29.2,0.0,online,MeteoNetwork
19,San Pietro di Avellana,06/08/2026 23:56:02,06/08/2026 21:50,11.1,33.6,0.0,online,MeteoNetwork
23,Tagliacozzo Loc. Roccacerro,06/08/2026 23:56:02,06/08/2026 21:49,16.2,32.8,0.0,online,MeteoNetwork
24,Montereale - Aringo,06/08/2026 23:56:02,06/08/2026 21:48,16.8,32.4,0.0,online,MeteoNetwork
25,Oricola Loc. Pezzetaglie,06/08/2026 23:56:02,06/08/2026 21:49,12.8,36.6,7.7,online,MeteoNetwork
38,Fara San Martino,06/08/2026 23:56:02,06/08/2026 21:43,26.7,36.8,0.0,online,MeteoNetwork
39,Cappadocia,06/08/2026 23:56:02,06/08/2026 21:49,10.8,29.2,0.0,online,MeteoNetwork
40,Pizzoli fraz.Marruci,06/08/2026 23:56:02,06/08/2026 19:40,15.6,36.0,0.0,online,MeteoNetwork
41,Corfinio,06/08/2026 23:56:02,06/08/2026 21:48,17.2,37.8,0.0,online,MeteoNetwork
3,Castel del Monte - Loc. Pietrattina,06/08/2026 23:58:02,06/08/2026 23:45:00,6.1,26.2,0.2,online,MeteoAquilano
10,Prata d'Ansidonia,06/08/2026 23:58:02,06/08/2026 21:55,16.7,34.1,0.0,online,MeteoAquilano
17,Roccaraso Loc. Aremogna,06/08/2026 23:58:02,06/08/2026 23:45:00,2.1,27.2,11.2,online,MeteoAquilano
26,Rocca di Mezzo Loc. Terranera,06/08/2026 23:58:02,06/08/2026 23:50:00,5.9,30.3,0.0,online,MeteoAquilano
27,Lago di Campotosto,06/08/2026 23:58:02,06/08/2026 23:45:00,17.1,31.0,3.6,online,MeteoAquilano
29,Cagnano Amiterno,06/08/2026 23:58:02,06/08/2026 23:39:00,12.0,34.3,0.0,online,MeteoAquilano
30,Campo Felice Loc. Lentrata,06/08/2026 23:58:02,06/08/2026 23:40:00,5.4,27.2,0.5,online,MeteoAquilano
35,Collebrincioni,06/08/2026 23:58:02,06/08/2026 23:52,19.7,31.6,0.0,online,MeteoAquilano
37,Sella di Corno,06/08/2026 23:58:02,06/08/2026 23:45:00,17.3,33.2,0.0,online,MeteoAquilano
28,Castel di Sangro - Loc. Speno,07/08/2026 23:50:02,07/08/2026 23:49,13.1,32.8,1.8,online,MeteoRegioneAbruzzo
33,Marsia,07/08/2026 23:50:02,07/08/2026 23:45,7.8,27.0,0.0,online,MeteoRegioneAbruzzo
34,Tagliacozzo Loc. Poggetello,07/08/2026 23:50:02,07/08/2026 23:45,12.6,34.4,0.0,online,MeteoRegioneAbruzzo
36,Campo Imperatore Loc. Prato del Bove,07/08/2026 23:50:02,07/08/2026 23:49,1.9,25.6,5.6,online,MeteoRegioneAbruzzo
5,Pratola Peligna,07/08/2026 23:52:02,07/08/2026 23:50,15.9,39.1,0.0,online,ChietiMeteo
12,Roccacaramanico,07/08/2026 23:52:02,07/08/2026 23:49,22.5,30.7,0.0,online,ChietiMeteo
13,Campo di Giove,07/08/2026 23:52:02,07/08/2026 23:50,17.3,30.9,4.4,online,ChietiMeteo
14,Bosco di Sant'Antonio,07/08/2026 23:52:02,07/08/2026 23:50,13.7,28.0,29.8,online,ChietiMeteo
15,Palena Stazione,07/08/2026 23:52:02,07/08/2026 23:51,8.0,29.1,19.8,online,ChietiMeteo
16,Pescocostanzo Loc. Vallefura,07/08/2026 23:52:02,07/08/2026 23:49,15.7,27.2,18.4,online,ChietiMeteo
18,Castel di Sangro,07/08/2026 23:52:02,07/08/2026 23:50,13.3,32.9,2.0,online,ChietiMeteo
21,Passolanciano,07/08/2026 23:52:02,07/08/2026 23:49,18.7,27.6,0.0,online,ChietiMeteo
22,Mammarosa,07/08/2026 23:52:02,07/08/2026 23:49,19.2,24.2,0.0,online,ChietiMeteo
31,Castel di Sangro 2,07/08/2026 23:52:02,07/08/2026 23:50,12.1,33.5,1.4,online,ChietiMeteo
32,Campo di Giove Loc. Guado di Coccia,07/08/2026 23:52:02,07/08/2026 23:50,14.4,24.6,3.4,online,ChietiMeteo
1,Il Ceppo Rifugio,07/08/2026 23:54:02,07/08/2026 23:45,18.9,27.9,0.8,online,CaputFrigoris
2,Prati Di Tivo,07/08/2026 23:54:02,07/08/2026 23:40,16.0,26.7,23.2,online,CaputFrigoris
4,Villa Celiera,07/08/2026 23:54:02,07/08/2026 23:45,25.7,34.6,0.0,online,CaputFrigoris
6,Rocca di Mezzo Loc. Rovere,07/08/2026 23:54:02,07/08/2026 23:45,13.5,27.8,1.2,online,CaputFrigoris
8,Rocca di Mezzo Loc. Fonteavignone,07/08/2026 23:54:02,07/08/2026 23:45,16.0,30.3,29.6,online,CaputFrigoris
9,Civitaretegna,07/08/2026 23:54:02,07/08/2026 23:45,13.4,34.5,21.8,online,CaputFrigoris
20,Monteferrante,07/08/2026 23:54:02,07/08/2026 23:50,24.9,34.5,0.0,online,CaputFrigoris
44,Piano delle 5 Miglia,07/08/2026 23:54:47,07/08/2026 23:45,8.7,26.8,17.0,online,CaputFrigoris
7,Rocca di Mezzo,07/08/2026 23:56:02,07/08/2026 21:50,10.4,28.8,11.5,online,MeteoNetwork
11,Passo San Leonardo,07/08/2026 23:56:02,07/08/2026 21:52,19.7,27.4,0.0,online,MeteoNetwork
19,San Pietro di Avellana,07/08/2026 23:56:02,07/08/2026 21:50,11.8,33.9,0.0,online,MeteoNetwork
23,Tagliacozzo Loc. Roccacerro,07/08/2026 23:56:02,07/08/2026 21:49,18.5,33.7,0.0,online,MeteoNetwork
24,Montereale - Aringo,07/08/2026 23:56:02,07/08/2026 21:48,14.6,32.1,0.0,online,MeteoNetwork
25,Oricola Loc. Pezzetaglie,07/08/2026 23:56:02,07/08/2026 21:49,14.5,36.0,0.9,online,MeteoNetwork
38,Fara San Martino,07/08/2026 23:56:02,07/08/2026 21:43,26.8,36.7,0.0,online,MeteoNetwork
39,Cappadocia,07/08/2026 23:56:02,07/08/2026 21:50,12.8,28.7,0.0,online,MeteoNetwork
40,Pizzoli fraz.Marruci,07/08/2026 23:56:02,07/08/2026 19:40,17.1,36.8,0.0,online,MeteoNetwork
41,Corfinio,07/08/2026 23:56:02,07/08/2026 21:47,19.0,38.2,0.0,online,MeteoNetwork
3,Castel del Monte - Loc. Pietrattina,07/08/2026 23:58:02,07/08/2026 23:45:00,6.4,26.0,0.0,online,MeteoAquilano
10,Prata d'Ansidonia,07/08/2026 23:58:02,07/08/2026 21:55,15.0,33.9,29.5,online,MeteoAquilano
17,Roccaraso Loc. Aremogna,07/08/2026 23:58:02,07/08/2026 23:45:00,5.1,26.2,2.9,online,MeteoAquilano
26,Rocca di Mezzo Loc. Terranera,07/08/2026 23:58:02,07/08/2026 23:50:00,7.0,29.7,7.4,online,MeteoAquilano
27,Lago di Campotosto,07/08/2026 23:58:02,07/08/2026 23:45:00,16.9,29.1,0.2,online,MeteoAquilano
29,Cagnano Amiterno,07/08/2026 23:58:02,02/08/2026 21:55,0.0,0.0,0.0,online,MeteoAquilano
30,Campo Felice Loc. Lentrata,07/08/2026 23:58:02,07/08/2026 21:35:00,6.6,25.6,12.4,online,MeteoAquilano
35,Collebrincioni,07/08/2026 23:58:02,07/08/2026 23:52,19.9,31.4,1.3,online,MeteoAquilano
37,Sella di Corno,07/08/2026 23:58:02,07/08/2026 23:45:00,18.3,31.4,0.0,online,MeteoAquilano
28,Castel di Sangro - Loc. Speno,08/08/2026 23:50:02,08/08/2026 23:49,12.5,31.8,0.5,online,MeteoRegioneAbruzzo
33,Marsia,08/08/2026 23:50:02,08/08/2026 23:45,6.1,26.8,0.0,online,MeteoRegioneAbruzzo
34,Tagliacozzo Loc. Poggetello,08/08/2026 23:50:02,08/08/2026 23:45,12.2,33.8,0.8,online,MeteoRegioneAbruzzo
36,Campo Imperatore Loc. Prato del Bove,08/08/2026 23:50:02,08/08/2026 23:49,3.1,24.1,22.4,online,MeteoRegioneAbruzzo
5,Pratola Peligna,08/08/2026 23:52:02,08/08/2026 23:50,15.3,37.6,7.2,online,ChietiMeteo
12,Roccacaramanico,08/08/2026 23:52:02,08/08/2026 23:49,17.7,28.9,18.2,online,ChietiMeteo
13,Campo di Giove,08/08/2026 23:52:02,08/08/2026 23:10,15.2,29.6,16.2,online,ChietiMeteo
14,Bosco di Sant'Antonio,08/08/2026 23:52:02,08/08/2026 23:50,12.1,27.0,3.8,online,ChietiMeteo
15,Palena Stazione,08/08/2026 23:52:02,08/08/2026 23:51,9.1,23.3,11.8,online,ChietiMeteo
16,Pescocostanzo Loc. Vallefura,08/08/2026 23:52:02,08/08/2026 23:49,15.4,26.6,6.6,online,ChietiMeteo
18,Castel di Sangro,08/08/2026 23:52:02,08/08/2026 23:50,13.3,32.2,0.2,online,ChietiMeteo
21,Passolanciano,08/08/2026 23:52:02,08/08/2026 23:49,17.6,26.2,0.2,online,ChietiMeteo
22,Mammarosa,08/08/2026 23:52:02,08/08/2026 23:49,13.9,22.3,0.0,online,ChietiMeteo
31,Castel di Sangro 2,08/08/2026 23:52:02,08/08/2026 23:50,11.8,33.4,0.2,online,ChietiMeteo
32,Campo di Giove Loc. Guado di Coccia,08/08/2026 23:52:02,08/08/2026 23:50,13.9,23.2,14.8,online,ChietiMeteo
1,Il Ceppo Rifugio,08/08/2026 23:54:02,08/08/2026 23:45,16.2,26.8,13.0,online,CaputFrigoris
2,Prati Di Tivo,08/08/2026 23:54:02,08/08/2026 23:45,16.2,24.7,0.4,online,CaputFrigoris
4,Villa Celiera,08/08/2026 23:54:02,08/08/2026 23:45,22.9,32.7,0.0,online,CaputFrigoris
6,Rocca di Mezzo Loc. Rovere,08/08/2026 23:54:02,08/08/2026 23:45,12.4,27.3,5.0,online,CaputFrigoris
8,Rocca di Mezzo Loc. Fonteavignone,08/08/2026 23:54:02,08/08/2026 23:45,15.4,27.7,0.4,online,CaputFrigoris
9,Civitaretegna,08/08/2026 23:54:02,08/08/2026 23:45,14.6,32.6,1.5,online,CaputFrigoris
20,Monteferrante,08/08/2026 23:54:02,08/08/2026 23:50,22.7,33.4,0.0,online,CaputFrigoris
44,Piano delle 5 Miglia,08/08/2026 23:54:47,08/08/2026 23:45,8.5,27.6,0.5,online,CaputFrigoris
7,Rocca di Mezzo,08/08/2026 23:56:02,08/08/2026 21:50,10.7,27.6,1.6,online,MeteoNetwork
11,Passo San Leonardo,08/08/2026 23:56:02,08/08/2026 21:53,15.9,26.4,20.2,online,MeteoNetwork
19,San Pietro di Avellana,08/08/2026 23:56:02,08/08/2026 21:49,11.0,32.7,0.0,online,MeteoNetwork
23,Tagliacozzo Loc. Roccacerro,08/08/2026 23:56:02,08/08/2026 21:49,17.6,32.5,0.0,online,MeteoNetwork
24,Montereale - Aringo,08/08/2026 23:56:02,08/08/2026 21:48,14.4,31.7,0.4,online,MeteoNetwork
25,Oricola Loc. Pezzetaglie,08/08/2026 23:56:02,08/08/2026 21:49,13.9,35.6,0.2,online,MeteoNetwork
38,Fara San Martino,08/08/2026 23:56:02,08/08/2026 21:38,24.8,35.0,0.3,online,MeteoNetwork
39,Cappadocia,08/08/2026 23:56:02,08/08/2026 21:49,11.4,29.0,30.0,online,MeteoNetwork
40,Pizzoli fraz.Marruci,08/08/2026 23:56:02,08/08/2026 19:40,15.4,35.2,0.0,online,MeteoNetwork
41,Corfinio,08/08/2026 23:56:02,08/08/2026 21:48,17.7,36.5,0.1,online,MeteoNetwork
3,Castel del Monte - Loc. Pietrattina,08/08/2026 23:58:02,08/08/2026 23:45:00,6.3,24.3,0.0,online,MeteoAquilano
10,Prata d'Ansidonia,08/08/2026 23:58:02,08/08/2026 21:55:15,14.8,32.6,0.0,online,MeteoAquilano
17,Roccaraso Loc. Aremogna,08/08/2026 23:58:02,08/08/2026 23:45:00,4.6,26.3,0.5,online,MeteoAquilano
26,Rocca di Mezzo Loc. Terranera,08/08/2026 23:58:02,08/08/2026 23:50:00,7.5,29.2,2.2,online,MeteoAquilano
27,Lago di Campotosto,08/08/2026 23:58:02,08/08/2026 23:45:00,17.2,29.1,0.2,online,MeteoAquilano
29,Cagnano Amiterno,08/08/2026 23:58:02,08/08/2026 23:45:00,12.8,33.8,0.0,online,MeteoAquilano
30,Campo Felice Loc. Lentrata,08/08/2026 23:58:02,07/08/2026 17:35:00,0.0,0.0,0.0,offline,MeteoAquilano
35,Collebrincioni,08/08/2026 23:58:02,08/08/2026 23:52,17.4,31.8,2.8,online,MeteoAquilano
37,Sella di Corno,08/08/2026 23:58:02,08/08/2026 23:45:00,15.7,31.3,3.6,online,MeteoAquilano
28,Castel di Sangro - Loc. Speno,09/08/2026 23:50:02,09/08/2026 23:49,12.5,31.0,0.0,online,MeteoRegioneAbruzzo
33,Marsia,09/08/2026 23:50:02,09/08/2026 23:45,5.4,26.4,0.0,online,MeteoRegioneAbruzzo
34,Tagliacozzo Loc. Poggetello,09/08/2026 23:50:02,09/08/2026 23:45,10.6,33.2,3.6,online,MeteoRegioneAbruzzo
36,Campo Imperatore Loc. Prato del Bove,09/08/2026 23:50:02,09/08/2026 23:49,2.6,23.2,0.3,online,MeteoRegioneAbruzzo
5,Pratola Peligna,09/08/2026 23:52:02,09/08/2026 23:50,14.6,35.6,0.0,online,ChietiMeteo
12,Roccacaramanico,09/08/2026 23:52:02,09/08/2026 23:49,19.4,27.6,0.0,online,ChietiMeteo
13,Campo di Giove,09/08/2026 23:52:02,09/08/2026 23:50,16.1,29.3,0.0,online,ChietiMeteo
14,Bosco di Sant'Antonio,09/08/2026 23:52:02,09/08/2026 23:50,12.2,28.1,0.2,online,ChietiMeteo
15,Palena Stazione,09/08/2026 23:52:02,09/08/2026 23:50,16.6,26.7,0.0,online,ChietiMeteo
16,Pescocostanzo Loc. Vallefura,09/08/2026 23:52:02,09/08/2026 23:49,15.1,24.9,0.0,online,ChietiMeteo
18,Castel di Sangro,09/08/2026 23:52:02,09/08/2026 23:50,12.9,31.3,0.0,online,ChietiMeteo
21,Passolanciano,09/08/2026 23:52:02,09/08/2026 23:49,16.1,25.1,0.0,online,ChietiMeteo
22,Mammarosa,09/08/2026 23:52:02,09/08/2026 23:49,17.2,21.9,0.0,online,ChietiMeteo
31,Castel di Sangro 2,09/08/2026 23:52:02,09/08/2026 23:50,11.7,32.2,0.0,online,ChietiMeteo
32,Campo di Giove Loc. Guado di Coccia,09/08/2026 23:52:02,09/08/2026 23:50,16.1,22.2,0.0,online,ChietiMeteo
1,Il Ceppo Rifugio,09/08/2026 23:54:02,09/08/2026 23:45,16.6,26.0,0.0,online,CaputFrigoris
2,Prati Di Tivo,09/08/2026 23:54:02,09/08/2026 05:30,0.0,0.0,0.0,offline,CaputFrigoris
4,Villa Celiera,09/08/2026 23:54:02,09/08/2026 23:45,21.6,31.0,0.0,online,CaputFrigoris
6,Rocca di Mezzo Loc. Rovere,09/08/2026 23:54:02,09/08/2026 23:45,11.4,27.8,0.0,online,CaputFrigoris
8,Rocca di Mezzo Loc. Fonteavignone,09/08/2026 23:54:02,09/08/2026 23:45,14.8,28.1,0.0,online,CaputFrigoris
9,Civitaretegna,09/08/2026 23:54:02,09/08/2026 23:45,12.9,31.9,0.3,online,CaputFrigoris
20,Monteferrante,09/08/2026 23:54:02,09/08/2026 23:50,22.1,32.2,0.0,online,CaputFrigoris
44,Piano delle 5 Miglia,09/08/2026 23:54:47,09/08/2026 23:45,7.9,26.8,0.0,online,CaputFrigoris
7,Rocca di Mezzo,09/08/2026 23:56:02,09/08/2026 21:44,9.3,27.6,0.0,online,MeteoNetwork
11,Passo San Leonardo,09/08/2026 23:56:02,09/08/2026 21:53,16.7,25.1,0.0,online,MeteoNetwork
19,San Pietro di Avellana,09/08/2026 23:56:02,09/08/2026 21:49,11.0,32.7,0.0,online,MeteoNetwork
23,Tagliacozzo Loc. Roccacerro,09/08/2026 23:56:02,09/08/2026 21:44,16.8,32.1,0.2,online,MeteoNetwork
24,Montereale - Aringo,09/08/2026 23:56:02,09/08/2026 21:49,13.6,31.8,0.2,online,MeteoNetwork
25,Oricola Loc. Pezzetaglie,09/08/2026 23:56:02,09/08/2026 21:44,13.0,36.5,0.7,online,MeteoNetwork
38,Fara San Martino,09/08/2026 23:56:02,09/08/2026 21:43,22.9,33.7,0.0,online,MeteoNetwork
39,Cappadocia,09/08/2026 23:56:02,09/08/2026 21:44,10.4,28.8,4.3,online,MeteoNetwork
40,Pizzoli fraz.Marruci,09/08/2026 23:56:02,09/08/2026 19:40,14.3,34.9,0.0,online,MeteoNetwork
41,Corfinio,09/08/2026 23:56:02,09/08/2026 21:47,16.1,34.0,0.0,online,MeteoNetwork
3,Castel del Monte - Loc. Pietrattina,09/08/2026 23:58:02,09/08/2026 23:45:00,4.9,24.1,0.0,online,MeteoAquilano
10,Prata d'Ansidonia,09/08/2026 23:58:02,09/08/2026 23:50,13.4,30.8,0.3,online,MeteoAquilano
17,Roccaraso Loc. Aremogna,09/08/2026 23:58:02,09/08/2026 23:45:00,2.8,25.4,0.0,online,MeteoAquilano
26,Rocca di Mezzo Loc. Terranera,09/08/2026 23:58:02,09/08/2026 23:45:00,6.6,28.3,0.0,online,MeteoAquilano
27,Lago di Campotosto,09/08/2026 23:58:02,09/08/2026 23:45:00,16.5,29.3,0.0,online,MeteoAquilano
29,Cagnano Amiterno,09/08/2026 23:58:02,09/08/2026 21:49,11.7,33.8,0.0,online,MeteoAquilano
30,Campo Felice Loc. Lentrata,09/08/2026 23:58:02,09/08/2026 23:40:00,14.1,21.7,0.0,online,MeteoAquilano
35,Collebrincioni,09/08/2026 23:58:02,09/08/2026 23:52,17.7,30.2,0.0,online,MeteoAquilano
37,Sella di Corno,09/08/2026 23:58:02,09/08/2026 23:45:00,15.7,30.8,0.0,online,MeteoAquilano
42,Campo Felice Loc. Camardosa,09/08/2026 23:58:02,09/08/2026 23:45:00,3.4,26.5,0.0,online,MeteoAquilano
43,Capitignano,09/08/2026 23:58:02,09/08/2026 21:50,12.5,33.1,0.3,online,MeteoAquilano
28,Castel di Sangro - Loc. Speno,10/08/2026 23:50:02,10/08/2026 23:49,13.6,31.8,0.0,online,MeteoRegioneAbruzzo
33,Marsia,10/08/2026 23:50:02,10/08/2026 23:45,6.5,26.9,0.0,online,MeteoRegioneAbruzzo
34,Tagliacozzo Loc. Poggetello,10/08/2026 23:50:02,10/08/2026 23:45,12.9,34.7,0.0,online,MeteoRegioneAbruzzo
36,Campo Imperatore Loc. Prato del Bove,10/08/2026 23:50:02,10/08/2026 23:49,3.8,25.5,0.0,online,MeteoRegioneAbruzzo
5,Pratola Peligna,10/08/2026 23:52:02,10/08/2026 23:50,17.2,37.7,0.0,online,ChietiMeteo
12,Roccacaramanico,10/08/2026 23:52:02,10/08/2026 23:49,21.3,30.1,0.0,online,ChietiMeteo
13,Campo di Giove,10/08/2026 23:52:02,10/08/2026 23:40,18.3,30.4,0.0,online,ChietiMeteo
14,Bosco di Sant'Antonio,10/08/2026 23:52:02,10/08/2026 23:50,14.3,29.0,0.0,online,ChietiMeteo
15,Palena Stazione,10/08/2026 23:52:02,10/08/2026 23:50,19.3,28.9,0.0,online,ChietiMeteo
16,Pescocostanzo Loc. Vallefura,10/08/2026 23:52:02,10/08/2026 23:49,16.3,27.2,0.0,online,ChietiMeteo
18,Castel di Sangro,10/08/2026 23:52:02,10/08/2026 23:50,14.7,32.2,0.0,online,ChietiMeteo
21,Passolanciano,10/08/2026 23:52:02,10/08/2026 23:49,18.2,26.8,0.0,online,ChietiMeteo
22,Mammarosa,10/08/2026 23:52:02,10/08/2026 23:49,17.9,23.4,0.0,online,ChietiMeteo
31,Castel di Sangro 2,10/08/2026 23:52:02,10/08/2026 23:50,12.8,32.4,0.0,online,ChietiMeteo
32,Campo di Giove Loc. Guado di Coccia,10/08/2026 23:52:02,10/08/2026 23:50,15.9,23.3,0.0,online,ChietiMeteo
1,Il Ceppo Rifugio,10/08/2026 23:54:02,10/08/2026 23:50,18.9,27.7,0.4,online,CaputFrigoris
2,Prati Di Tivo,10/08/2026 23:54:02,09/08/2026 05:30,0.0,0.0,0.0,offline,CaputFrigoris
4,Villa Celiera,10/08/2026 23:54:02,10/08/2026 23:45,23.0,33.9,0.0,online,CaputFrigoris
6,Rocca di Mezzo Loc. Rovere,10/08/2026 23:54:02,10/08/2026 23:45,12.8,28.6,0.0,online,CaputFrigoris
8,Rocca di Mezzo Loc. Fonteavignone,10/08/2026 23:54:02,10/08/2026 23:45,16.2,30.3,0.0,online,CaputFrigoris
9,Civitaretegna,10/08/2026 23:54:02,10/08/2026 23:50,15.5,33.4,0.0,online,CaputFrigoris
20,Monteferrante,10/08/2026 23:54:02,10/08/2026 23:50,23.9,34.1,0.0,online,CaputFrigoris
44,Piano delle 5 Miglia,10/08/2026 23:54:47,10/08/2026 23:45,9.2,29.1,0.3,online,CaputFrigoris
7,Rocca di Mezzo,10/08/2026 23:56:02,10/08/2026 21:49,10.3,28.9,0.5,online,MeteoNetwork
11,Passo San Leonardo,10/08/2026 23:56:02,10/08/2026 21:52,19.4,27.3,0.0,online,MeteoNetwork
19,San Pietro di Avellana,10/08/2026 23:56:02,10/08/2026 21:50,12.1,33.6,0.0,online,MeteoNetwork
23,Tagliacozzo Loc. Roccacerro,10/08/2026 23:56:02,10/08/2026 21:49,18.2,33.4,0.0,online,MeteoNetwork
24,Montereale - Aringo,10/08/2026 23:56:02,10/08/2026 21:48,15.4,31.8,0.0,online,MeteoNetwork
25,Oricola Loc. Pezzetaglie,10/08/2026 23:56:02,10/08/2026 21:49,14.9,36.6,0.2,online,MeteoNetwork
38,Fara San Martino,10/08/2026 23:56:02,10/08/2026 21:43,23.7,36.0,0.0,online,MeteoNetwork
39,Cappadocia,10/08/2026 23:56:02,10/08/2026 21:49,12.5,29.9,0.3,online,MeteoNetwork
40,Pizzoli fraz.Marruci,10/08/2026 23:56:02,10/08/2026 19:40,17.2,35.2,0.0,online,MeteoNetwork
41,Corfinio,10/08/2026 23:56:02,10/08/2026 21:48,19.0,36.4,0.0,online,MeteoNetwork
3,Castel del Monte - Loc. Pietrattina,10/08/2026 23:58:02,10/08/2026 23:50:00,8.9,25.6,0.2,online,MeteoAquilano
10,Prata d'Ansidonia,10/08/2026 23:58:02,10/08/2026 23:50,15.6,32.9,0.0,online,MeteoAquilano
17,Roccaraso Loc. Aremogna,10/08/2026 23:58:02,10/08/2026 23:45:00,4.9,26.4,0.3,online,MeteoAquilano
26,Rocca di Mezzo Loc. Terranera,10/08/2026 23:58:02,10/08/2026 23:45:00,7.3,30.5,0.6,online,MeteoAquilano
27,Lago di Campotosto,10/08/2026 23:58:02,10/08/2026 23:50:00,16.9,29.8,0.0,online,MeteoAquilano
29,Cagnano Amiterno,10/08/2026 23:58:02,10/08/2026 21:49,14.1,34.7,0.0,online,MeteoAquilano
30,Campo Felice Loc. Lentrata,10/08/2026 23:58:02,10/08/2026 21:45:00,8.0,27.3,0.5,online,MeteoAquilano
35,Collebrincioni,10/08/2026 23:58:02,10/08/2026 23:52,19.8,31.1,0.0,online,MeteoAquilano
37,Sella di Corno,10/08/2026 23:58:02,10/08/2026 23:50:00,17.7,30.7,0.0,online,MeteoAquilano
42,Campo Felice Loc. Camardosa,10/08/2026 23:58:02,10/08/2026 23:45:00,5.0,26.3,0.0,online,MeteoAquilano
43,Capitignano,10/08/2026 23:58:02,10/08/2026 21:50,14.3,33.9,0.0,online,MeteoAquilano
28,Castel di Sangro - Loc. Speno,11/08/2026 23:50:02,11/08/2026 23:49,14.0,32.8,0.0,online,MeteoRegioneAbruzzo
33,Marsia,11/08/2026 23:50:02,11/08/2026 23:45,6.9,28.2,0.0,online,MeteoRegioneAbruzzo
34,Tagliacozzo Loc. Poggetello,11/08/2026 23:50:02,11/08/2026 23:45,12.9,35.9,0.0,online,MeteoRegioneAbruzzo
36,Campo Imperatore Loc. Prato del Bove,11/08/2026 23:50:02,11/08/2026 23:49,3.2,25.5,0.0,online,MeteoRegioneAbruzzo
5,Pratola Peligna,11/08/2026 23:52:02,11/08/2026 23:50,16.6,38.8,0.0,online,ChietiMeteo
12,Roccacaramanico,11/08/2026 23:52:02,11/08/2026 23:49,22.4,30.3,0.0,online,ChietiMeteo
13,Campo di Giove,11/08/2026 23:52:02,11/08/2026 20:00,16.8,30.8,0.0,online,ChietiMeteo
14,Bosco di Sant'Antonio,11/08/2026 23:52:02,11/08/2026 23:50,14.9,29.8,0.0,online,ChietiMeteo
15,Palena Stazione,11/08/2026 23:52:02,11/08/2026 20:15,16.2,21.9,0.0,online,ChietiMeteo
16,Pescocostanzo Loc. Vallefura,11/08/2026 23:52:02,11/08/2026 23:49,17.6,27.6,0.0,online,ChietiMeteo
18,Castel di Sangro,11/08/2026 23:52:02,11/08/2026 23:50:00,16.1,32.7,0.0,online,ChietiMeteo
21,Passolanciano,11/08/2026 23:52:02,11/08/2026 23:49,19.1,27.3,0.0,online,ChietiMeteo
22,Mammarosa,11/08/2026 23:52:02,11/08/2026 23:49,19.2,24.1,0.0,online,ChietiMeteo
31,Castel di Sangro 2,11/08/2026 23:52:02,11/08/2026 23:50,13.0,35.3,0.0,online,ChietiMeteo
32,Campo di Giove Loc. Guado di Coccia,11/08/2026 23:52:02,11/08/2026 23:50,17.6,23.8,0.0,online,ChietiMeteo
4,Villa Celiera,11/08/2026 23:54:02,11/08/2026 23:45,24.9,33.7,0.0,online,CaputFrigoris
6,Rocca di Mezzo Loc. Rovere,11/08/2026 23:54:02,11/08/2026 23:45,13.7,30.1,5.4,online,CaputFrigoris
8,Rocca di Mezzo Loc. Fonteavignone,11/08/2026 23:54:02,11/08/2026 23:45,16.8,30.7,14.2,online,CaputFrigoris
9,Civitaretegna,11/08/2026 23:54:02,11/08/2026 23:50,14.9,34.3,0.0,online,CaputFrigoris
20,Monteferrante,11/08/2026 23:54:02,11/08/2026 23:50,25.8,34.4,0.0,online,CaputFrigoris
44,Piano delle 5 Miglia,11/08/2026 23:54:47,11/08/2026 23:45,9.6,30,3,0.0,online
7,Rocca di Mezzo,11/08/2026 23:56:02,11/08/2026 21:49,10.8,29.6,12.4,online,MeteoNetwork
11,Passo San Leonardo,11/08/2026 23:56:02,11/08/2026 21:53,20.4,27.9,0.0,online,MeteoNetwork
19,San Pietro di Avellana,11/08/2026 23:56:02,11/08/2026 21:50,12.3,33.8,0.0,online,MeteoNetwork
23,Tagliacozzo Loc. Roccacerro,11/08/2026 23:56:02,11/08/2026 21:49,19.0,34.1,0.4,online,MeteoNetwork
24,Montereale - Aringo,11/08/2026 23:56:02,11/08/2026 21:49,15.2,33.0,0.2,online,MeteoNetwork
25,Oricola Loc. Pezzetaglie,11/08/2026 23:56:02,11/08/2026 21:49,14.6,37.0,0.0,online,MeteoNetwork
38,Fara San Martino,11/08/2026 23:56:02,11/08/2026 21:43,26.0,35.7,0.0,online,MeteoNetwork
39,Cappadocia,11/08/2026 23:56:02,11/08/2026 21:49,13.2,30.6,0.0,online,MeteoNetwork
40,Pizzoli fraz.Marruci,11/08/2026 23:56:02,11/08/2026 19:40,16.7,36.0,0.0,online,MeteoNetwork
41,Corfinio,11/08/2026 23:56:02,11/08/2026 21:48,18.8,37.4,0.0,online,MeteoNetwork
10,Prata d'Ansidonia,11/08/2026 23:58:02,11/08/2026 23:50,15.1,33.8,8.6,online,MeteoAquilano
17,Roccaraso Loc. Aremogna,11/08/2026 23:58:02,11/08/2026 23:35:00,3.6,27.2,0.0,online,MeteoAquilano
26,Rocca di Mezzo Loc. Terranera,11/08/2026 23:58:02,11/08/2026 23:45:00,8.7,30.1,2.8,online,MeteoAquilano
27,Lago di Campotosto,11/08/2026 23:58:02,11/08/2026 23:45:00,17.8,30.5,0.2,online,MeteoAquilano
29,Cagnano Amiterno,11/08/2026 23:58:02,11/08/2026 21:49,13.6,35.3,0.0,online,MeteoAquilano
30,Campo Felice Loc. Lentrata,11/08/2026 23:58:02,11/08/2026 20:00:00,16.0,25.6,9.7,online,MeteoAquilano
35,Collebrincioni,11/08/2026 23:58:02,11/08/2026 23:52,18.1,27.5,9.1,online,MeteoAquilano
37,Sella di Corno,11/08/2026 23:58:02,11/08/2026 23:45:00,15.4,32.1,17.3,online,MeteoAquilano
42,Campo Felice Loc. Camardosa,11/08/2026 23:58:02,11/08/2026 23:40:00,4.7,27.6,7.5,online,MeteoAquilano
43,Capitignano,11/08/2026 23:58:02,11/08/2026 21:50,13.7,34.1,2.3,online,MeteoAquilano
28,Castel di Sangro - Loc. Speno,12/08/2026 23:50:02,12/08/2026 23:49,12.4,32.7,0.0,online,MeteoRegioneAbruzzo
33,Marsia,12/08/2026 23:50:02,12/08/2026 23:45,6.3,28.2,0.0,online,MeteoRegioneAbruzzo
34,Tagliacozzo Loc. Poggetello,12/08/2026 23:50:02,12/08/2026 23:45,11.7,33.7,0.0,online,MeteoRegioneAbruzzo
36,Campo Imperatore Loc. Prato del Bove,12/08/2026 23:50:02,12/08/2026 23:49,5.3,24.8,0.0,online,MeteoRegioneAbruzzo
5,Pratola Peligna,12/08/2026 23:52:02,12/08/2026 23:50,15.6,36.9,0.0,online,ChietiMeteo
12,Roccacaramanico,12/08/2026 23:52:02,12/08/2026 23:49,21.8,28.7,0.0,online,ChietiMeteo
13,Campo di Giove,12/08/2026 23:52:02,12/08/2026 23:49,15.4,28.7,6.3,online,ChietiMeteo
14,Bosco di Sant'Antonio,12/08/2026 23:52:02,12/08/2026 23:50,14.6,27.7,0.0,online,ChietiMeteo
15,Palena Stazione,12/08/2026 23:52:02,12/08/2026 23:50,13.2,29.4,0.0,online,ChietiMeteo
16,Pescocostanzo Loc. Vallefura,12/08/2026 23:52:02,12/08/2026 23:49,18.0,26.9,0.0,online,ChietiMeteo
18,Castel di Sangro,12/08/2026 23:52:02,12/08/2026 23:49,14.7,31.5,0.0,online,ChietiMeteo
21,Passolanciano,12/08/2026 23:52:02,12/08/2026 23:49,17.6,25.9,0.0,online,ChietiMeteo
22,Mammarosa,12/08/2026 23:52:02,12/08/2026 23:49,18.4,22.7,0.0,online,ChietiMeteo
31,Castel di Sangro 2,12/08/2026 23:52:02,12/08/2026 23:50,11.7,32.3,0.0,online,ChietiMeteo
32,Campo di Giove Loc. Guado di Coccia,12/08/2026 23:52:02,12/08/2026 23:50,17.1,23.9,2.8,online,ChietiMeteo
1,Il Ceppo Rifugio,12/08/2026 23:54:02,12/08/2026 23:45,18.7,26.9,0.0,online,CaputFrigoris
2,Prati Di Tivo,12/08/2026 23:54:02,12/08/2026 23:45,16.4,25.7,0.0,online,CaputFrigoris
4,Villa Celiera,12/08/2026 23:54:02,12/08/2026 23:45,24.6,32.3,0.0,online,CaputFrigoris
6,Rocca di Mezzo Loc. Rovere,12/08/2026 23:54:02,12/08/2026 23:45,12.1,26.6,0.0,online,CaputFrigoris
8,Rocca di Mezzo Loc. Fonteavignone,12/08/2026 23:54:02,12/08/2026 23:50,15.6,28.7,0.0,online,CaputFrigoris
9,Civitaretegna,12/08/2026 23:54:02,12/08/2026 23:50,13.1,32.9,0.0,online,CaputFrigoris
20,Monteferrante,12/08/2026 23:54:02,12/08/2026 23:50,24.9,32.7,0.0,online,CaputFrigoris
44,Piano delle 5 Miglia,12/08/2026 23:54:47,12/08/2026 23:45,8.9,27.8,0.0,online,CaputFrigoris
7,Rocca di Mezzo,12/08/2026 23:56:02,12/08/2026 19:06,10.8,27.7,0.5,online,MeteoNetwork
11,Passo San Leonardo,12/08/2026 23:56:02,12/08/2026 21:52,20.0,25.8,0.0,online,MeteoNetwork
19,San Pietro di Avellana,12/08/2026 23:56:02,12/08/2026 21:50,10.9,32.8,0.0,online,MeteoNetwork
23,Tagliacozzo Loc. Roccacerro,12/08/2026 23:56:02,12/08/2026 21:49,18.7,32.4,0.0,online,MeteoNetwork
24,Montereale - Aringo,12/08/2026 23:56:02,12/08/2026 21:49,14.3,31.1,0.2,online,MeteoNetwork
25,Oricola Loc. Pezzetaglie,12/08/2026 23:56:02,12/08/2026 21:49,13.6,37.4,0.0,online,MeteoNetwork
38,Fara San Martino,12/08/2026 23:56:02,12/08/2026 21:43,25.2,35.7,0.0,online,MeteoNetwork
39,Cappadocia,12/08/2026 23:56:02,12/08/2026 21:50,13.0,27.4,0.5,online,MeteoNetwork
40,Pizzoli fraz.Marruci,12/08/2026 23:56:02,12/08/2026 19:40,14.6,33.9,0.0,online,MeteoNetwork
41,Corfinio,12/08/2026 23:56:02,12/08/2026 21:48,17.7,36.0,0.0,online,MeteoNetwork
3,Castel del Monte - Loc. Pietrattina,12/08/2026 23:58:02,12/08/2026 23:45:00,7.2,25.2,0.0,online,MeteoAquilano
10,Prata d'Ansidonia,12/08/2026 23:58:02,12/08/2026 23:50,14.3,32.3,0.3,online,MeteoAquilano
17,Roccaraso Loc. Aremogna,12/08/2026 23:58:02,12/08/2026 23:45:00,2.8,26.4,0.0,online,MeteoAquilano
26,Rocca di Mezzo Loc. Terranera,12/08/2026 23:58:02,12/08/2026 23:45:00,7.5,29.5,0.0,online,MeteoAquilano
27,Lago di Campotosto,12/08/2026 23:58:02,12/08/2026 23:45:00,17.2,29.9,0.0,online,MeteoAquilano
29,Cagnano Amiterno,12/08/2026 23:58:02,12/08/2026 21:49,12.1,33.4,0.0,online,MeteoAquilano
30,Campo Felice Loc. Lentrata,12/08/2026 23:58:02,12/08/2026 21:25:00,15.3,15.8,0.0,online,MeteoAquilano
35,Collebrincioni,12/08/2026 23:58:02,12/08/2026 23:52,18.8,30.7,13.0,online,MeteoAquilano
37,Sella di Corno,12/08/2026 23:58:02,12/08/2026 23:45:00,15.6,31.3,0.0,online,MeteoAquilano
42,Campo Felice Loc. Camardosa,12/08/2026 23:58:02,12/08/2026 23:40:00,4.6,26.1,2.1,online,MeteoAquilano
43,Capitignano,12/08/2026 23:58:02,12/08/2026 21:50,12.3,32.9,0.3,online,MeteoAquilano
28,Castel di Sangro - Loc. Speno,13/08/2026 23:25:38,13/08/2026 23:25,12.9,30.9,0.0,online,MeteoRegioneAbruzzo
33,Marsia,13/08/2026 23:25:38,13/08/2026 23:25,6.9,27.3,0.0,online,MeteoRegioneAbruzzo
34,Tagliacozzo Loc. Poggetello,13/08/2026 23:25:38,13/08/2026 23:20,10.9,34.1,0.0,online,MeteoRegioneAbruzzo
36,Campo Imperatore Loc. Prato del Bove,13/08/2026 23:25:38,13/08/2026 23:25,5.0,23.7,0.0,online,MeteoRegioneAbruzzo
3,Castel del Monte - Loc. Pietrattina,13/08/2026 23:25:51,13/08/2026 14:05:00,0.0,0.0,0.0,offline,MeteoAquilano
10,Prata d'Ansidonia,13/08/2026 23:25:51,13/08/2026 23:20,14.4,30.9,0.0,online,MeteoAquilano
17,Roccaraso Loc. Aremogna,13/08/2026 23:25:51,13/08/2026 23:15:00,3.0,25.3,0.0,online,MeteoAquilano
26,Rocca di Mezzo Loc. Terranera,13/08/2026 23:25:51,13/08/2026 23:15:00,6.6,28.6,0.0,online,MeteoAquilano
27,Lago di Campotosto,13/08/2026 23:25:51,13/08/2026 23:15:00,17.4,29.0,0.0,online,MeteoAquilano
29,Cagnano Amiterno,13/08/2026 23:25:51,13/08/2026 21:09,12.6,33.3,0.0,online,MeteoAquilano
30,Campo Felice Loc. Lentrata,13/08/2026 23:25:51,13/08/2026 21:25:00,16.2,25.4,0.0,online,MeteoAquilano
35,Collebrincioni,13/08/2026 23:25:51,13/08/2026 23:22,18.9,30.4,0.0,online,MeteoAquilano
37,Sella di Corno,13/08/2026 23:25:51,13/08/2026 23:15:00,16.4,32.1,3.8,online,MeteoAquilano
42,Campo Felice Loc. Camardosa,13/08/2026 23:25:51,13/08/2026 23:10:00,3.5,25.4,0.3,online,MeteoAquilano
43,Capitignano,13/08/2026 23:25:51,13/08/2026 21:10,12.4,33.1,1.3,online,MeteoAquilano
1,Il Ceppo Rifugio,13/08/2026 23:26:22,N/D,0.0,0.0,0.0,offline,CaputFrigoris
2,Prati Di Tivo,13/08/2026 23:26:22,N/D,0.0,0.0,0.0,offline,CaputFrigoris
4,Villa Celiera,13/08/2026 23:26:22,N/D,0.0,0.0,0.0,offline,CaputFrigoris
6,Rocca di Mezzo Loc. Rovere,13/08/2026 23:26:22,13/08/2026 23:20,14.6,26.3,N/D,online,CaputFrigoris
8,Rocca di Mezzo Loc. Fonteavignone,13/08/2026 23:26:22,13/08/2026 23:20,16.6,27.7,N/D,online,CaputFrigoris
9,Civitaretegna,13/08/2026 23:26:22,13/08/2026 23:20,12.8,31.3,N/D,online,CaputFrigoris
20,Monteferrante,13/08/2026 23:26:22,13/08/2026 23:24,23.4,31.4,N/D,online,CaputFrigoris
44,Piano delle 5 Miglia,13/08/2026 23:26:22,13/08/2026 23:20,13.8,27.4,0.0,online,CaputFrigoris
5,Pratola Peligna,13/08/2026 23:28:12,13/08/2026 23:25,15.3,35.4,0.0,online,ChietiMeteo
12,Roccacaramanico,13/08/2026 23:28:12,13/08/2026 23:24,20.3,27.3,0.0,online,ChietiMeteo
13,Campo di Giove,13/08/2026 23:28:12,13/08/2026 23:10,17.8,28.0,1.6,online,ChietiMeteo
14,Bosco di Sant'Antonio,13/08/2026 23:28:12,13/08/2026 23:25,13.7,26.8,0.0,online,ChietiMeteo
15,Palena Stazione,13/08/2026 23:28:12,13/08/2026 23:25,12.1,28.0,0.0,online,ChietiMeteo
16,Pescocostanzo Loc. Vallefura,13/08/2026 23:28:12,13/08/2026 23:24,16.5,25.8,0.0,online,ChietiMeteo
18,Castel di Sangro,13/08/2026 23:28:12,N/D,0.0,0.0,0.0,offline,ChietiMeteo
21,Passolanciano,13/08/2026 23:28:12,13/08/2026 23:24,16.6,24.6,0.0,online,ChietiMeteo
22,Mammarosa,13/08/2026 23:28:12,13/08/2026 23:24,16.7,21.1,0.0,online,ChietiMeteo
31,Castel di Sangro 2,13/08/2026 23:28:12,13/08/2026 23:25,12.4,30.7,0.0,online,ChietiMeteo
32,Campo di Giove Loc. Guado di Coccia,13/08/2026 23:28:12,13/08/2026 23:25,15.7,22.0,2.2,online,ChietiMeteo
7,Rocca di Mezzo,13/08/2026 23:28:23,13/08/2026 21:19,13.6,26.2,0.0,online,MeteoNetwork
11,Passo San Leonardo,13/08/2026 23:28:23,13/08/2026 21:24,17.3,24.6,0.0,online,MeteoNetwork
19,San Pietro di Avellana,13/08/2026 23:28:23,13/08/2026 21:17,13.2,32.0,0.0,online,MeteoNetwork
23,Tagliacozzo Loc. Roccacerro,13/08/2026 23:28:23,13/08/2026 21:19,19.4,32.7,0.7,online,MeteoNetwork
24,Montereale - Aringo,13/08/2026 23:28:23,13/08/2026 21:24,13.6,30.6,0.0,online,MeteoNetwork
25,Oricola Loc. Pezzetaglie,13/08/2026 23:28:23,13/08/2026 21:24,13.0,36.2,0.0,online,MeteoNetwork
38,Fara San Martino,13/08/2026 23:28:23,13/08/2026 21:18,23.6,33.5,0.0,online,MeteoNetwork
39,Cappadocia,13/08/2026 23:28:23,13/08/2026 21:19,13.1,30.1,7.6,online,MeteoNetwork
40,Pizzoli fraz.Marruci,13/08/2026 23:28:23,13/08/2026 19:20,15.6,34.0,0.0,online,MeteoNetwork
41,Corfinio,13/08/2026 23:28:23,13/08/2026 21:23,18.0,34.6,0.0,online,MeteoNetwork
