Id,StazioneMeteo,DataRilevamento,DataAggiornamento,TemperaturaMin,TemperaturaMax,PioggiaGiornaliera,Stato,PioggiaMese,UmiditaMin,UmiditaMax,VentoMax,RugiadaMin,RugiadaMax
1,Il Ceppo Rifugio,17/08/2026 23:45:52,17/08/2026 23:40:00,14.3,26.2,9.2,online,0.0,45.0,96.0,20.9,9.4,17.9
10,Prata d'Ansidonia,17/08/2026 23:45:20,17/08/2026 23:35:00,13.4,31.5,1.0,online,0.0,0.0,0.0,38.6,15.6,0.0
11,Passo San Leonardo,17/08/2026 23:46:30,17/08/2026 21:44:00,16.8,27.3,0.0,online,0.0,0.0,0.0,0.0,0.0,0.0
12,Roccacaramanico,17/08/2026 23:46:19,17/08/2026 23:44:00,19.6,29.6,0.0,online,0.0,0.0,0.0,23.0,0.0,0.0
13,Campo di Giove,17/08/2026 23:45:52,17/08/2026 23:40:00,14.5,28.7,0.0,online,0.0,31.0,82.0,31.0,9.6,16.7
14,Bosco di Sant'Antonio,17/08/2026 23:46:19,17/08/2026 23:45:01,12.8,26.0,0.0,online,0.0,0.0,0.0,26.0,0.0,0.0
15,Palena Stazione,17/08/2026 23:46:19,17/08/2026 23:44:00,17.3,26.6,0.0,online,0.0,0.0,0.0,21.0,0.0,0.0
16,Pescocostanzo Loc. Vallefura,17/08/2026 23:46:19,17/08/2026 23:44:00,15.5,24.6,4.0,online,0.0,0.0,0.0,34.0,0.0,0.0
17,Roccaraso Loc. Aremogna,17/08/2026 23:45:20,17/08/2026 23:30:00,1.0,24.2,7.5,online,0.0,0.0,0.0,62.3,0.0,0.0
18,Castel di Sangro,17/08/2026 23:45:52,17/08/2026 23:40:00,14.1,29.4,20.4,online,0.0,37.0,85.0,54.7,10.9,18.7
19,San Pietro di Avellana,17/08/2026 23:46:30,17/08/2026 21:41:00,10.1,30.1,0.0,online,0.0,0.0,0.0,0.0,0.0,0.0
2,Prati Di Tivo,17/08/2026 23:45:52,17/08/2026 23:40:00,16.8,26.2,0.0,online,0.0,34.0,79.0,33.8,5.9,17.5
20,Monteferrante,17/08/2026 23:45:52,17/08/2026 23:44:00,19.6,30.8,7.2,online,0.0,39.0,86.0,19.5,11.1,18.1
21,Passolanciano,17/08/2026 23:46:19,17/08/2026 23:44:00,16.3,26.3,2.4,online,0.0,0.0,0.0,31.0,0.0,0.0
22,Mammarosa,17/08/2026 23:46:19,17/08/2026 23:44:00,14.4,23.0,1.0,online,0.0,0.0,0.0,47.0,0.0,0.0
23,Tagliacozzo Loc. Roccacerro,17/08/2026 23:46:30,17/08/2026 21:44:00,14.5,27.3,1.3,online,0.0,0.0,0.0,0.0,0.0,0.0
24,Montereale - Aringo,17/08/2026 23:45:52,17/08/2026 23:45:52,13.8,29.2,1.2,online,0.0,12.9,37.0,98.0,12.7,17.9
25,Oricola Loc. Pezzetaglie,17/08/2026 23:46:30,17/08/2026 21:39:00,12.1,32.1,7.1,online,0.0,0.0,0.0,0.0,0.0,0.0
26,Rocca di Mezzo Loc. Terranera,17/08/2026 23:45:20,17/08/2026 23:35:00,6.2,27.6,1.0,online,0.0,0.0,0.0,32.2,12.1,0.0
27,Lago di Campotosto,17/08/2026 23:45:52,17/08/2026 23:40:00,13.8,27.3,7.2,online,0.0,36.0,96.0,24.1,10.5,17.3
28,Fossacesia Marina,17/08/2026 23:59:55,17/08/2026 23:59:55,21.8,32.2,0.0,online,0.0,42.0,87.0,38.6,14.7,25.5
29,Cagnano Amiterno,17/08/2026 23:45:20,17/08/2026 21:29:00,12.1,31.4,0.0,online,0.0,0.0,0.0,9.7,12.4,0.0
3,Castel del Monte - Loc. Pietrattina,17/08/2026 23:45:20,17/08/2026 02:55:00,0.0,0.0,0.0,offline,0.0,0.0,0.0,0.0,0.0,0.0
30,Campo Felice Loc. Lentrata,17/08/2026 23:45:20,17/08/2026 20:55:00,16.3,19.8,0.0,online,0.0,0.0,0.0,12.9,13.2,0.0
31,Castel di Sangro Loc. Pantano,17/08/2026 23:46:19,17/08/2026 23:45:01,10.6,30.2,0.4,online,0.0,0.0,0.0,31.0,0.0,0.0
32,Campo di Giove Loc. Guado di Coccia,17/08/2026 23:46:19,17/08/2026 23:45:01,13.8,22.8,0.0,online,0.0,0.0,0.0,61.0,0.0,0.0
34,Capracotta,17/08/2026 23:59:34,17/08/2026 23:59:34,21.1,36.5,0.0,online,0.0,36.0,58.0,1.8,9.8,19.9
35,Collebrincioni,17/08/2026 23:45:20,17/08/2026 23:42:00,16.5,27.5,3.3,online,0.0,0.0,0.0,29.0,13.6,0.0
36,Roccaraso,17/08/2026 23:59:55,17/08/2026 23:59:55,12.8,29.1,0.0,online,10.2,30.0,88.0,19.0,9.3,16.8
37,Sella di Corno,17/08/2026 23:45:20,17/08/2026 23:35:00,14.7,27.7,30.0,online,0.0,0.0,0.0,30.6,13.7,0.0
38,Fara San Martino,17/08/2026 23:45:52,17/08/2026 23:40:00,22.9,34.2,0.0,online,0.0,34.0,75.0,24.0,10.3,21.5
39,Camporotondo,17/08/2026 23:46:30,17/08/2026 21:44:00,10.4,23.4,8.1,online,0.0,0.0,0.0,0.0,0.0,0.0
4,Villa Celiera,17/08/2026 23:45:52,17/08/2026 23:40:00,21.1,32.0,0.4,online,0.0,38.0,87.0,32.0,11.4,20.7
40,Pizzoli,17/08/2026 23:45:52,17/08/2026 23:41:00,14.8,29.5,5.4,online,0.0,32.0,89.0,28.0,10.4,17.1
41,Corfinio,17/08/2026 23:46:30,17/08/2026 21:40:00,16.8,36.6,0.0,online,0.0,0.0,0.0,0.0,0.0,0.0
42,Campo Felice Loc. Camardosa,17/08/2026 23:45:20,17/08/2026 23:30:00,3.9,22.3,2.7,online,0.0,0.0,0.0,37.0,10.1,0.0
43,Capitignano,17/08/2026 23:45:20,17/08/2026 21:30:00,11.9,31.0,13.5,online,0.0,0.0,0.0,35.4,-22.2,0.0
44,Piano delle 5 Miglia,17/08/2026 23:45:52,17/08/2026 23:40:00,7.5,26.3,4.1,online,0.0,41.0,98.0,24.1,6.9,18.2
45,Ovindoli,17/08/2026 23:59:39,17/08/2026 23:59:39,13.0,23.9,3.9,online,76.1,52.0,90.0,44.3,9.3,17.2
46,Pescopennattaro,17/08/2026 23:59:52,17/08/2026 23:59:52,18.8,27.5,1.3,online,8.1,32.0,79.0,17.2,7.0,16.6
47,Castel del Monte,17/08/2026 23:45:52,17/08/2026 23:40:00,17.3,29.4,0.0,online,0.0,31.0,80.0,17.7,8.6,15.5
48,Forme,17/08/2026 23:45:52,17/08/2026 23:45:01,12.9,27.7,5.2,online,0.0,46.0,91.0,22.5,10.8,18.6
49,Monte Genzana,17/08/2026 23:45:52,17/08/2026 23:40:00,11.0,20.4,0.8,online,0.0,40.0,91.0,48.3,5.2,11.8
5,Pratola Peligna,17/08/2026 23:46:19,17/08/2026 23:45:01,13.9,36.3,0.4,online,0.0,0.0,0.0,21.0,0.0,0.0
50,Ofena,17/08/2026 23:45:52,17/08/2026 23:40:00,17.9,35.8,0.2,online,0.0,23.0,77.0,26.0,10.2,20.4
51,Piani di Pezza,17/08/2026 23:45:52,17/08/2026 23:40:00,6.1,23.9,4.4,online,0.0,47.0,99.0,29.0,5.7,16.6
52,Rifugio Montecristo,17/08/2026 23:45:52,17/08/2026 23:40:00,13.6,23.7,0.0,online,0.0,39.0,92.0,53.1,7.8,14.9
53,Rocca Calascio,17/08/2026 23:45:52,17/08/2026 23:40:00,15.0,26.9,0.6,online,0.0,28.0,89.0,29.0,6.5,14.5
54,Farindola,17/08/2026 23:45:52,17/08/2026 23:44:00,20.8,31.7,0.0,online,0.0,41.0,84.0,20.9,11.0,20.5
55,Monte Piselli,17/08/2026 23:45:52,17/08/2026 23:44:00,14.8,23.1,9.2,online,0.0,56.0,94.0,42.0,10.0,17.8
56,Valle Castellana,17/08/2026 23:45:52,17/08/2026 23:40:00,17.2,33.6,11.6,online,0.0,26.0,91.0,22.5,11.4,19.6
57,Civitaluparella,17/08/2026 23:45:52,17/08/2026 23:45:01,18.9,33.1,10.6,online,0.0,30.0,85.0,26.0,10.6,17.8
58,Alfedena Scontrone 12,17/08/2026 23:59:48,17/08/2026 23:59:48,15.7,30.5,5.4,online,53.0,26.0,94.0,32.0,8.5,15.8
6,Rocca di Mezzo Loc. Rovere,17/08/2026 23:45:52,17/08/2026 23:40:00,10.6,24.8,6.2,online,0.0,48.0,96.0,33.8,8.9,18.2
64,Marsia,17/08/2026 23:40:00,17/08/2026 23:45:03,4.4,23.5,2.5,online,MeteoRegioneAbruzzo,51.0,100.0,25.7,0.0,0.0
65,Tagliacozzo Loc. Poggetello,17/08/2026 23:40:00,17/08/2026 23:45:03,10.2,31.0,3.1,online,MeteoRegioneAbruzzo,41.0,99.0,22.0,0.0,0.0
66,Roio del Sangro,17/08/2026 23:40:00,17/08/2026 23:45:03,17.7,28.9,20.1,online,MeteoRegioneAbruzzo,36.0,84.0,64.4,0.0,0.0
67,Campo Imperatore Loc. Prato del Bove,17/08/2026 23:44:00,17/08/2026 23:45:03,0.2,23.9,0.0,online,MeteoRegioneAbruzzo,40.0,97.0,40.4,0.0,0.0
7,Rocca di Mezzo,17/08/2026 23:45:52,17/08/2026 23:40:00,9.4,26.6,3.3,online,0.0,36.0,93.0,32.2,8.0,16.1
8,Rocca di Mezzo Loc. Fonteavignone,17/08/2026 23:45:52,17/08/2026 23:40:00,14.7,28.1,2.2,online,0.0,36.0,91.0,25.7,10.1,16.3
81,Alfedena Centro,17/08/2026 23:59:28,17/08/2026 23:59:28,14.2,32.1,5.1,online,42.9,34.0,89.0,29.9,11.2,18.1
82,Alfedena Scontrone 4,17/08/2026 23:59:59,17/08/2026 23:59:59,15.6,30.9,4.6,online,56.9,35.0,89.0,39.3,11.7,18.3
9,Civitaretegna,17/08/2026 23:45:52,17/08/2026 23:40:00,12.1,31.8,1.3,online,0.0,29.0,86.0,0.0,9.4,17.5
1,Il Ceppo Rifugio,18/08/2026 23:45:48,18/08/2026 23:40:00,14.3,26.0,0.0,online,0.0,53.0,95.0,11.3,11.8,19.4
10,Prata d'Ansidonia,18/08/2026 23:45:15,18/08/2026 23:35:00,12.8,28.6,0.3,online,0.0,0.0,0.0,24.1,14.8,0.0
11,Passo San Leonardo,18/08/2026 23:46:26,18/08/2026 21:44:00,14.7,22.1,1.4,online,0.0,0.0,0.0,0.0,0.0,0.0
12,Roccacaramanico,18/08/2026 23:46:15,18/08/2026 23:44:00,17.5,24.4,9.8,online,0.0,0.0,0.0,0.0,0.0,0.0
13,Campo di Giove,18/08/2026 23:45:48,18/08/2026 23:40:00,14.0,26.8,0.0,online,0.0,40.0,85.0,35.0,11.1,17.8
14,Bosco di Sant'Antonio,18/08/2026 23:46:15,18/08/2026 23:45:01,12.3,24.6,0.0,online,0.0,0.0,0.0,18.0,0.0,0.0
15,Palena Stazione,18/08/2026 23:46:15,18/08/2026 18:54:00,17.3,24.7,0.0,online,0.0,0.0,0.0,21.0,0.0,0.0
16,Pescocostanzo Loc. Vallefura,18/08/2026 23:46:15,18/08/2026 23:44:00,14.3,22.6,0.0,online,0.0,0.0,0.0,0.0,0.0,0.0
17,Roccaraso Loc. Aremogna,18/08/2026 23:45:15,18/08/2026 23:30:00,2.7,21.6,0.0,online,0.0,0.0,0.0,23.8,0.0,0.0
18,Castel di Sangro,18/08/2026 23:45:48,18/08/2026 23:40:00,13.5,27.9,0.0,online,0.0,48.0,91.0,25.7,11.8,19.3
19,San Pietro di Avellana,18/08/2026 23:46:26,18/08/2026 21:41:00,10.7,29.3,0.0,online,0.0,0.0,0.0,0.0,0.0,0.0
2,Prati Di Tivo,18/08/2026 23:45:48,18/08/2026 23:40:00,13.1,21.1,0.0,online,0.0,63.0,91.0,20.9,9.2,17.0
20,Monteferrante,18/08/2026 23:45:48,18/08/2026 23:45:48,0.0,0.0,0.0,offline,0.0,0.0,0.0,0.0,0.0,0.0
21,Passolanciano,18/08/2026 23:46:15,18/08/2026 23:44:00,13.7,20.8,0.0,online,0.0,0.0,0.0,16.0,0.0,0.0
22,Mammarosa,18/08/2026 23:46:15,18/08/2026 23:44:00,12.9,18.6,0.0,online,0.0,0.0,0.0,24.0,0.0,0.0
23,Tagliacozzo Loc. Roccacerro,18/08/2026 23:46:26,18/08/2026 21:39:00,13.8,28.9,0.2,online,0.0,0.0,0.0,0.0,0.0,0.0
24,Montereale - Aringo,18/08/2026 23:45:48,18/08/2026 23:45:01,11.8,26.8,0.2,online,0.0,50.0,99.0,16.1,11.5,19.7
25,Oricola Loc. Pezzetaglie,18/08/2026 23:46:26,18/08/2026 21:39:00,12.4,31.6,0.2,online,0.0,0.0,0.0,0.0,0.0,0.0
26,Rocca di Mezzo Loc. Terranera,18/08/2026 23:45:15,18/08/2026 23:35:00,6.4,25.7,0.2,online,0.0,0.0,0.0,29.0,11.0,0.0
27,Lago di Campotosto,18/08/2026 23:45:48,18/08/2026 23:40:00,13.4,24.2,0.0,online,0.0,61.0,95.0,24.1,11.7,17.8
28,Fossacesia Marina,18/08/2026 23:59:55,18/08/2026 23:59:55,20.2,29.8,0.0,online,0.0,66.0,88.0,22.5,18.0,24.5
29,Cagnano Amiterno,18/08/2026 23:45:15,18/08/2026 21:29:00,11.5,29.6,0.0,online,0.0,0.0,0.0,8.0,14.4,0.0
3,Castel del Monte - Loc. Pietrattina,18/08/2026 23:45:15,18/08/2026 02:55:00,0.0,0.0,0.0,offline,0.0,0.0,0.0,0.0,0.0,0.0
30,Campo Felice Loc. Lentrata,18/08/2026 23:45:15,18/08/2026 20:40:00,16.8,17.8,0.2,online,0.0,0.0,0.0,3.2,13.3,0.0
31,Castel di Sangro Loc. Pantano,18/08/2026 23:46:15,18/08/2026 23:45:01,11.8,28.2,0.2,online,0.0,0.0,0.0,27.0,0.0,0.0
32,Campo di Giove Loc. Guado di Coccia,18/08/2026 23:46:15,18/08/2026 23:45:01,12.1,19.7,0.0,online,0.0,0.0,0.0,27.0,0.0,0.0
34,Capracotta,18/08/2026 23:59:34,18/08/2026 23:59:34,20.5,36.3,0.0,online,0.0,34.0,78.0,7.2,12.1,18.4
35,Collebrincioni,18/08/2026 23:45:15,18/08/2026 23:42:00,14.8,26.4,0.0,online,0.0,0.0,0.0,22.5,15.0,0.0
36,Roccaraso,18/08/2026 23:59:55,18/08/2026 23:59:55,12.4,28.0,0.0,online,10.2,41.0,91.0,15.0,9.7,19.5
37,Sella di Corno,18/08/2026 23:45:15,18/08/2026 23:35:00,13.7,26.4,0.5,online,0.0,0.0,0.0,27.4,16.0,0.0
38,Fara San Martino,18/08/2026 23:45:48,18/08/2026 23:41:00,21.4,30.3,0.4,online,0.0,44.0,78.0,27.0,14.4,21.2
39,Camporotondo,18/08/2026 23:46:26,18/08/2026 21:39:00,9.9,24.6,0.0,online,0.0,0.0,0.0,0.0,0.0,0.0
4,Villa Celiera,18/08/2026 23:45:48,18/08/2026 23:40:00,19.9,28.2,8.0,online,0.0,54.0,89.0,26.0,13.5,20.2
40,Pizzoli,18/08/2026 23:45:48,18/08/2026 23:41:00,13.9,28.8,0.0,online,0.0,32.0,96.0,21.0,10.0,16.7
41,Corfinio,18/08/2026 23:46:26,18/08/2026 21:40:00,17.2,31.6,0.0,online,0.0,0.0,0.0,0.0,0.0,0.0
42,Campo Felice Loc. Camardosa,18/08/2026 23:45:15,18/08/2026 23:30:00,5.1,22.2,0.3,online,0.0,0.0,0.0,32.2,8.9,0.0
43,Capitignano,18/08/2026 23:45:15,18/08/2026 21:30:00,11.3,28.7,0.3,online,0.0,0.0,0.0,11.3,-1.6,0.0
44,Piano delle 5 Miglia,18/08/2026 23:45:48,18/08/2026 23:40:00,8.3,24.2,0.3,online,0.0,57.0,97.0,20.9,7.2,18.1
45,Ovindoli,18/08/2026 23:59:46,18/08/2026 23:59:46,11.7,24.3,0.0,online,76.1,54.0,91.0,45.7,9.9,16.3
46,Pescopennattaro,18/08/2026 23:59:52,18/08/2026 23:59:52,17.1,24.9,0.0,online,8.1,50.0,83.0,15.4,11.0,16.9
47,Castel del Monte,18/08/2026 23:45:48,18/08/2026 23:40:00,15.3,24.8,1.2,online,0.0,59.0,82.0,16.1,9.9,17.4
48,Forme,18/08/2026 23:45:48,18/08/2026 23:45:01,13.1,27.4,0.0,online,0.0,46.0,94.0,29.0,12.0,17.7
49,Monte Genzana,18/08/2026 23:45:48,18/08/2026 23:40:00,11.6,18.9,0.0,online,0.0,56.0,97.0,38.6,6.7,13.0
5,Pratola Peligna,18/08/2026 23:46:15,18/08/2026 23:45:01,15.6,33.3,0.0,online,0.0,0.0,0.0,18.0,0.0,0.0
50,Ofena,18/08/2026 23:45:48,18/08/2026 23:45:01,16.7,31.7,0.0,online,0.0,46.0,84.0,14.0,13.6,19.8
51,Piani di Pezza,18/08/2026 23:45:48,18/08/2026 23:40:00,7.3,23.2,0.2,online,0.0,53.0,99.0,24.1,6.9,16.3
52,Rifugio Montecristo,18/08/2026 23:45:48,18/08/2026 23:40:00,14.4,21.7,0.0,online,0.0,56.0,85.0,30.6,9.6,14.8
53,Rocca Calascio,18/08/2026 23:45:48,18/08/2026 23:40:00,14.4,23.4,0.0,online,0.0,56.0,80.0,22.5,9.0,15.5
54,Farindola,18/08/2026 23:45:48,18/08/2026 23:45:01,18.3,28.9,24.4,online,0.0,52.0,94.0,17.7,12.4,20.6
55,Monte Piselli,18/08/2026 23:45:48,18/08/2026 23:45:01,14.7,21.1,0.0,online,0.0,69.0,94.0,19.0,12.2,18.3
56,Valle Castellana,18/08/2026 23:45:48,18/08/2026 23:40:00,15.3,29.4,0.0,online,0.0,47.0,91.0,16.1,13.7,20.7
57,Civitaluparella,18/08/2026 23:45:48,18/08/2026 23:45:01,18.9,29.1,0.0,online,0.0,47.0,77.0,32.0,12.8,19.4
58,Alfedena Scontrone 12,18/08/2026 23:07:48,18/08/2026 23:07:48,13.9,28.7,0.0,online,53.0,38.0,95.0,17.5,12.0,18.5
6,Rocca di Mezzo Loc. Rovere,18/08/2026 23:45:48,18/08/2026 23:40:00,10.8,23.9,0.0,online,0.0,59.0,98.0,25.7,9.9,17.5
64,Marsia,18/08/2026 16:40:00,18/08/2026 16:45:03,5.4,23.1,0.0,online,MeteoRegioneAbruzzo,55.0,100.0,22.5,0.0,0.0
65,Tagliacozzo Loc. Poggetello,18/08/2026 16:40:00,18/08/2026 16:45:03,10.8,30.2,1.0,online,MeteoRegioneAbruzzo,46.0,99.0,18.4,0.0,0.0
66,Roio del Sangro,18/08/2026 16:40:00,18/08/2026 16:45:03,18.8,25.4,0.0,online,MeteoRegioneAbruzzo,51.0,73.0,42.1,0.0,0.0
67,Campo Imperatore Loc. Prato del Bove,18/08/2026 16:40:00,18/08/2026 16:45:03,6.8,20.9,1.8,online,MeteoRegioneAbruzzo,58.0,95.0,21.9,0.0,0.0
7,Rocca di Mezzo,18/08/2026 23:45:48,18/08/2026 23:40:00,8.6,24.4,0.0,online,0.0,51.0,96.0,25.7,7.6,16.9
8,Rocca di Mezzo Loc. Fonteavignone,18/08/2026 23:45:48,18/08/2026 23:40:00,12.7,25.9,0.0,online,0.0,47.0,92.0,20.9,11.2,17.5
81,Alfedena Centro,18/08/2026 23:59:27,18/08/2026 23:59:27,13.6,29.2,0.0,online,42.9,44.0,92.0,19.2,12.1,19.0
82,Alfedena Scontrone 4,18/08/2026 23:06:59,18/08/2026 23:06:59,13.9,29.7,0.0,online,56.9,46.0,93.0,23.8,12.3,19.0
9,Civitaretegna,18/08/2026 23:45:48,18/08/2026 23:40:00,12.8,29.5,0.0,online,0.0,47.0,90.0,0.0,10.8,19.1
1,Il Ceppo Rifugio,19/08/2026 23:45:48,19/08/2026 23:40:00,17.0,27.1,0.0,online,0.0,44.0,76.0,9.7,10.5,16.8
10,Prata d'Ansidonia,19/08/2026 23:45:15,19/08/2026 23:35:00,14.3,33.2,0.0,online,0.0,0.0,0.0,29.0,17.9,0.0
11,Passo San Leonardo,19/08/2026 23:46:27,19/08/2026 21:44:00,16.9,28.4,0.0,online,0.0,0.0,0.0,0.0,0.0,0.0
12,Roccacaramanico,19/08/2026 23:46:15,19/08/2026 23:44:00,19.4,30.2,0.0,online,0.0,0.0,0.0,24.0,0.0,0.0
13,Campo di Giove,19/08/2026 23:45:48,19/08/2026 23:40:00,15.1,29.9,0.0,online,0.0,36.0,85.0,23.0,12.0,17.3
14,Bosco di Sant'Antonio,19/08/2026 23:46:15,19/08/2026 23:44:00,12.6,28.7,0.0,online,0.0,0.0,0.0,16.0,0.0,0.0
15,Palena Stazione,19/08/2026 23:46:15,19/08/2026 18:49:00,7.7,28.3,0.0,online,0.0,0.0,0.0,19.0,0.0,0.0
16,Pescocostanzo Loc. Vallefura,19/08/2026 23:46:15,19/08/2026 23:44:00,14.4,25.6,0.0,online,0.0,0.0,0.0,23.0,0.0,0.0
17,Roccaraso Loc. Aremogna,19/08/2026 23:45:15,19/08/2026 23:30:00,3.2,24.1,0.3,online,0.0,0.0,0.0,22.0,0.0,0.0
18,Castel di Sangro,19/08/2026 23:45:48,19/08/2026 23:40:00,14.3,30.2,0.0,online,0.0,43.0,92.0,25.7,12.7,20.0
19,San Pietro di Avellana,19/08/2026 23:46:27,19/08/2026 21:42:00,10.9,30.2,0.0,online,0.0,0.0,0.0,0.0,0.0,0.0
2,Prati Di Tivo,19/08/2026 23:45:48,19/08/2026 23:40:00,16.1,25.7,0.0,online,0.0,44.0,70.0,25.7,9.5,15.0
20,Monteferrante,19/08/2026 23:45:48,19/08/2026 23:45:48,0.0,0.0,0.0,offline,0.0,0.0,0.0,0.0,0.0,0.0
21,Passolanciano,19/08/2026 23:46:15,19/08/2026 23:39:00,15.6,26.7,0.0,online,0.0,0.0,0.0,23.0,0.0,0.0
22,Mammarosa,19/08/2026 23:46:15,19/08/2026 23:44:00,16.2,23.9,0.0,online,0.0,0.0,0.0,35.0,0.0,0.0
23,Tagliacozzo Loc. Roccacerro,19/08/2026 23:46:27,19/08/2026 21:39:00,16.8,30.9,0.0,online,0.0,0.0,0.0,0.0,0.0,0.0
24,Montereale - Aringo,19/08/2026 23:45:48,19/08/2026 23:45:01,13.3,30.9,0.2,online,0.0,37.0,98.0,22.5,12.8,18.6
25,Oricola Loc. Pezzetaglie,19/08/2026 23:46:27,19/08/2026 21:40:00,13.9,34.0,0.0,online,0.0,0.0,0.0,0.0,0.0,0.0
26,Rocca di Mezzo Loc. Terranera,19/08/2026 23:45:15,19/08/2026 23:30:00,6.1,28.1,0.0,online,0.0,0.0,0.0,27.4,16.1,0.0
27,Lago di Campotosto,19/08/2026 23:45:48,19/08/2026 23:40:00,15.5,27.8,0.0,online,0.0,40.0,91.0,16.1,11.5,16.9
28,Fossacesia Marina,19/08/2026 23:59:55,19/08/2026 23:59:55,20.1,31.7,0.0,online,0.0,46.0,84.0,29.0,16.5,25.2
29,Cagnano Amiterno,19/08/2026 23:45:15,19/08/2026 21:29:00,12.5,32.6,0.0,online,0.0,0.0,0.0,9.7,15.7,0.0
3,Castel del Monte - Loc. Pietrattina,19/08/2026 23:45:15,19/08/2026 02:55:00,0.0,0.0,0.0,offline,0.0,0.0,0.0,0.0,0.0,0.0
30,Campo Felice Loc. Lentrata,19/08/2026 23:45:15,19/08/2026 20:40:00,0.0,0.0,0.0,offline,0.0,0.0,0.0,0.0,0.0,0.0
31,Castel di Sangro Loc. Pantano,19/08/2026 23:46:15,19/08/2026 23:45:01,11.7,30.7,0.0,online,0.0,0.0,0.0,24.0,0.0,0.0
32,Campo di Giove Loc. Guado di Coccia,19/08/2026 23:46:15,19/08/2026 23:45:01,14.3,23.3,0.0,online,0.0,0.0,0.0,26.0,0.0,0.0
34,Capracotta,19/08/2026 23:59:35,19/08/2026 23:59:35,19.6,34.2,0.0,online,0.0,34.0,73.0,5.5,12.3,18.1
35,Collebrincioni,19/08/2026 23:45:15,19/08/2026 23:42:00,17.7,28.7,0.0,online,0.0,0.0,0.0,30.6,16.5,0.0
36,Roccaraso,19/08/2026 23:59:55,19/08/2026 23:59:55,12.8,30.2,0.0,online,10.2,39.0,93.0,15.0,11.3,18.4
37,Sella di Corno,19/08/2026 23:45:15,19/08/2026 23:35:00,15.3,28.1,0.0,online,0.0,0.0,0.0,22.5,16.4,0.0
38,Fara San Martino,19/08/2026 23:45:48,19/08/2026 23:40:00,24.4,35.1,0.0,online,0.0,30.0,57.0,23.0,12.2,18.1
39,Camporotondo,19/08/2026 23:46:27,19/08/2026 21:44:00,11.4,26.8,0.0,online,0.0,0.0,0.0,0.0,0.0,0.0
4,Villa Celiera,19/08/2026 23:45:48,19/08/2026 23:40:00,22.7,34.8,0.0,online,0.0,30.0,63.0,21.0,12.8,17.2
40,Pizzoli,19/08/2026 23:45:48,19/08/2026 23:40:00,15.4,32.0,0.0,online,0.0,31.0,91.0,24.0,10.8,17.2
41,Corfinio,19/08/2026 23:46:27,19/08/2026 21:40:00,17.9,37.9,0.0,online,0.0,0.0,0.0,0.0,0.0,0.0
42,Campo Felice Loc. Camardosa,19/08/2026 23:45:15,19/08/2026 23:30:00,4.0,24.0,0.3,online,0.0,0.0,0.0,29.0,10.4,0.0
43,Capitignano,19/08/2026 23:45:15,19/08/2026 21:30:00,12.0,32.0,0.3,online,0.0,0.0,0.0,14.5,10.1,0.0
44,Piano delle 5 Miglia,19/08/2026 23:45:48,19/08/2026 23:40:00,8.4,29.2,0.3,online,0.0,46.0,99.0,17.7,7.9,18.3
45,Ovindoli,19/08/2026 23:59:36,19/08/2026 23:59:36,13.2,26.1,0.0,online,76.1,50.0,84.0,43.6,10.1,17.5
46,Pescopennattaro,19/08/2026 23:59:53,19/08/2026 23:59:53,18.3,28.1,0.0,online,8.1,37.0,71.0,16.1,9.6,16.0
47,Castel del Monte,19/08/2026 23:45:48,19/08/2026 23:40:00,16.7,28.9,0.0,online,0.0,37.0,79.0,14.5,10.8,16.5
48,Forme,19/08/2026 23:45:48,19/08/2026 23:45:01,15.8,29.2,0.0,online,0.0,43.0,90.0,22.5,13.3,18.6
49,Monte Genzana,19/08/2026 23:45:48,19/08/2026 23:40:00,13.5,21.6,0.0,online,0.0,53.0,93.0,33.8,8.7,14.5
5,Pratola Peligna,19/08/2026 23:46:15,19/08/2026 23:45:01,15.8,38.1,0.0,online,0.0,0.0,0.0,13.0,0.0,0.0
50,Ofena,19/08/2026 23:45:48,19/08/2026 23:45:01,18.2,36.8,0.0,online,0.0,27.0,80.0,24.0,13.6,18.9
51,Piani di Pezza,19/08/2026 23:45:48,19/08/2026 23:40:00,5.9,25.3,0.0,online,0.0,50.0,99.0,25.7,5.5,17.7
52,Rifugio Montecristo,19/08/2026 23:45:48,19/08/2026 23:40:00,16.3,25.2,0.0,online,0.0,45.0,83.0,33.8,9.6,15.5
53,Rocca Calascio,19/08/2026 23:45:48,19/08/2026 23:40:00,16.9,28.3,0.0,online,0.0,33.0,80.0,30.6,8.7,15.6
54,Farindola,19/08/2026 23:45:48,19/08/2026 23:45:01,19.4,32.7,0.0,online,0.0,34.0,84.0,22.5,13.0,18.5
55,Monte Piselli,19/08/2026 23:45:48,19/08/2026 23:43:00,17.9,25.1,0.0,online,0.0,46.0,75.0,31.0,10.6,17.2
56,Valle Castellana,19/08/2026 23:45:48,19/08/2026 23:40:00,16.4,34.0,0.0,online,0.0,28.0,84.0,11.3,11.9,18.7
57,Civitaluparella,19/08/2026 23:45:48,19/08/2026 23:45:01,21.1,33.7,0.0,online,0.0,28.0,77.0,29.0,11.7,18.3
58,Alfedena Scontrone 12,19/08/2026 23:30:55,19/08/2026 23:30:55,16.4,30.9,0.0,online,53.0,33.0,91.0,23.3,12.3,17.2
6,Rocca di Mezzo Loc. Rovere,19/08/2026 23:45:48,19/08/2026 23:40:00,11.2,26.7,0.0,online,0.0,54.0,95.0,27.4,9.5,17.7
7,Rocca di Mezzo,19/08/2026 23:45:48,19/08/2026 23:40:00,9.7,27.1,0.0,online,0.0,45.0,95.0,24.1,8.5,17.5
8,Rocca di Mezzo Loc. Fonteavignone,19/08/2026 23:45:48,19/08/2026 23:40:00,14.1,29.1,0.0,online,0.0,38.0,88.0,22.5,11.5,17.1
81,Alfedena Centro,19/08/2026 23:59:27,19/08/2026 23:59:27,15.2,32.3,0.0,online,42.9,40.0,92.0,20.1,13.6,19.6
82,Alfedena Scontrone 4,19/08/2026 23:30:59,19/08/2026 23:30:59,16.7,32.0,0.0,online,56.9,43.0,90.0,28.5,14.2,19.6
9,Civitaretegna,19/08/2026 23:45:48,19/08/2026 23:40:00,12.7,33.8,0.0,online,0.0,32.0,89.0,0.0,10.6,18.7
1,Il Ceppo Rifugio,20/08/2026 18:45:48,20/08/2026 18:40:00,18.6,26.7,0.0,online,0.0,46.0,72.0,11.3,9.2,19.1
10,Prata d'Ansidonia,20/08/2026 18:45:16,20/08/2026 18:35:00,15.3,32.0,0.0,online,0.0,0.0,0.0,33.8,19.9,0.0
11,Passo San Leonardo,20/08/2026 18:46:26,20/08/2026 16:44:00,16.7,29.0,0.0,online,0.0,0.0,0.0,0.0,0.0,0.0
12,Roccacaramanico,20/08/2026 18:46:15,20/08/2026 18:43:00,20.8,30.6,0.0,online,0.0,0.0,0.0,0.0,0.0,0.0
13,Campo di Giove,20/08/2026 18:45:48,20/08/2026 18:40:00,16.6,29.8,0.0,online,0.0,37.0,86.0,26.0,11.9,16.8
14,Bosco di Sant'Antonio,20/08/2026 18:46:15,20/08/2026 18:45:00,14.4,27.7,0.0,online,0.0,0.0,0.0,0.0,0.0,0.0
15,Palena Stazione,20/08/2026 18:46:15,20/08/2026 18:44:00,19.7,28.3,0.0,online,0.0,0.0,0.0,19.0,0.0,0.0
16,Pescocostanzo Loc. Vallefura,20/08/2026 18:46:15,20/08/2026 18:44:00,16.6,26.2,0.0,online,0.0,0.0,0.0,23.0,0.0,0.0
17,Roccaraso Loc. Aremogna,20/08/2026 18:45:16,20/08/2026 18:30:00,1.0,24.5,0.0,online,0.0,0.0,0.0,29.5,0.0,0.0
18,Castel di Sangro,20/08/2026 18:45:48,20/08/2026 18:40:00,14.1,30.1,0.0,online,0.0,50.0,91.0,25.7,12.3,21.4
19,San Pietro di Avellana,20/08/2026 18:46:26,20/08/2026 16:41:00,13.1,29.3,0.0,online,0.0,0.0,0.0,0.0,0.0,0.0
2,Prati Di Tivo,20/08/2026 18:45:48,20/08/2026 18:40:00,17.1,26.9,0.0,online,0.0,36.0,63.0,30.6,5.2,16.7
20,Monteferrante,20/08/2026 23:45:48,20/08/2026 23:45:48,0.0,0.0,0.0,offline,0.0,0.0,0.0,0.0,0.0,0.0
21,Passolanciano,20/08/2026 18:46:15,20/08/2026 18:44:00,17.2,26.4,0.0,online,0.0,0.0,0.0,24.0,0.0,0.0
22,Mammarosa,20/08/2026 18:46:15,20/08/2026 18:44:00,18.3,23.4,0.0,online,0.0,0.0,0.0,47.0,0.0,0.0
23,Tagliacozzo Loc. Roccacerro,20/08/2026 18:46:26,20/08/2026 16:39:00,17.5,29.9,0.0,online,0.0,0.0,0.0,0.0,0.0,0.0
24,Montereale - Aringo,20/08/2026 18:45:48,20/08/2026 18:45:00,13.9,29.8,0.2,online,0.0,45.0,98.0,25.7,13.3,20.6
25,Oricola Loc. Pezzetaglie,20/08/2026 18:46:26,20/08/2026 16:39:00,14.3,33.1,0.0,online,0.0,0.0,0.0,0.0,0.0,0.0
26,Rocca di Mezzo Loc. Terranera,20/08/2026 18:45:16,20/08/2026 18:35:00,8.8,28.3,0.0,online,0.0,0.0,0.0,30.6,16.6,0.0
27,Lago di Campotosto,20/08/2026 18:45:48,20/08/2026 18:40:00,14.6,27.1,0.0,online,0.0,51.0,96.0,19.3,12.3,18.9
28,Fossacesia Marina,20/08/2026 23:59:55,20/08/2026 23:59:55,22.2,31.9,0.0,online,0.0,54.0,79.0,22.5,17.7,26.3
29,Cagnano Amiterno,20/08/2026 18:45:16,20/08/2026 16:29:00,13.2,30.4,0.0,online,0.0,0.0,0.0,8.0,19.9,0.0
3,Castel del Monte - Loc. Pietrattina,20/08/2026 18:45:16,20/08/2026 02:55:00,0.0,0.0,0.0,offline,0.0,0.0,0.0,0.0,0.0,0.0
30,Campo Felice Loc. Lentrata,20/08/2026 18:45:16,20/08/2026 16:35:00,24.4,24.6,0.0,online,0.0,0.0,0.0,22.5,16.4,0.0
31,Castel di Sangro Loc. Pantano,20/08/2026 18:46:15,20/08/2026 18:45:00,12.1,30.5,0.0,online,0.0,0.0,0.0,26.0,0.0,0.0
32,Campo di Giove Loc. Guado di Coccia,20/08/2026 18:46:15,20/08/2026 18:45:00,15.2,23.8,0.0,online,0.0,0.0,0.0,51.0,0.0,0.0
34,Capracotta,20/08/2026 23:59:36,20/08/2026 23:59:36,21.8,37.3,0.0,online,0.0,33.0,74.0,3.5,11.9,19.7
35,Collebrincioni,20/08/2026 18:45:16,20/08/2026 18:37:00,19.6,27.7,0.0,online,0.0,0.0,0.0,30.6,18.3,0.0
36,Roccaraso,20/08/2026 23:59:55,20/08/2026 23:59:55,12.6,29.1,0.0,online,10.2,42.0,91.0,23.7,9.6,20.8
37,Sella di Corno,20/08/2026 18:45:16,20/08/2026 18:35:00,15.8,27.3,0.0,online,0.0,0.0,0.0,29.0,20.6,0.0
38,Fara San Martino,20/08/2026 18:45:48,20/08/2026 18:40:00,24.8,34.7,0.0,online,0.0,38.0,49.0,19.0,10.6,21.0
39,Camporotondo,20/08/2026 18:46:26,20/08/2026 16:44:00,11.4,25.0,0.0,online,0.0,0.0,0.0,0.0,0.0,0.0
4,Villa Celiera,20/08/2026 18:45:48,20/08/2026 18:40:00,25.1,31.9,0.0,online,0.0,34.0,58.0,23.0,8.8,21.3
40,Pizzoli,20/08/2026 18:45:48,20/08/2026 18:40:00,17.2,31.0,0.0,online,0.0,40.0,87.0,22.0,13.7,18.7
41,Corfinio,20/08/2026 18:46:26,20/08/2026 16:40:00,21.7,37.3,0.0,online,0.0,0.0,0.0,0.0,0.0,0.0
42,Campo Felice Loc. Camardosa,20/08/2026 18:45:16,20/08/2026 18:30:00,7.6,23.3,0.3,online,0.0,0.0,0.0,41.8,16.9,0.0
43,Capitignano,20/08/2026 18:45:16,20/08/2026 16:30:00,12.6,31.2,0.3,online,0.0,0.0,0.0,19.3,20.0,0.0
44,Piano delle 5 Miglia,20/08/2026 18:45:48,20/08/2026 18:40:00,9.0,28.5,0.0,online,0.0,36.0,97.0,30.6,8.0,20.0
45,Ovindoli,20/08/2026 23:59:59,20/08/2026 23:59:59,15.7,25.5,0.0,online,76.1,56.0,91.0,43.6,12.9,17.7
46,Pescopennattaro,20/08/2026 22:39:04,20/08/2026 22:39:04,21.3,28.4,0.0,online,8.1,32.0,70.0,15.0,5.8,17.5
47,Castel del Monte,20/08/2026 18:45:48,20/08/2026 18:40:00,17.9,30.4,0.0,online,0.0,40.0,73.0,20.9,8.5,16.8
48,Forme,20/08/2026 18:45:48,20/08/2026 18:45:00,16.1,28.8,0.0,online,0.0,48.0,91.0,24.1,13.1,19.0
49,Monte Genzana,20/08/2026 18:45:48,20/08/2026 18:40:00,14.0,21.8,0.0,online,0.0,47.0,74.0,41.8,6.1,15.2
5,Pratola Peligna,20/08/2026 18:46:15,20/08/2026 18:45:00,18.1,37.3,0.0,online,0.0,0.0,0.0,18.0,0.0,0.0
50,Ofena,20/08/2026 18:45:48,20/08/2026 18:45:00,19.4,36.2,0.0,online,0.0,34.0,79.0,24.0,15.2,20.6
51,Piani di Pezza,20/08/2026 18:45:48,20/08/2026 18:40:00,6.6,24.9,0.0,online,0.0,55.0,98.0,27.4,6.0,18.3
52,Rifugio Montecristo,20/08/2026 18:45:48,20/08/2026 18:40:00,16.1,24.8,0.0,online,0.0,39.0,82.0,41.8,7.8,17.4
53,Rocca Calascio,20/08/2026 18:45:48,20/08/2026 18:40:00,18.7,27.9,0.0,online,0.0,38.0,75.0,22.5,9.7,16.0
54,Farindola,20/08/2026 18:45:48,20/08/2026 18:44:00,23.2,30.9,0.0,online,0.0,41.0,65.0,14.5,10.6,21.6
55,Monte Piselli,20/08/2026 18:45:48,20/08/2026 18:45:00,18.1,24.7,0.0,online,0.0,47.0,83.0,35.0,8.9,18.9
56,Valle Castellana,20/08/2026 18:45:48,20/08/2026 18:40:00,16.1,33.8,0.0,online,0.0,35.0,85.0,14.5,12.5,20.5
57,Civitaluparella,20/08/2026 18:45:48,20/08/2026 18:45:00,21.1,33.7,0.0,online,0.0,35.0,81.0,26.0,15.0,20.0
58,Alfedena Scontrone 12,20/08/2026 23:59:49,20/08/2026 23:59:49,15.4,30.9,0.0,online,53.0,38.0,92.0,21.1,13.4,19.5
6,Rocca di Mezzo Loc. Rovere,20/08/2026 18:45:48,20/08/2026 18:40:00,14.0,25.8,0.0,online,0.0,57.0,96.0,30.6,12.4,18.4
7,Rocca di Mezzo,20/08/2026 18:45:48,20/08/2026 18:40:00,11.4,27.5,0.0,online,0.0,49.0,94.0,32.2,9.6,18.0
8,Rocca di Mezzo Loc. Fonteavignone,20/08/2026 18:45:48,20/08/2026 18:40:00,14.2,28.2,0.0,online,0.0,51.0,93.0,17.7,11.9,18.3
81,Alfedena Centro,20/08/2026 23:59:27,20/08/2026 23:59:27,15.9,32.4,0.0,online,42.9,46.0,92.0,21.2,13.8,20.2
82,Alfedena Scontrone 4,20/08/2026 23:59:59,20/08/2026 23:59:59,15.9,31.4,0.0,online,56.9,47.0,91.0,26.2,13.9,20.6
9,Civitaretegna,20/08/2026 18:45:48,20/08/2026 18:40:00,16.6,32.7,0.0,online,0.0,40.0,85.0,0.0,13.4,18.3
1,Il Ceppo Rifugio,21/08/2026 23:45:48,21/08/2026 23:40:00,17.1,25.7,1.2,online,0.0,50.0,87.0,49.9,11.9,17.6
10,Prata d'Ansidonia,21/08/2026 23:45:16,21/08/2026 04:20:00,17.2,32.1,1.5,online,0.0,0.0,0.0,0.0,0.0,0.0
11,Passo San Leonardo,21/08/2026 23:58:34,21/08/2026 21:53:00,17.8,25.3,0.4,online,0.0,0.0,0.0,48.3,0.0,0.0
12,Roccacaramanico,21/08/2026 23:46:15,21/08/2026 14:29:00,19.3,20.6,2.4,online,0.0,0.0,0.0,42.0,0.0,0.0
13,Campo di Giove,21/08/2026 23:45:48,21/08/2026 23:40:00,15.8,27.8,2.0,online,0.0,42.0,83.0,40.0,12.4,17.0
14,Bosco di Sant'Antonio,21/08/2026 23:46:15,21/08/2026 23:44:00,14.7,25.9,2.8,online,0.0,0.0,0.0,32.0,0.0,0.0
15,Palena Stazione,21/08/2026 23:46:15,21/08/2026 23:45:01,15.9,26.8,0.2,online,0.0,0.0,0.0,29.0,0.0,0.0
16,Pescocostanzo Loc. Vallefura,21/08/2026 23:46:15,21/08/2026 23:44:00,16.6,24.4,2.2,online,0.0,0.0,0.0,51.0,0.0,0.0
17,Roccaraso Loc. Aremogna,21/08/2026 23:45:16,21/08/2026 23:30:00,7.0,23.7,3.4,online,0.0,0.0,0.0,47.9,0.0,0.0
18,Castel di Sangro,21/08/2026 23:45:48,21/08/2026 23:40:00,16.1,29.2,7.0,online,0.0,47.0,89.0,56.3,13.8,20.7
19,San Pietro di Avellana,21/08/2026 23:58:34,21/08/2026 21:50:00,15.8,26.9,0.0,online,0.0,0.0,0.0,4.2,0.0,0.0
2,Prati Di Tivo,21/08/2026 23:45:48,21/08/2026 23:40:00,18.2,25.1,4.0,online,0.0,36.0,76.0,66.0,7.3,15.3
20,Monteferrante,21/08/2026 23:45:48,21/08/2026 23:45:48,0.0,0.0,0.0,offline,0.0,0.0,0.0,0.0,0.0,0.0
21,Passolanciano,21/08/2026 23:46:15,21/08/2026 23:44:00,16.4,25.6,3.2,online,0.0,0.0,0.0,64.0,0.0,0.0
22,Mammarosa,21/08/2026 23:46:15,21/08/2026 23:44:00,14.0,22.0,0.6,online,0.0,0.0,0.0,105.0,0.0,0.0
23,Tagliacozzo Loc. Roccacerro,21/08/2026 23:58:34,21/08/2026 21:54:00,16.3,28.2,2.9,online,0.0,0.0,0.0,17.3,0.0,0.0
24,Montereale - Aringo,21/08/2026 23:45:48,21/08/2026 23:45:01,16.1,27.5,6.4,online,0.0,52.0,98.0,43.5,15.4,20.7
25,Oricola Loc. Pezzetaglie,21/08/2026 23:58:34,21/08/2026 21:54:00,17.2,32.1,5.0,online,0.0,0.0,0.0,37.8,0.0,0.0
26,Rocca di Mezzo Loc. Terranera,21/08/2026 23:45:16,21/08/2026 23:30:00,13.2,26.3,1.4,online,0.0,0.0,0.0,56.3,14.9,0.0
27,Lago di Campotosto,21/08/2026 23:45:48,21/08/2026 23:40:00,15.9,24.9,5.6,online,0.0,59.0,94.0,37.0,14.2,18.1
28,Fossacesia Marina,21/08/2026 23:59:55,21/08/2026 23:59:55,22.2,34.5,0.0,online,0.0,36.0,80.0,41.8,16.0,26.7
29,Cagnano Amiterno,21/08/2026 23:45:16,21/08/2026 21:29:00,16.3,29.9,0.0,online,0.0,0.0,0.0,11.3,16.8,0.0
3,Castel del Monte - Loc. Pietrattina,21/08/2026 23:45:16,21/08/2026 02:55:00,0.0,0.0,0.0,offline,0.0,0.0,0.0,0.0,0.0,0.0
30,Campo Felice Loc. Lentrata,21/08/2026 23:45:16,21/08/2026 18:05:00,17.8,17.0,3.3,online,0.0,0,0.0,22.5,0.0,0.0
31,Castel di Sangro Loc. Pantano,21/08/2026 23:46:15,21/08/2026 23:45:01,13.9,29.1,15.8,online,0.0,0.0,0.0,34.0,0.0,0.0
32,Campo di Giove Loc. Guado di Coccia,21/08/2026 23:46:15,21/08/2026 23:45:01,14.2,22.1,0.4,online,0.0,0.0,0.0,90.0,0.0,0.0
34,Capracotta,21/08/2026 23:59:37,21/08/2026 23:59:37,20.4,37.0,0.0,online,0.0,35.0,72.0,7.2,12.1,19.5
35,Collebrincioni,21/08/2026 23:45:16,21/08/2026 23:42:00,18.5,26.5,5.3,online,0.0,0.0,0.0,37.0,15.5,0.0
36,Roccaraso,21/08/2026 23:59:54,21/08/2026 23:59:54,13.9,27.2,0.0,online,10.2,44.0,88.0,29.1,10.1,19.1
37,Sella di Corno,21/08/2026 23:45:16,21/08/2026 23:35:00,18.0,26.1,2.5,online,0.0,0.0,0.0,45.1,16.6,0.0
38,Fara San Martino,21/08/2026 23:45:48,21/08/2026 23:40:00,24.4,35.2,0.0,online,0.0,29.0,58.0,34.0,14.3,18.9
39,Camporotondo,21/08/2026 23:58:34,21/08/2026 21:54:00,13.3,23.4,6.9,online,0.0,0.0,0.0,34.4,0.0,0.0
4,Villa Celiera,21/08/2026 23:45:48,21/08/2026 23:40:00,22.4,34.8,0.0,online,0.0,31.0,67.0,39.0,11.2,18.9
40,Pizzoli,21/08/2026 23:45:48,21/08/2026 23:41:00,19.6,29.0,2.1,online,0.0,44.0,82.0,38.0,14.5,19.9
41,Corfinio,21/08/2026 23:58:34,21/08/2026 21:56:00,21.4,34.6,0.0,online,0.0,0.0,0.0,12.3,0.0,0.0
42,Campo Felice Loc. Camardosa,21/08/2026 23:45:16,21/08/2026 23:30:00,13.7,22.4,8.0,online,0.0,0.0,0.0,67.6,13.9,0.0
43,Capitignano,21/08/2026 23:45:16,21/08/2026 21:40:00,16.1,29.2,1.3,online,0.0,0.0,0.0,38.6,15.5,0.0
44,Piano delle 5 Miglia,21/08/2026 23:45:48,21/08/2026 23:40:00,9.8,26.9,3.0,online,0.0,47.0,93.0,35.4,8.3,18.2
45,Ovindoli,21/08/2026 23:59:49,21/08/2026 23:59:49,15.9,23.7,2.6,online,78.7,56.0,89.0,65.2,12.3,17.7
46,Pescopennattaro,21/08/2026 23:59:00,21/08/2026 23:59:00,0.0,0.0,0.0,offline,0.0,0.0,0.0,0.0,0.0,0.0
47,Castel del Monte,21/08/2026 23:45:48,21/08/2026 23:45:01,17.1,28.1,1.2,online,0.0,41.0,89.0,25.7,10.6,17.1
48,Forme,21/08/2026 23:45:48,21/08/2026 16:50:00,0.0,0.0,0.0,offline,0.0,0.0,0.0,0.0,0.0,0.0
49,Monte Genzana,21/08/2026 23:45:48,21/08/2026 23:40:00,11.8,19.6,4.3,online,0.0,55.0,97.0,85.3,7.5,13.2
5,Pratola Peligna,21/08/2026 23:46:15,21/08/2026 23:40:00,19.3,34.8,2.6,online,0.0,0.0,0.0,23.0,0.0,0.0
50,Ofena,21/08/2026 22:18:55,21/08/2026 22:10:00,20.3,35.3,0.8,online,0.0,34.0,86.0,29.0,14.2,19.5
51,Piani di Pezza,21/08/2026 23:45:48,21/08/2026 23:40:00,12.1,23.3,7.0,online,0.0,54.0,93.0,48.3,10.4,16.9
52,Rifugio Montecristo,21/08/2026 23:45:48,21/08/2026 23:40:00,14.8,23.3,0.0,online,0.0,54.0,97.0,57.9,9.7,16.1
53,Rocca Calascio,21/08/2026 23:45:48,21/08/2026 23:40:00,15.6,25.9,2.4,online,0.0,44.0,91.0,45.1,10.2,15.4
54,Farindola,21/08/2026 23:45:48,21/08/2026 23:44:00,23.3,32.3,0.4,online,0.0,35.0,76.0,45.1,14.1,19.5
55,Monte Piselli,21/08/2026 23:45:48,21/08/2026 23:44:00,16.6,23.7,2.8,online,0.0,49.0,85.0,76.0,10.6,18.3
56,Valle Castellana,21/08/2026 23:45:48,21/08/2026 23:40:00,18.8,31.0,4.0,online,0.0,36.0,90.0,30.6,13.5,22.4
57,Civitaluparella,21/08/2026 23:45:48,21/08/2026 23:45:01,20.9,29.2,0.0,online,0.0,49.0,72.0,32.0,13.9,19.4
58,Alfedena Scontrone 12,21/08/2026 23:59:49,21/08/2026 23:59:49,14.6,29.3,33.5,online,86.5,39.0,97.0,24.8,12.7,19.6
6,Rocca di Mezzo Loc. Rovere,21/08/2026 23:45:48,21/08/2026 23:40:00,14.9,24.4,2.8,online,0.0,59.0,97.0,48.3,12.5,18.7
64,Marsia,21/08/2026 23:50:00,,21/08/2026 13:18:57,11.8,23.8,0.0,online,MeteoRegioneAbruzzo,54.0,98.0,27.4,0.0
65,Tagliacozzo Loc. Poggetello,21/08/2026 23:50:00,,21/08/2026 13:18:57,14.8,30.4,0.0,online,MeteoRegioneAbruzzo,52.0,99.0,17.3,0.0
66,Roio del Sangro,21/08/2026 23:50:00,,21/08/2026 13:18:57,21.5,28.2,0.0,online,MeteoRegioneAbruzzo,38.0,65.0,55.1,0.0
67,Campo Imperatore Loc. Prato del Bove,21/08/2026 23:50:00,21/08/2026 13:18:57,15.5,23.1,0.0,online,MeteoRegioneAbruzzo,50.0,87.0,46.0,0.0,0.0
7,Rocca di Mezzo,21/08/2026 23:45:48,21/08/2026 23:40:00,14.1,26.1,2.2,online,0.0,47.0,87.0,59.5,11.1,17.7
8,Rocca di Mezzo Loc. Fonteavignone,21/08/2026 23:45:48,21/08/2026 23:40:00,15.9,27.4,7.2,online,0.0,46.0,88.0,53.1,13.4,17.7
81,Alfedena Centro,21/08/2026 23:59:27,21/08/2026 23:59:27,15.8,29.7,26.2,online,69.1,48.0,93.0,29.9,13.7,19.3
82,Alfedena Scontrone 4,21/08/2026 23:59:59,21/08/2026 23:59:59,15.2,30.3,20.6,online,77.5,48.0,94.0,52.1,13.8,19.5
9,Civitaretegna,21/08/2026 23:45:48,21/08/2026 23:40:00,16.6,31.7,1.5,online,0.0,38.0,84.0,0.0,13.5,18.8
1,Il Ceppo Rifugio,22/08/2026 23:45:53,22/08/2026 23:40:00,16.8,26.0,0.0,online,0.0,44.0,96.0,22.5,12.7,18.6
10,Prata d'Ansidonia,22/08/2026 23:45:21,22/08/2026 23:35:00,17.3,30.3,0.0,online,0.0,0.0,0.0,30.6,15.7,0.0
11,Passo San Leonardo,22/08/2026 23:46:30,22/08/2026 21:44:00,17.7,26.3,0.0,online,0.0,0.0,0.0,27.4,0.0,0.0
12,Roccacaramanico,22/08/2026 23:46:21,22/08/2026 23:44:00,18.6,28.1,0.0,online,0.0,0.0,0.0,34.0,0.0,0.0
13,Campo di Giove,22/08/2026 23:45:53,22/08/2026 23:40:00,16.9,27.8,0.0,online,0.0,39.0,83.0,29.0,11.8,18.0
14,Bosco di Sant'Antonio,22/08/2026 23:46:21,22/08/2026 23:45:01,14.5,26.3,0.0,online,0.0,0.0,0.0,27.0,0.0,0.0
15,Palena Stazione,22/08/2026 23:46:21,22/08/2026 23:45:01,14.7,26.6,0.0,online,0.0,0.0,0.0,23.0,0.0,0.0
16,Pescocostanzo Loc. Vallefura,22/08/2026 23:46:21,22/08/2026 23:44:00,15.1,24.8,0.0,online,0.0,0.0,0.0,31.0,0.0,0.0
17,Roccaraso Loc. Aremogna,22/08/2026 23:45:21,22/08/2026 23:30:00,12.0,24.5,0.0,online,0.0,0.0,0.0,38.5,0.0,0.0
18,Castel di Sangro,22/08/2026 23:45:53,22/08/2026 23:40:00,16.3,30.5,0.0,online,0.0,38.0,88.0,38.6,13.8,19.5
19,San Pietro di Avellana,22/08/2026 23:46:30,22/08/2026 21:42:00,14.2,29.9,0.0,online,0.0,0.0,0.0,3.3,0.0,0.0
2,Prati Di Tivo,22/08/2026 23:45:53,22/08/2026 23:40:00,15.5,24.9,0.0,online,0.0,43.0,89.0,48.3,10.5,17.0
20,Monteferrante,22/08/2026 23:45:53,22/08/2026 23:45:53,0.0,0.0,0.0,offline,0.0,0.0,0.0,0.0,0.0,0.0
21,Passolanciano,22/08/2026 23:46:21,22/08/2026 23:44:00,16.7,24.8,0.0,online,0.0,0.0,0.0,48.0,0.0,0.0
22,Mammarosa,22/08/2026 23:46:21,22/08/2026 23:44:00,15.8,21.9,0.0,online,0.0,0.0,0.0,98.0,0.0,0.0
23,Tagliacozzo Loc. Roccacerro,22/08/2026 23:46:30,22/08/2026 21:45:00,16.4,27.5,0.0,online,0.0,0.0,0.0,10.8,0.0,0.0
24,Montereale - Aringo,22/08/2026 23:45:53,22/08/2026 23:45:01,15.1,28.2,0.0,online,0.0,40.0,98.0,20.9,12.5,18.8
25,Oricola Loc. Pezzetaglie,22/08/2026 23:46:30,22/08/2026 21:39:00,16.2,32.0,0.2,online,0.0,0.0,0.0,18.7,0.0,0.0
26,Rocca di Mezzo Loc. Terranera,22/08/2026 23:45:21,22/08/2026 23:35:00,10.7,26.3,0.0,online,0.0,0.0,0.0,53.1,9.7,0.0
27,Lago di Campotosto,22/08/2026 23:45:53,22/08/2026 23:40:00,16.0,25.4,0.0,online,0.0,48.0,95.0,27.4,12.1,17.2
28,Fossacesia Marina,22/08/2026 23:59:55,22/08/2026 23:59:55,21.1,31.2,0.0,online,0.0,55.0,81.0,19.3,15.9,25.4
29,Cagnano Amiterno,22/08/2026 23:45:21,22/08/2026 21:29:00,18.2,29.2,0.0,online,0.0,0.0,0.0,8.0,15.3,0.0
3,Castel del Monte - Loc. Pietrattina,22/08/2026 23:45:21,22/08/2026 02:55:00,0.0,0.0,0.0,offline,0.0,0.0,0.0,0.0,0.0,0.0
30,Campo Felice Loc. Lentrata,22/08/2026 23:45:21,22/08/2026 20:35:00,16.3,17.3,0.0,online,0.0,0.0,0.0,9.7,13.8,0.0
31,Castel di Sangro Loc. Pantano,22/08/2026 23:46:21,22/08/2026 23:45:01,15.6,29.6,0.0,online,0.0,0.0,0.0,31.0,0.0,0.0
32,Campo di Giove Loc. Guado di Coccia,22/08/2026 23:46:21,22/08/2026 23:45:01,13.8,22.1,0.0,online,0.0,0.0,0.0,76.0,0.0,0.0
34,Capracotta,22/08/2026 23:59:37,22/08/2026 23:59:37,20.1,38.6,0.0,online,0.0,34.0,83.0,9.0,12.6,20.2
35,Collebrincioni,22/08/2026 23:45:21,22/08/2026 23:42:00,18.1,26.1,0.3,online,0.0,0.0,0.0,27.4,15.1,0.0
36,Roccaraso,22/08/2026 23:59:54,22/08/2026 23:59:54,14.2,28.8,0.0,online,10.2,37.0,91.0,17.9,11.5,19.8
37,Sella di Corno,22/08/2026 23:45:21,22/08/2026 23:40:00,17.4,27.3,0.0,online,0.0,0.0,0.0,27.4,15.7,0.0
38,Fara San Martino,22/08/2026 23:45:53,22/08/2026 23:41:00,23.3,32.8,0.0,online,0.0,41.0,78.0,21.0,14.8,21.0
39,Camporotondo,22/08/2026 23:46:30,22/08/2026 21:44:00,13.6,24.6,0.0,online,0.0,0.0,0.0,16.9,0.0,0.0
4,Villa Celiera,22/08/2026 23:45:53,22/08/2026 23:40:00,20.8,30.1,0.0,online,0.0,54.0,88.0,24.0,15.3,20.8
40,Pizzoli,22/08/2026 23:45:53,22/08/2026 23:41:00,20.3,29.4,0.0,online,0.0,30.0,81.0,28.0,9.5,18.3
41,Corfinio,22/08/2026 23:46:30,22/08/2026 21:40:00,20.5,35.7,0.0,online,0.0,0.0,0.0,11.7,0.0,0.0
42,Campo Felice Loc. Camardosa,22/08/2026 23:45:21,22/08/2026 23:30:00,10.6,21.8,0.0,online,0.0,0.0,0.0,51.5,8.9,0.0
43,Capitignano,22/08/2026 23:45:21,22/08/2026 21:40:00,17.3,29.4,0.0,online,0.0,0.0,0.0,19.3,6.0,0.0
44,Piano delle 5 Miglia,22/08/2026 23:45:53,22/08/2026 23:40:00,13.0,27.3,0.0,online,0.0,44.0,95.0,25.7,11.9,18.4
45,Ovindoli,22/08/2026 23:59:41,22/08/2026 23:59:41,15.0,23.8,0.0,online,78.7,51.0,91.0,37.4,12.1,16.0
46,Pescopennattaro,22/08/2026 23:59:00,22/08/2026 23:59:00,0.0,0.0,0.0,offline,0.0,0.0,0.0,0.0,0.0,0.0
47,Castel del Monte,22/08/2026 23:45:53,22/08/2026 23:40:00,16.8,27.6,0.0,online,0.0,39.0,86.0,20.9,12.0,16.4
48,Forme,22/08/2026 23:45:53,22/08/2026 23:45:01,16.8,27.1,0.0,online,0.0,43.0,92.0,24.1,13.1,18.8
49,Monte Genzana,22/08/2026 23:45:53,22/08/2026 23:40:00,12.3,19.6,0.0,online,0.0,60.0,96.0,41.8,9.5,14.0
5,Pratola Peligna,22/08/2026 23:46:21,22/08/2026 23:45:01,18.7,35.2,0.0,online,0.0,0.0,0.0,18.0,0.0,0.0
50,Ofena,22/08/2026 23:45:53,22/08/2026 23:45:01,18.5,34.7,0.0,online,0.0,30.0,87.0,19.0,13.7,19.9
51,Piani di Pezza,22/08/2026 23:45:53,22/08/2026 23:40:00,10.3,22.9,0.0,online,0.0,54.0,95.0,43.4,9.2,15.6
52,Rifugio Montecristo,22/08/2026 23:45:53,22/08/2026 23:40:00,15.3,22.6,0.0,online,0.0,51.0,95.0,41.8,11.1,14.8
53,Rocca Calascio,22/08/2026 23:45:53,22/08/2026 23:40:00,16.2,25.7,0.0,online,0.0,36.0,87.0,29.0,8.6,16.0
54,Farindola,22/08/2026 23:45:53,22/08/2026 23:44:00,20.6,29.4,0.0,online,0.0,52.0,84.0,40.2,14.7,21.5
55,Monte Piselli,22/08/2026 23:45:53,22/08/2026 23:45:01,16.2,23.1,0.0,online,0.0,53.0,91.0,47.0,12.2,18.3
56,Valle Castellana,22/08/2026 23:45:53,22/08/2026 23:40:00,18.2,31.7,0.0,online,0.0,33.0,86.0,20.9,13.1,19.9
57,Civitaluparella,22/08/2026 23:45:53,22/08/2026 23:45:01,20.7,32.0,0.0,online,0.0,42.0,84.0,24.0,13.3,19.4
58,Alfedena Scontrone 12,22/08/2026 23:59:49,22/08/2026 23:59:49,16.8,29.3,0.0,online,86.5,30.0,93.0,24.8,9.6,18.9
6,Rocca di Mezzo Loc. Rovere,22/08/2026 23:45:53,22/08/2026 23:40:00,13.6,23.9,0.0,online,0.0,54.0,91.0,38.6,11.8,16.8
7,Rocca di Mezzo,22/08/2026 23:45:53,22/08/2026 23:40:00,12.2,25.9,0.0,online,0.0,46.0,90.0,45.1,10.4,16.7
8,Rocca di Mezzo Loc. Fonteavignone,22/08/2026 23:45:53,22/08/2026 23:40:00,16.7,26.8,0.0,online,0.0,40.0,91.0,29.0,11.9,17.4
81,Alfedena Centro,22/08/2026 23:59:27,22/08/2026 23:59:27,16.5,30.4,0.0,online,69.1,37.0,92.0,22.7,12.9,19.6
82,Alfedena Scontrone 4,22/08/2026 23:59:59,22/08/2026 23:59:59,16.9,29.7,0.0,online,77.5,39.0,91.0,33.2,13.0,19.8
9,Civitaretegna,22/08/2026 23:45:53,22/08/2026 23:40:00,15.7,31.6,0.3,online,0.0,33.0,88.0,0.0,12.0,19.6
1,Il Ceppo Rifugio,23/08/2026 23:45:53,23/08/2026 23:45:53,15.3,23.9,0.0,online,0.0,72.0,95.0,8.0,13.0,18.7
10,Prata d'Ansidonia,23/08/2026 23:45:21,23/08/2026 23:35:00,13.8,31.8,0.0,online,0.0,0.0,0.0,29.0,14.1,0.0
11,Passo San Leonardo,23/08/2026 23:46:59,23/08/2026 21:44:00,16.0,23.7,0.0,online,0.0,0.0,0.0,27.4,0.0,0.0
12,Roccacaramanico,23/08/2026 23:46:51,23/08/2026 23:43:00,17.7,26.2,0.0,online,0.0,0.0,0.0,21.0,0.0,0.0
13,Campo di Giove,23/08/2026 23:45:53,23/08/2026 23:40:00,14.6,28.8,0.0,online,0.0,32.0,86.0,27.0,10.3,18.5
14,Bosco di Sant'Antonio,23/08/2026 23:46:51,23/08/2026 23:45:01,11.6,27.7,0.0,online,0.0,0.0,0.0,19.0,0.0,0.0
15,Palena Stazione,23/08/2026 23:46:51,23/08/2026 23:45:01,7.0,26.9,0.0,online,0.0,0.0,0.0,21.0,0.0,0.0
16,Pescocostanzo Loc. Vallefura,23/08/2026 23:46:51,23/08/2026 23:44:00,12.9,25.0,0.0,online,0.0,0.0,0.0,16.0,0.0,0.0
17,Roccaraso Loc. Aremogna,23/08/2026 23:45:21,23/08/2026 23:30:00,4.7,24.4,0.3,online,0.0,0.0,0.0,18.4,0.0,0.0
18,Castel di Sangro,23/08/2026 23:45:53,23/08/2026 23:45:01,14.6,30.8,0.0,online,0.0,41.0,91.0,29.0,12.8,20.5
19,San Pietro di Avellana,23/08/2026 23:46:59,23/08/2026 21:41:00,12.2,30.8,0.0,online,0.0,0.0,0.0,1.9,0.0,0.0
2,Prati Di Tivo,23/08/2026 23:45:53,23/08/2026 23:40:00,14.3,22.5,0.0,online,0.0,69.0,87.0,20.9,9.8,17.8
20,Monteferrante,23/08/2026 23:45:53,23/08/2026 23:45:53,0.0,0.0,0.0,offline,0.0,0.0,0.0,0.0,0.0,0.0
21,Passolanciano,23/08/2026 23:46:51,23/08/2026 23:44:00,14.9,22.2,0.0,online,0.0,0.0,0.0,18.0,0.0,0.0
22,Mammarosa,23/08/2026 23:46:51,23/08/2026 23:44:00,14.7,20.2,0.0,online,0.0,0.0,0.0,29.0,0.0,0.0
23,Tagliacozzo Loc. Roccacerro,23/08/2026 23:46:59,23/08/2026 21:39:00,16.5,30.5,0.0,online,0.0,0.0,0.0,9.7,0.0,0.0
24,Montereale - Aringo,23/08/2026 23:45:53,23/08/2026 23:45:01,13.7,29.4,0.2,online,0.0,29.0,99.0,19.3,8.8,19.4
25,Oricola Loc. Pezzetaglie,23/08/2026 23:46:59,23/08/2026 21:39:00,13.3,33.3,0.0,online,0.0,0.0,0.0,18.0,0.0,0.0
26,Rocca di Mezzo Loc. Terranera,23/08/2026 23:45:21,23/08/2026 23:35:00,4.5,27.9,0.0,online,0.0,0.0,0.0,25.7,8.8,0.0
27,Lago di Campotosto,23/08/2026 23:45:53,23/08/2026 23:40:00,14.1,26.8,0.2,online,0.0,36.0,97.0,20.9,8.8,17.6
28,Fossacesia Marina,23/08/2026 23:59:55,23/08/2026 23:59:55,21.5,29.8,0.0,online,0.0,63.0,86.0,17.7,18.8,24.7
29,Cagnano Amiterno,23/08/2026 23:45:21,23/08/2026 21:29:00,13.5,31.4,0.0,online,0.0,0.0,0.0,8.0,13.8,0.0
3,Castel del Monte - Loc. Pietrattina,23/08/2026 23:45:21,23/08/2026 02:55:00,0.0,0.0,0.0,offline,0.0,0.0,0.0,0.0,0.0,0.0
30,Campo Felice Loc. Lentrata,23/08/2026 23:45:21,23/08/2026 20:35:00,0.0,0.0,0.0,offline,0.0,0.0,0.0,0.0,0.0,0.0
31,Castel di Sangro Loc. Pantano,23/08/2026 23:46:51,23/08/2026 23:45:01,12.4,30.3,0.0,online,0.0,0.0,0.0,26.0,0.0,0.0
32,Campo di Giove Loc. Guado di Coccia,23/08/2026 23:46:51,23/08/2026 23:45:01,13.9,21.5,0.0,online,0.0,0.0,0.0,27.0,0.0,0.0
33,Santo Stefano di Sessanio,23/08/2026 23:45:53,23/08/2026 23:40:00,11.3,28.5,0.0,online,0.0,30.0,95.0,19.0,8.9,17.7
34,Capracotta,23/08/2026 23:59:38,23/08/2026 23:59:38,17.5,36.5,0.0,online,0.0,37.0,91.0,7.2,15.1,19.8
35,Collebrincioni,23/08/2026 23:45:21,23/08/2026 23:42:00,17.3,28.6,0.0,online,0.0,0.0,0.0,29.0,14.8,0.0
36,Roccaraso,23/08/2026 23:59:54,23/08/2026 23:59:54,11.5,29.8,0.0,online,10.2,36.0,93.0,14.3,9.6,20.9
37,Sella di Corno,23/08/2026 23:45:21,23/08/2026 23:35:00,15.7,27.6,0.0,online,0.0,0.0,0.0,24.1,14.0,0.0
38,Fara San Martino,23/08/2026 23:45:53,23/08/2026 23:40:00,21.5,30.7,0.0,online,0.0,49.0,83.0,18.0,15.2,20.7
39,Camporotondo,23/08/2026 23:46:59,23/08/2026 21:39:00,10.5,28.1,0.0,online,0.0,0.0,0.0,14.3,0.0,0.0
4,Villa Celiera,23/08/2026 23:45:53,23/08/2026 23:45:01,19.6,29.3,0.0,online,0.0,59.0,92.0,16.0,14.7,21.6
40,Pizzoli,23/08/2026 23:45:53,23/08/2026 23:45:01,15.8,32.0,0.0,online,0.0,21.0,92.0,27.0,6.2,17.3
41,Corfinio,23/08/2026 23:46:59,23/08/2026 21:39:00,18.6,33.5,0.0,online,0.0,0.0,0.0,11.2,0.0,0.0
42,Campo Felice Loc. Camardosa,23/08/2026 23:45:21,23/08/2026 23:30:00,4.4,23.4,0.0,online,0.0,0.0,0.0,22.5,6.1,0.0
43,Capitignano,23/08/2026 23:45:21,23/08/2026 21:39:00,12.7,31.0,0.0,online,0.0,0.0,0.0,20.9,9.4,0.0
44,Piano delle 5 Miglia,23/08/2026 23:45:53,23/08/2026 23:40:00,6.4,27.6,0.0,online,0.0,47.0,98.0,19.3,5.6,19.4
45,Ovindoli,23/08/2026 23:59:33,23/08/2026 23:59:33,12.5,25.5,0.0,online,78.7,37.0,90.0,43.9,9.1,16.0
46,Pescopennattaro,23/08/2026 23:59:00,23/08/2026 23:59:00,0.0,0.0,0.0,offline,0.0,0.0,0.0,0.0,0.0,0.0
47,Castel del Monte,23/08/2026 23:45:53,23/08/2026 23:40:00,16.2,27.7,0.0,online,0.0,49.0,83.0,19.3,12.4,17.5
48,Forme,23/08/2026 23:45:53,23/08/2026 23:45:01,15.1,28.5,0.0,online,0.0,32.0,92.0,24.1,9.5,18.4
49,Monte Genzana,23/08/2026 23:45:53,23/08/2026 23:40:00,13.4,21.6,0.0,online,0.0,36.0,90.0,32.2,1.5,12.6
5,Pratola Peligna,23/08/2026 23:46:51,23/08/2026 23:45:01,16.5,35.3,0.0,online,0.0,0.0,0.0,19.0,0.0,0.0
50,Ofena,23/08/2026 23:45:53,23/08/2026 23:45:53,18.6,33.7,0.0,online,0.0,39.0,83.0,10.0,15.8,20.4
51,Piani di Pezza,23/08/2026 23:45:53,23/08/2026 23:40:00,6.9,25.2,0.0,online,0.0,34.0,99.0,24.1,6.5,17.4
52,Rifugio Montecristo,23/08/2026 23:45:53,23/08/2026 23:40:00,15.8,24.3,0.0,online,0.0,32.0,83.0,43.5,4.2,14.6
53,Rocca Calascio,23/08/2026 23:45:53,23/08/2026 23:40:00,16.6,24.5,0.0,online,0.0,53.0,84.0,29.0,12.8,16.5
54,Farindola,23/08/2026 23:45:53,23/08/2026 23:45:01,19.6,27.3,0.0,online,0.0,63.0,81.0,12.9,14.5,20.8
55,Monte Piselli,23/08/2026 23:45:53,23/08/2026 23:45:53,15.8,19.6,0.0,online,0.0,74.0,98.0,18.0,12.8,17.8
56,Valle Castellana,23/08/2026 23:45:53,23/08/2026 23:45:01,15.7,29.6,0.0,online,0.0,52.0,91.0,19.3,14.1,20.7
57,Civitaluparella,23/08/2026 23:45:53,23/08/2026 23:45:53,0.0,0.0,0.0,offline,0.0,0.0,0.0,0.0,0.0,0.0
58,Alfedena Scontrone 12,23/08/2026 23:59:49,23/08/2026 23:59:49,15.4,31.1,0.0,online,86.5,32.0,93.0,19.8,11.3,18.2
6,Rocca di Mezzo Loc. Rovere,23/08/2026 23:45:53,23/08/2026 23:40:00,10.5,27.1,0.2,online,0.0,39.0,99.0,25.7,10.0,17.4
7,Rocca di Mezzo,23/08/2026 23:45:53,23/08/2026 23:40:00,9.7,26.8,0.0,online,0.0,31.0,96.0,20.9,7.9,17.5
8,Rocca di Mezzo Loc. Fonteavignone,23/08/2026 23:45:53,23/08/2026 23:40:00,13.8,28.4,0.0,online,0.0,36.0,92.0,20.9,11.4,17.5
81,Alfedena Centro,23/08/2026 23:59:27,23/08/2026 23:59:27,14.4,32.2,0.0,online,69.1,41.0,92.0,21.2,12.8,20.0
82,Alfedena Scontrone 4,23/08/2026 23:59:59,23/08/2026 23:59:59,15.5,31.6,0.0,online,77.5,44.0,90.0,26.2,12.7,20.2
9,Civitaretegna,23/08/2026 23:45:53,23/08/2026 23:45:53,0.0,0.0,0.0,offline,0.0,0.0,0.0,0.0,0.0,0.0
1,Il Ceppo Rifugio,24/08/2026 23:46:22,24/08/2026 23:40:00,16.0,24.3,0.0,online,0.0,61.0,90.0,19.3,9.6,18.4
10,Prata d'Ansidonia,24/08/2026 23:45:21,24/08/2026 23:35:00,13.1,31.0,0.0,online,0.0,0.0,0.0,20.9,15.8,0.0
11,Passo San Leonardo,24/08/2026 23:47:01,24/08/2026 21:44:00,17.4,24.1,0.0,online,0.0,0.0,0.0,24.1,0.0,0.0
12,Roccacaramanico,24/08/2026 23:46:50,24/08/2026 23:43:00,18.5,26.1,0.0,online,0.0,0.0,0.0,19.0,0.0,0.0
13,Campo di Giove,24/08/2026 23:46:22,24/08/2026 23:40:00,14.2,29.8,0.0,online,0.0,33.0,83.0,24.0,10.3,19.4
14,Bosco di Sant'Antonio,24/08/2026 23:46:50,24/08/2026 23:44:00,12.4,26.9,0.0,online,0.0,0.0,0.0,21.0,0.0,0.0
15,Palena Stazione,24/08/2026 23:46:50,24/08/2026 23:45:01,6.7,26.2,0.0,online,0.0,0.0,0.0,21.0,0.0,0.0
16,Pescocostanzo Loc. Vallefura,24/08/2026 23:46:50,24/08/2026 23:44:00,15.1,25.7,0.0,online,0.0,0.0,0.0,19.0,0.0,0.0
17,Roccaraso Loc. Aremogna,24/08/2026 23:45:21,24/08/2026 23:30:00,3.6,24.9,0.0,online,0.0,0.0,0.0,22.0,0.0,0.0
18,Castel di Sangro,24/08/2026 23:46:22,24/08/2026 23:40:00,14.1,31.4,0.0,online,0.0,39.0,90.0,22.5,12.3,20.4
19,San Pietro di Avellana,24/08/2026 23:47:01,24/08/2026 21:42:00,11.1,31.8,0.0,online,0.0,0.0,0.0,1.8,0.0,0.0
2,Prati Di Tivo,24/08/2026 23:46:22,24/08/2026 23:40:00,14.4,23.6,0.0,online,0.0,44.0,85.0,27.4,7.5,17.7
20,Monteferrante,24/08/2026 23:46:22,24/08/2026 23:46:22,0.0,0.0,0.0,offline,0.0,0.0,0.0,0.0,0.0,0.0
21,Passolanciano,24/08/2026 23:46:50,24/08/2026 23:44:00,15.2,22.9,0.0,online,0.0,0.0,0.0,19.0,0.0,0.0
22,Mammarosa,24/08/2026 23:46:50,24/08/2026 23:44:00,16.0,21.7,0.0,online,0.0,0.0,0.0,43.0,0.0,0.0
23,Tagliacozzo Loc. Roccacerro,24/08/2026 23:47:01,24/08/2026 21:44:00,17.1,31.7,0.0,online,0.0,0.0,0.0,11.5,0.0,0.0
24,Montereale - Aringo,24/08/2026 23:46:22,24/08/2026 23:45:01,12.8,30.4,0.2,online,0.0,34.0,98.0,19.3,12.1,17.7
25,Oricola Loc. Pezzetaglie,24/08/2026 23:47:01,24/08/2026 21:39:00,12.1,35.3,0.0,online,0.0,0.0,0.0,22.0,0.0,0.0
26,Rocca di Mezzo Loc. Terranera,24/08/2026 23:45:21,24/08/2026 23:35:00,3.5,28.4,0.0,online,0.0,0.0,0.0,25.7,11.0,0.0
27,Lago di Campotosto,24/08/2026 23:46:22,24/08/2026 23:40:00,14.4,28.2,0.0,online,0.0,39.0,89.0,17.7,10.9,15.7
28,Fossacesia Marina,24/08/2026 23:59:55,24/08/2026 23:59:55,19.8,29.8,0.0,online,0.0,58.0,82.0,17.7,16.4,23.9
29,Cagnano Amiterno,24/08/2026 23:45:21,24/08/2026 21:29:00,12.5,32.6,0.0,online,0.0,0.0,0.0,8.0,15.2,0.0
3,Castel del Monte - Loc. Pietrattina,24/08/2026 23:45:21,24/08/2026 02:55:00,0.0,0.0,0.0,offline,0.0,0.0,0.0,0.0,0.0,0.0
30,Campo Felice Loc. Lentrata,24/08/2026 23:45:21,24/08/2026 17:10:00,0.0,0.0,0.0,offline,0.0,0.0,0.0,0.0,0.0,0.0
31,Castel di Sangro Loc. Pantano,24/08/2026 23:46:50,24/08/2026 23:45:01,11.8,31.5,0.0,online,0.0,0.0,0.0,26.0,0.0,0.0
32,Campo di Giove Loc. Guado di Coccia,24/08/2026 23:46:50,24/08/2026 23:45:01,15.6,21.6,0.0,online,0.0,0.0,0.0,29.0,0.0,0.0
33,Santo Stefano di Sessanio,24/08/2026 23:46:22,24/08/2026 23:40:00,10.0,29.2,0.0,online,0.0,33.0,95.0,18.0,8.5,18.1
34,Capracotta,24/08/2026 23:59:39,24/08/2026 23:59:39,19.0,37.6,0.0,online,0.0,32.0,80.0,18.3,13.4,20.4
35,Collebrincioni,24/08/2026 23:45:21,24/08/2026 23:42:00,17.2,28.2,0.0,online,0.0,0.0,0.0,25.7,15.4,0.0
36,Roccaraso,24/08/2026 23:59:54,24/08/2026 23:59:54,11.8,29.7,0.0,online,10.2,35.0,91.0,14.3,10.0,20.4
37,Sella di Corno,24/08/2026 23:45:21,24/08/2026 23:35:00,15.1,28.9,0.0,online,0.0,0.0,0.0,29.0,16.1,0.0
38,Fara San Martino,24/08/2026 23:46:22,24/08/2026 23:40:00,20.7,31.7,0.0,online,0.0,47.0,75.0,19.0,15.2,20.9
39,Camporotondo,24/08/2026 23:47:01,24/08/2026 21:44:00,10.6,28.6,0.0,online,0.0,0.0,0.0,20.8,0.0,0.0
4,Villa Celiera,24/08/2026 23:46:22,24/08/2026 23:40:00,19.5,29.8,0.0,online,0.0,53.0,84.0,16.0,14.9,21.1
40,Pizzoli,24/08/2026 23:46:22,24/08/2026 23:41:00,14.9,31.9,0.0,online,0.0,22.0,88.0,26.0,7.0,16.3
41,Corfinio,24/08/2026 23:47:01,24/08/2026 21:40:00,17.1,33.2,0.0,online,0.0,0.0,0.0,10.6,0.0,0.0
42,Campo Felice Loc. Camardosa,24/08/2026 23:45:21,24/08/2026 23:30:00,2.4,24.1,0.0,online,0.0,0.0,0.0,27.4,11.7,0.0
43,Capitignano,24/08/2026 23:45:21,24/08/2026 21:30:00,11.3,31.5,0.0,online,0.0,0.0,0.0,19.3,14.5,0.0
44,Piano delle 5 Miglia,24/08/2026 23:46:22,24/08/2026 23:40:00,6.7,27.3,0.3,online,0.0,37.0,98.0,33.8,5.9,19.3
45,Ovindoli,24/08/2026 23:59:56,24/08/2026 23:59:56,13.8,26.3,0.0,online,78.7,41.0,77.0,40.7,8.4,15.8
46,Pescopennattaro,24/08/2026 23:59:00,24/08/2026 23:59:00,0.0,0.0,0.0,offline,0.0,0.0,0.0,0.0,0.0,0.0
47,Castel del Monte,24/08/2026 23:46:22,24/08/2026 23:40:00,16.3,28.1,0.0,online,0.0,45.0,79.0,19.3,8.6,17.8
48,Forme,24/08/2026 23:46:22,24/08/2026 23:45:01,15.8,29.7,0.0,online,0.0,35.0,82.0,19.3,10.4,17.9
49,Monte Genzana,24/08/2026 23:46:22,24/08/2026 23:40:00,14.6,22.1,0.0,online,0.0,44.0,90.0,35.4,5.2,13.9
5,Pratola Peligna,24/08/2026 23:46:50,24/08/2026 23:45:01,15.0,35.3,0.0,online,0.0,0.0,0.0,21.0,0.0,0.0
50,Ofena,24/08/2026 23:46:22,24/08/2026 23:40:00,17.1,34.6,0.0,online,0.0,39.0,82.0,19.0,13.9,20.9
51,Piani di Pezza,24/08/2026 23:46:22,24/08/2026 23:40:00,4.2,25.4,0.0,online,0.0,42.0,98.0,22.5,3.4,15.0
52,Rifugio Montecristo,24/08/2026 23:46:22,24/08/2026 23:40:00,16.4,25.2,0.0,online,0.0,39.0,79.0,45.1,7.7,14.8
53,Rocca Calascio,24/08/2026 23:46:22,24/08/2026 23:40:00,16.6,24.7,0.0,online,0.0,42.0,80.0,30.6,7.1,17.2
54,Farindola,24/08/2026 23:46:22,24/08/2026 23:44:00,19.0,28.9,0.0,online,0.0,56.0,86.0,14.5,12.8,20.7
55,Monte Piselli,24/08/2026 23:46:22,24/08/2026 23:45:01,17.4,22.5,0.0,online,0.0,54.0,88.0,24.0,10.0,18.3
56,Valle Castellana,24/08/2026 23:46:22,24/08/2026 23:40:00,14.9,30.1,0.0,online,0.0,51.0,91.0,17.7,12.9,19.7
57,Civitaluparella,24/08/2026 23:46:22,24/08/2026 23:44:00,20.1,28.0,0.0,online,0.0,61.0,77.0,18.0,14.4,20.0
58,Alfedena Scontrone 12,24/08/2026 23:59:49,24/08/2026 23:59:49,15.3,31.0,0.0,online,86.5,31.0,91.0,21.6,10.3,19.2
6,Rocca di Mezzo Loc. Rovere,24/08/2026 23:46:22,24/08/2026 23:40:00,10.6,27.3,0.0,online,0.0,40.0,89.0,32.2,7.7,16.1
7,Rocca di Mezzo,24/08/2026 23:46:22,24/08/2026 23:40:00,7.9,27.1,0.0,online,0.0,38.0,93.0,22.5,6.4,15.1
8,Rocca di Mezzo Loc. Fonteavignone,24/08/2026 23:46:22,24/08/2026 23:40:00,14.1,28.6,0.0,online,0.0,39.0,83.0,24.1,9.8,16.1
81,Alfedena Centro,24/08/2026 23:59:27,24/08/2026 23:59:27,13.9,31.6,0.0,online,69.1,40.0,90.0,19.2,12.3,20.1
82,Alfedena Scontrone 4,24/08/2026 23:59:59,24/08/2026 23:59:59,15.6,31.7,0.0,online,77.5,42.0,90.0,23.8,12.8,20.3
9,Civitaretegna,24/08/2026 23:46:22,24/08/2026 23:40:00,11.5,31.3,0.0,online,0.0,36.0,86.0,0.0,8.9,20.5
1,Il Ceppo Rifugio,25/08/2026 23:45:50,25/08/2026 23:40:00,15.7,27.9,1.6,online,34.8,33.0,95.0,32.2,2.8,19.0
10,Prata d'Ansidonia,25/08/2026 23:45:17,25/08/2026 23:50:00,16.2,28.5,6.0,online,47.8,0.0,0.0,27.4,15.5,0.0
11,Passo San Leonardo,25/08/2026 23:46:31,25/08/2026 23:50:00,17.1,26.2,0.2,online,36.4,0.0,0.0,61.2,0.0,0.0
12,Roccacaramanico,25/08/2026 23:46:18,25/08/2026 23:50:00,19.1,28.1,0.8,online,31.2,0.0,0.0,40.0,0.0,0.0
13,Campo di Giove,25/08/2026 23:45:50,25/08/2026 23:40:00,17.4,27.9,0.5,online,83.1,39.0,84.0,48.0,10.0,17.6
14,Bosco di Sant'Antonio,25/08/2026 23:46:18,25/08/2026 23:45:00,14.1,25.3,0.8,online,77.6,0.0,0.0,42.0,0.0,0.0
15,Palena Stazione,25/08/2026 23:46:18,25/08/2026 23:45:00,12.5,25.3,0.0,online,45.4,0.0,0.0,34.0,0.0,0.0
16,Pescocostanzo Loc. Vallefura,25/08/2026 23:46:18,25/08/2026 23:44:00,16.5,24.2,0.2,online,45.6,0.0,0.0,55.0,0.0,0.0
17,Roccaraso Loc. Aremogna,25/08/2026 23:45:17,25/08/2026 23:30:00,9.0,22.9,0.0,online,38.0,0.0,0.0,71.6,0.0,0.0
18,Castel di Sangro,25/08/2026 23:45:50,25/08/2026 23:40:00,16.4,27.2,4.0,online,77.0,57.0,90.0,41.8,13.6,20.1
19,San Pietro di Avellana,25/08/2026 23:46:31,25/08/2026 23:50:00,13.2,26.7,0.0,online,0.0,0.0,0.0,3.8,0.0,0.0
2,Prati Di Tivo,25/08/2026 23:45:50,25/08/2026 23:50:00,16.6,23.8,14.6,online,45.8,38.0,86.0,66.0,6.2,15.4
20,Monteferrante,25/08/2026 23:45:50,25/08/2026 23:45:50,0.0,0.0,0.0,offline,0.0,0.0,0.0,0.0,0.0,0.0
21,Passolanciano,25/08/2026 23:46:18,25/08/2026 23:44:00,17.3,25.2,3.2,online,9.0,0.0,0.0,43.0,0.0,0.0
22,Mammarosa,25/08/2026 23:46:18,25/08/2026 23:44:00,15.1,21.7,1.4,online,3.0,0.0,0.0,88.0,0.0,0.0
23,Tagliacozzo Loc. Roccacerro,25/08/2026 23:46:31,25/08/2026 23:50:00,15.8,26.6,52.6,online,37.4,0.0,0.0,22.0,0.0,0.0
24,Montereale - Aringo,25/08/2026 23:45:50,25/08/2026 23:45:00,14.5,24.8,24.8,online,51.2,74.0,97.0,24.1,13.9,20.7
25,Oricola Loc. Pezzetaglie,25/08/2026 23:46:31,25/08/2026 23:50:00,16.4,30.6,25.7,online,35.6,0.0,0.0,28.1,0.0,0.0
26,Rocca di Mezzo Loc. Terranera,25/08/2026 23:45:17,25/08/2026 23:30:00,12.4,25.2,0.0,online,38.0,0.0,0.0,57.9,13.0,0.0
27,Lago di Campotosto,25/08/2026 23:45:50,25/08/2026 23:40:00,14.2,21.8,17.6,online,46.2,62.0,97.0,27.4,12.2,18.9
28,Fossacesia Marina,25/08/2026 23:59:55,25/08/2026 23:59:55,20.6,30.1,0.0,online,0.0,71.0,88.0,37.0,18.2,25.2
29,Cagnano Amiterno,25/08/2026 23:45:17,25/08/2026 23:50:00,13.9,26.8,0.0,online,0.0,0.0,0.0,11.3,9.6,0.0
3,Castel del Monte - Loc. Pietrattina,25/08/2026 23:45:17,25/08/2026 02:55:00,0.0,0.0,0.0,offline,0.0,0.0,0.0,0.0,0.0,0.0
30,Campo Felice Loc. Lentrata,25/08/2026 23:50:00,25/08/2026 14:10:00,12.6,20.0,18.5,online,53.9,0.0,0.0,0.0,0.0,0.0
31,Castel di Sangro Loc. Pantano,25/08/2026 23:46:18,25/08/2026 23:45:00,14.7,26.9,2.8,online,65.2,0.0,0.0,34.0,0.0,0.0
32,Campo di Giove Loc. Guado di Coccia,25/08/2026 23:46:18,25/08/2026 23:50:00,14.3,21.9,0.2,online,103.0,0.0,0.0,93.0,0.0,0.0
33,Santo Stefano di Sessanio,25/08/2026 18:45:35,25/08/2026 18:40:00,15.5,27.2,7.8,online,36.6,50.0,97.0,19.0,12.9,18.7
34,Capracotta,25/08/2026 23:59:40,25/08/2026 23:59:40,21.4,37.3,0.0,online,0.0,35.0,70.0,1.8,11.5,19.6
35,Collebrincioni,25/08/2026 23:45:17,25/08/2026 23:50:00,17.7,24.7,0.0,online,43.9,0.0,0.0,46.7,15.3,0.0
36,Roccaraso,25/08/2026 23:59:54,25/08/2026 23:59:54,13.7,26.6,0.0,online,10.2,50.0,90.0,28.6,7.4,18.4
37,Sella di Corno,25/08/2026 23:45:17,25/08/2026 23:35:00,16.7,24.0,0.0,online,153.4,0.0,0.0,51.5,16.0,0.0
38,Fara San Martino,25/08/2026 23:45:50,25/08/2026 23:40:00,22.4,32.1,0.4,online,6.0,41.0,83.0,34.0,12.5,21.8
39,Camporotondo,25/08/2026 23:46:31,25/08/2026 23:50:00,13.4,20.1,55.4,online,153.6,0.0,0.0,34.1,0.0,0.0
4,Villa Celiera,25/08/2026 23:45:50,25/08/2026 23:40:00,21.4,31.8,0.0,online,8.4,41.0,80.0,35.0,11.6,19.3
40,Pizzoli,25/08/2026 23:45:50,25/08/2026 23:50:00,17.2,26.8,10.5,online,33.6,56.0,93.0,27.0,14.2,19.3
41,Corfinio,25/08/2026 23:46:31,25/08/2026 23:50:00,20.1,33.4,0.0,online,0.1,0.0,0.0,9.9,0.0,0.0
42,Campo Felice Loc. Camardosa,25/08/2026 23:45:17,25/08/2026 23:30:00,10.5,21.2,0.0,online,63.4,0.0,0.0,62.8,11.7,0.0
43,Capitignano,25/08/2026 23:45:17,25/08/2026 23:50:00,14.3,25.7,0.0,online,67.1,0.0,0.0,16.1,-41.3,0.0
44,Piano delle 5 Miglia,25/08/2026 23:45:50,25/08/2026 23:40:00,10.6,27.2,0.5,online,38.9,44.0,97.0,43.5,9.6,18.0
45,Ovindoli,25/08/2026 23:59:51,25/08/2026 23:59:51,13.8,21.2,11.2,online,89.9,62.0,96.0,49.7,12.1,17.0
46,Pescopennattaro,25/08/2026 23:59:00,25/08/2026 23:59:00,0.0,0.0,0.0,offline,0.0,0.0,0.0,0.0,0.0,0.0
47,Castel del Monte,25/08/2026 23:45:50,25/08/2026 23:40:00,16.1,25.3,3.4,online,29.0,54.0,89.0,20.9,12.0,17.5
48,Forme,25/08/2026 23:45:50,25/08/2026 23:40:00,16.8,25.8,29.0,online,167.0,55.0,95.0,33.8,13.3,18.5
49,Monte Genzana,25/08/2026 23:45:50,25/08/2026 23:40:00,12.6,18.7,2.5,online,35.6,46.0,98.0,96.5,6.3,14.1
5,Pratola Peligna,25/08/2026 23:46:18,25/08/2026 23:45:00,18.8,33.4,1.2,online,11.4,0.0,0.0,24.0,0.0,0.0
50,Ofena,25/08/2026 23:45:50,25/08/2026 23:40:00,19.8,33.5,2.4,online,7.0,42.0,88.0,24.0,16.2,22.0
51,Piani di Pezza,25/08/2026 23:45:50,25/08/2026 23:40:00,10.9,22.3,21.0,online,104.0,60.0,96.0,49.9,9.4,17.1
52,Rifugio Montecristo,25/08/2026 23:45:50,25/08/2026 23:40:00,15.4,21.0,0.0,online,25.1,52.0,91.0,46.7,10.5,16.1
53,Rocca Calascio,25/08/2026 23:45:50,25/08/2026 23:40:00,15.1,24.6,6.6,online,13.6,53.0,90.0,33.8,10.8,16.5
54,Farindola,25/08/2026 23:45:50,25/08/2026 23:44:00,20.6,29.2,0.2,online,28.8,49.0,86.0,33.8,11.2,20.6
55,Monte Piselli,25/08/2026 23:45:50,25/08/2026 23:45:00,15.9,22.2,0.6,online,44.6,53.0,98.0,84.0,9.4,16.7
56,Valle Castellana,25/08/2026 23:45:50,25/08/2026 23:40:00,17.9,29.4,1.0,online,34.4,47.0,89.0,25.7,12.8,21.2
57,Civitaluparella,25/08/2026 23:45:50,25/08/2026 23:44:00,22.9,25.6,0.0,online,10.6,54.0,78.0,26.0,14.4,19.4
58,Alfedena Scontrone 12,25/08/2026 23:59:49,25/08/2026 23:59:49,15.9,27.2,12.2,online,98.7,50.0,95.0,33.5,12.6,20.3
59,Campo di Giove - Impianti,25/08/2026 23:46:18,25/08/2026 23:46:18,18.2,28.2,0.2,online,73,0.0,0.0,29.0,0.0,0.0
6,Rocca di Mezzo Loc. Rovere,25/08/2026 23:45:50,25/08/2026 23:40:00,14.7,22.3,14.2,online,85.0,60.0,98.0,49.9,12.9,18.5
60,Caramanico - Decontra,25/08/2026 23:46:18,25/08/2026 23:46:18,19.6,28.7,3.8,online,9.6,0.0,0.0,56.0,0.0,0.0
61,Collepietro,25/08/2026 23:46:18,25/08/2026 23:44:00,17.2,28.6,20.2,online,27.0,0.0,0.0,34.0,0.0,0.0
62,Pescocostanzo - Primo Campo,25/08/2026 23:46:18,25/08/2026 23:45:00,12.8,26.2,1.2,online,57.8,0.0,0.0,55.0,0.0,0.0
63,Pescocostanzo - Santa Chiara,25/08/2026 23:46:18,25/08/2026 23:44:00,11.2,27.2,0.4,online,57.8,0.0,0.0,47.0,0.0,0.0
64,Marsia,25/08/2026 23:45:02,25/08/2026 23:40:00,10.7,22.4,51.1,online,96.8,53.0,98.0,59.5,9.0,18.0
65,Tagliacozzo Loc. Poggetello,25/08/2026 23:45:02,25/08/2026 23:40:00,15.4,28.6,49.6,online,91.8,63.0,99.0,35.6,15.2,21.6
66,Roio del Sangro,25/08/2026 23:45:02,25/08/2026 23:40:00,22.7,27.4,0.0,online,21.4,34.0,74.0,91.8,8.8,19.2
67,Campo Imperatore Loc. Prato del Bove,25/08/2026 23:45:02,25/08/2026 23:45:00,6.7,22.2,3.6,online,49.5,60.0,97.0,46.0,6.1,15.2
7,Rocca di Mezzo,25/08/2026 23:45:50,25/08/2026 23:40:00,13.3,24.2,22.9,online,83.8,58.0,93.0,45.1,11.2,17.3
8,Rocca di Mezzo Loc. Fonteavignone,25/08/2026 23:45:50,25/08/2026 23:40:00,15.7,24.7,19.4,online,77.0,50.0,98.0,37.0,11.4,19.3
81,Alfedena Centro,25/08/2026 23:59:26,25/08/2026 23:59:26,15.7,27.9,10.1,online,79.2,56.0,92.0,38.1,13.6,20.3
82,Alfedena Scontrone 4,25/08/2026 23:59:59,25/08/2026 23:59:59,16.1,27.6,5.8,online,83.3,56.0,93.0,50.1,13.8,20.8
9,Civitaretegna,25/08/2026 23:45:50,25/08/2026 23:40:00,15.8,30.1,6.1,online,32.8,47.0,88.0,45.1,12.9,19.4
1,Il Ceppo Rifugio,26/08/2026 23:45:31,26/08/2026 23:40:00,14.3,26.2,0.0,online,34.8,45.0,96.0,20.9,9.4,17.9
10,Prata d'Ansidonia,26/08/2026 23:45:02,26/08/2026 23:45:02,13.8,31.4,0.5,online,48.3,0.0,0.0,26.0,0.0,0.0
11,Passo San Leonardo,26/08/2026 23:46:16,26/08/2026 21:44:00,17.2,27.8,0.0,online,36.6,0.0,0.0,25.7,0.0,0.0
12,Roccacaramanico,26/08/2026 23:46:05,26/08/2026 23:44:00,19.0,28.1,0.0,online,31.2,0.0,0.0,31.0,0.0,0.0
13,Campo di Giove,26/08/2026 23:45:31,26/08/2026 23:40:00,14.0,30.1,0.0,online,83.1,25.0,86.0,23.0,6.6,17.0
14,Bosco di Sant'Antonio,26/08/2026 23:46:05,26/08/2026 23:44:00,12.5,28.7,0.0,online,77.6,0.0,0.0,21.0,0.0,0.0
15,Palena Stazione,26/08/2026 23:46:05,26/08/2026 23:50:00,6.1,29.3,0.0,online,45.4,0.0,0.0,19.0,0.0,0.0
16,Pescocostanzo Loc. Vallefura,26/08/2026 23:46:05,26/08/2026 23:44:00,14.8,27.2,0.0,online,45.6,0.0,0.0,19.0,0.0,0.0
17,Roccaraso Loc. Aremogna,26/08/2026 23:45:02,26/08/2026 23:40:00,2.3,26.1,0.0,online,75.1,36.0,99.0,20.2,2.2,16.9
18,Castel di Sangro,26/08/2026 23:45:31,26/08/2026 23:40:00,12.9,31.9,0.0,online,77.0,37.0,91.0,24.1,11.1,19.6
19,San Pietro di Avellana,26/08/2026 23:46:16,26/08/2026 21:42:00,9.1,31.4,0.0,online,0.0,0.0,0.0,2.7,0.0,0.0
2,Prati Di Tivo,26/08/2026 23:45:31,26/08/2026 23:41:00,14.7,24.4,0.0,online,45.8,20.0,83.0,37.0,-0.5,17.5
20,Monteferrante,26/08/2026 23:45:31,26/08/2026 23:45:31,0.0,0.0,0.0,offline,0.0,0.0,0.0,0.0,0.0,0.0
21,Passolanciano,26/08/2026 23:46:05,26/08/2026 23:44:00,16.3,23.9,0.0,online,9.0,0.0,0.0,29.0,0.0,0.0
22,Mammarosa,26/08/2026 23:46:05,26/08/2026 23:44:00,15.1,23.4,0.0,online,3.0,0.0,0.0,60.0,0.0,0.0
23,Tagliacozzo Loc. Roccacerro,26/08/2026 23:45:02,26/08/2026 23:44:00,14.9,29.3,0.0,online,90.3,40.0,93.0,16.6,12.7,17.8
24,Montereale - Aringo,26/08/2026 23:45:31,26/08/2026 23:45:00,12.3,29.7,0.2,online,51.4,39.0,99.0,14.5,11.8,18.7
25,Oricola Loc. Pezzetaglie,26/08/2026 23:46:16,26/08/2026 21:39:00,12.8,33.5,0.2,online,61.3,0.0,0.0,16.6,0.0,0.0
26,Rocca di Mezzo Loc. Terranera,26/08/2026 23:45:02,26/08/2026 23:40:00,7.1,26.7,0.0,online,47.0,41.0,96.0,20.9,6.0,15.9
27,Lago di Campotosto,26/08/2026 23:45:31,26/08/2026 23:40:00,13.6,26.3,0.2,online,46.4,41.0,95.0,16.1,10.2,16.3
28,Fossacesia Marina,26/08/2026 23:59:55,26/08/2026 23:59:55,18.8,30.1,0.0,online,0.0,55.0,88.0,16.1,14.3,24.6
29,Cagnano Amiterno,26/08/2026 23:45:02,26/08/2026 23:29:00,11.6,29.7,0.0,online,0.0,29.0,85.0,9.7,6.4,19.0
3,Castel del Monte - Loc. Pietrattina,26/08/2026 23:45:24,17/08/2026 02:55:00,0.0,0.0,0.0,offline,0.0,0.0,0.0,0.0,0.0,0.0
30,Campo Felice Loc. Lentrata,26/08/2026 23:45:02,26/08/2026 23:45:02,0.0,0.0,0.0,offline,0.0,0.0,0.0,0.0,0.0,0.0
31,Castel di Sangro Loc. Pantano,26/08/2026 23:46:05,26/08/2026 23:45:00,10.3,31.2,0.2,online,65.4,0.0,0.0,19.0,0.0,0.0
32,Campo di Giove Loc. Guado di Coccia,26/08/2026 23:46:05,26/08/2026 23:45:00,14.4,24.2,0.0,online,103.0,0.0,0.0,37.0,0.0,0.0
33,Santo Stefano di Sessanio,26/08/2026 23:45:31,26/08/2026 23:40:00,10.9,27.6,0.0,online,36.6,31.0,92.0,16.0,8.4,16.9
34,Capracotta,26/08/2026 23:59:42,26/08/2026 23:59:42,21.2,37.5,0.0,online,0.0,31.0,74.0,9.0,11.5,18.0
35,Collebrincioni,26/08/2026 23:45:02,26/08/2026 23:37:00,16.6,27.4,0.0,online,44.0,35.0,82.0,27.4,9.3,16.3
36,Roccaraso,26/08/2026 23:59:54,26/08/2026 23:59:54,12.1,32.8,0.0,online,10.2,23.0,90.0,13.7,5.1,18.3
37,Sella di Corno,26/08/2026 23:45:02,26/08/2026 23:35:00,14.7,27.4,0.0,online,153.4,47.7,95.0,19.3,13.5,18.5
38,Fara San Martino,26/08/2026 23:45:31,26/08/2026 23:41:00,21.8,32.4,0.0,online,6.0,38.0,69.0,19.0,11.0,20.4
39,Camporotondo,26/08/2026 23:45:02,26/08/2026 23:44:00,8.4,25.5,0.2,online,189.8,41.0,99.0,14.8,8.2,16.3
4,Villa Celiera,26/08/2026 23:45:31,26/08/2026 23:40:00,20.9,30.4,0.0,online,8.4,45.0,77.0,23.0,10.9,19.6
40,Pizzoli,26/08/2026 23:45:31,26/08/2026 23:41:00,14.5,31.0,0.0,online,33.6,30.0,95.0,16.0,9.3,16.7
41,Corfinio,26/08/2026 23:46:16,26/08/2026 21:40:00,17.0,35.6,0.0,online,0.1,0.0,0.0,7.0,0.0,0.0
42,Campo Felice Loc. Camardosa,26/08/2026 23:45:02,26/08/2026 23:40:00,4.9,23.8,0.0,online,134.6,31.0,93.0,25.7,3.3,14.8
43,Capitignano,26/08/2026 23:45:02,26/08/2026 23:40:00,11.2,30.3,0.3,online,67.5,1.0,79.0,11.3,-43.5,18.6
44,Piano delle 5 Miglia,26/08/2026 23:45:31,26/08/2026 23:40:00,7.5,30.9,0.0,online,38.9,21.0,95.0,20.9,4.7,17.9
45,Ovindoli,26/08/2026 23:59:45,26/08/2026 23:59:45,11.9,25.0,0.0,online,89.9,44.0,88.0,33.1,9.3,15.3
46,Pescopennattaro,26/08/2026 23:59:00,26/08/2026 23:59:00,0.0,0.0,0.0,offline,0.0,0.0,0.0,0.0,0.0,0.0
47,Castel del Monte,26/08/2026 23:45:31,26/08/2026 23:40:00,16.3,28.3,0.0,online,29.0,30.0,80.0,16.1,8.7,16.9
48,Forme,26/08/2026 23:45:31,26/08/2026 23:45:00,14.5,28.3,0.0,online,167.0,36.0,94.0,16.1,10.8,19.2
49,Monte Genzana,26/08/2026 23:45:31,26/08/2026 23:40:00,12.9,22.8,0.0,online,35.6,21.0,86.0,45.1,-3.0,12.7
5,Pratola Peligna,26/08/2026 23:46:05,26/08/2026 23:45:00,14.8,36.0,0.0,online,11.4,0.0,0.0,18.0,0.0,0.0
50,Ofena,26/08/2026 23:45:31,26/08/2026 23:45:31,0.0,0.0,0.0,offline,0.0,0.0,0.0,0.0,0.0,0.0
51,Piani di Pezza,26/08/2026 23:45:31,26/08/2026 23:40:00,6.4,24.6,0.0,online,104.0,43.0,96.0,20.9,5.5,16.5
52,Rifugio Montecristo,26/08/2026 23:45:31,26/08/2026 22:40:00,15.8,24.1,0.0,online,25.1,44.0,85.0,29.0,9.9,13.7
53,Rocca Calascio,26/08/2026 23:45:31,26/08/2026 23:40:00,16.4,25.7,0.0,online,13.6,29.0,86.0,25.7,6.2,16.2
54,Farindola,26/08/2026 23:45:31,26/08/2026 23:44:00,20.2,30.1,0.0,online,28.8,46.0,79.0,19.3,11.2,19.8
55,Monte Piselli,26/08/2026 23:45:31,26/08/2026 23:45:00,16.9,22.6,0.0,online,44.6,45.0,89.0,50.0,8.9,18.3
56,Valle Castellana,26/08/2026 23:45:31,26/08/2026 23:40:00,15.9,30.7,0.0,online,34.4,39.0,85.0,19.3,11.8,19.7
57,Civitaluparella,26/08/2026 23:45:31,26/08/2026 23:45:00,21.8,32.0,0.0,online,10.6,32.0,73.0,26.0,12.8,18.9
58,Alfedena Scontrone 12,26/08/2026 23:59:36,26/08/2026 23:59:36,14.5,31.1,0.0,online,98.7,29.0,93.0,16.1,9.3,18.1
59,Campo di Giove - Impianti,26/08/2026 23:46:05,26/08/2026 23:45:00,16.4,30.3,0.0,online,73.0,0.0,0.0,18.0,0.0,0.0
6,Rocca di Mezzo Loc. Rovere,26/08/2026 23:45:31,26/08/2026 23:40:00,9.8,25.8,0.2,online,85.2,48.0,97.0,20.9,8.5,16.3
60,Caramanico - Decontra,26/08/2026 23:46:05,26/08/2026 23:44:00,19.9,28.7,0.0,online,9.6,0.0,0.0,24.0,0.0,0.0
61,Collepietro,26/08/2026 23:46:05,26/08/2026 23:44:00,17.4,30.9,0.0,online,27.0,0.0,0.0,14.0,0.0,0.0
62,Pescocostanzo - Primo Campo,26/08/2026 23:46:05,26/08/2026 23:45:00,8.6,28.4,0.0,online,57.8,0.0,0.0,19.0,0.0,0.0
63,Pescocostanzo - Santa Chiara,26/08/2026 23:46:05,26/08/2026 23:44:00,5.0,28.3,0.0,online,57.8,0.0,0.0,24.0,0.0,0.0
64,Marsia,26/08/2026 23:45:02,26/08/2026 23:40:00,4.9,24.9,0.0,online,96.8,46.0,100.0,16.1,4.2,17.5
65,Tagliacozzo Loc. Poggetello,26/08/2026 23:45:02,26/08/2026 23:40:00,11.8,31.2,0.0,online,91.8,43.0,99.0,11.2,11.6,20.9
66,Roio del Sangro,26/08/2026 23:45:02,26/08/2026 23:40:00,20.5,27.8,0.0,online,21.4,37.0,72.0,43.9,9.5,17.4
67,Campo Imperatore Loc. Prato del Bove,26/08/2026 23:45:02,26/08/2026 23:45:00,5.5,23.9,0.0,online,49.5,35.0,92.0,25.6,4.3,13.4
68,Pietrasecca - Grotta del cervo,26/08/2026 23:45:02,26/08/2026 23:40:00,14.0,29.6,0.2,online,25.8,46.0,94.0,17.7,12.9,19.7
69,Altopiano di Cascina,26/08/2026 23:45:02,26/08/2026 23:40:00,8.7,27.8,0.0,online,89.2,36.0,98.0,27.4,7.8,18.3
7,Rocca di Mezzo,26/08/2026 23:45:31,26/08/2026 23:40:00,8.7,26.8,0.0,online,83.8,41.0,95.0,19.3,7.5,15.9
70,Passo Godi,26/08/2026 23:45:02,26/08/2026 23:40:00,11.8,26.7,0.0,online,80.3,24.0,92.0,20.2,3.8,14.7
71,Cappadocia,26/08/2026 23:45:02,26/08/2026 23:45:00,16.4,28.5,0.0,online,117.6,38.0,82.0,11.2,11.8,17.7
72,Bominaco,26/08/2026 23:45:31,26/08/2026 23:45:00,14.4,30.3,0.0,online,19.0,35.0,93.0,16.1,12.4,18.9
73,Isola del Gran Sasso,26/08/2026 23:46:05,26/08/2026 23:44:00,21.8,28.6,0.0,online,25.0,0.0,0.0,21.0,0.0,0.0
74,Castelli,26/08/2026 23:46:05,26/08/2026 23:50:00,15.8,31.0,0.0,online,16.8,0.0,0.0,13.0,0.0,0.0
75,Carrufo,26/08/2026 23:46:05,26/08/2026 23:45:00,16.8,33.7,0.0,online,48.2,0.0,0.0,16.0,0.0,0.0
76,Fara Filiorum Petri,26/08/2026 23:45:31,26/08/2026 23:31:00,17.6,31.4,0.0,online,N/D,37.0,81.0,21.0,9.4,18.6
77,Rifugio Macchia di Taranta,26/08/2026 23:45:31,26/08/2026 23:40:00,15.2,24.4,0.0,online,25.4,14.0,84.0,61.2,-6.6,16.1
78,Luco dei Marsi,26/08/2026 23:45:31,26/08/2026 23:45:00,13.4,31.4,0.0,online,58.2,41.0,90.0,9.7,11.5,21.2
79,Civitella Roveto,26/08/2026 23:45:31,26/08/2026 23:45:00,15.9,32.7,0.2,online,147.6,45.0,98.0,17.7,15.3,24.1
8,Rocca di Mezzo Loc. Fonteavignone,26/08/2026 23:45:31,26/08/2026 23:40:00,13.5,27.4,0.0,online,77.0,43.0,91.0,16.1,11.1,17.5
81,Alfedena Centro,26/08/2026 23:59:27,26/08/2026 23:59:27,13.8,32.5,0.0,online,79.2,37.0,92.0,13.0,11.7,19.1
82,Alfedena Scontrone 4,26/08/2026 23:59:59,26/08/2026 23:59:59,14.8,31.8,0.0,online,83.3,38.0,90.0,19.2,12.8,19.4
9,Civitaretegna,26/08/2026 23:45:31,26/08/2026 23:40:00,11.9,31.6,0.3,online,33.0,37.0,91.0,32.2,10.2,20.1
1,Il Ceppo Rifugio,27/08/2026 23:45:31,27/08/2026 23:40:00,18.3,31.4,0.0,online,34.8,34.0,75.0,17.7,8.8,18.0
10,Prata d'Ansidonia,27/08/2026 23:45:02,27/08/2026 23:45:02,14.5,35.6,0.0,online,48.3,0.0,0.0,39.0,0.0,0.0
11,Passo San Leonardo,27/08/2026 23:46:13,27/08/2026 21:44:00,19.6,32.3,0.0,online,36.6,0.0,0.0,30.6,0.0,0.0
12,Roccacaramanico,27/08/2026 23:46:03,27/08/2026 23:44:00,21.7,33.9,0.0,online,31.2,0.0,0.0,34.0,0.0,0.0
13,Campo di Giove,27/08/2026 23:45:31,27/08/2026 23:40:00,15.7,34.0,0.0,online,83.1,25.0,77.0,32.0,8.9,14.4
14,Bosco di Sant'Antonio,27/08/2026 23:46:03,27/08/2026 23:44:00,14.7,32.3,0.0,online,77.6,0.0,0.0,26.0,0.0,0.0
15,Palena Stazione,27/08/2026 23:46:03,27/08/2026 23:45:00,8.6,33.3,2.4,online,47.8,0.0,0.0,23.0,0.0,0.0
16,Pescocostanzo Loc. Vallefura,27/08/2026 23:46:03,27/08/2026 23:44:00,18.4,30.7,0.0,online,45.6,0.0,0.0,27.0,0.0,0.0
17,Roccaraso Loc. Aremogna,27/08/2026 23:45:02,27/08/2026 23:40:00,4.4,30.9,0.0,online,75.1,25.0,99.0,31.3,4.3,14.6
18,Castel di Sangro,27/08/2026 23:45:31,27/08/2026 23:40:00,15.0,36.4,0.0,online,77.0,25.0,88.0,30.6,12.4,21.8
19,San Pietro di Avellana,27/08/2026 23:46:13,27/08/2026 21:41:00,13.1,35.8,0.0,online,0.0,0.0,0.0,3.4,0.0,0.0
2,Prati Di Tivo,27/08/2026 23:45:31,27/08/2026 23:40:00,18.7,30.8,0.0,online,45.8,22.0,60.0,46.7,0.8,14.3
20,Monteferrante,27/08/2026 23:45:31,27/08/2026 23:45:31,0.0,0.0,0.0,offline,0.0,0.0,0.0,0.0,0.0,0.0
21,Passolanciano,27/08/2026 23:46:03,27/08/2026 23:44:00,17.9,30.9,0.0,online,9.0,0.0,0.0,27.0,0.0,0.0
22,Mammarosa,27/08/2026 23:46:03,27/08/2026 23:44:00,20.3,27.9,0.0,online,3.0,0.0,0.0,50.0,0.0,0.0
23,Tagliacozzo Loc. Roccacerro,27/08/2026 23:45:02,27/08/2026 23:44:00,18.4,33.8,0.0,online,90.3,36.0,77.0,16.6,11.5,20.5
24,Montereale - Aringo,27/08/2026 23:45:31,27/08/2026 23:45:00,14.0,33.4,0.0,online,51.4,34.0,95.0,19.3,12.9,22.3
25,Oricola Loc. Pezzetaglie,27/08/2026 23:46:13,27/08/2026 21:39:00,15.0,36.7,0.0,online,61.5,0.0,0.0,14.4,0.0,0.0
26,Rocca di Mezzo Loc. Terranera,27/08/2026 23:45:02,27/08/2026 23:40:00,7.9,32.3,0.0,online,47.0,27.0,95.0,49.9,6.4,15.6
27,Lago di Campotosto,27/08/2026 23:45:31,27/08/2026 23:40:00,17.4,30.6,0.0,online,46.4,39.0,77.0,17.7,8.7,17.7
28,Fossacesia Marina,27/08/2026 23:59:55,27/08/2026 23:59:55,19.6,30.6,0.0,online,0.0,63.0,88.0,22.5,17.4,25.8
29,Cagnano Amiterno,27/08/2026 23:45:02,27/08/2026 23:29:00,13.2,33.2,0.0,online,0.0,28.0,84.0,9.7,8.7,19.6
3,Castel del Monte - Loc. Pietrattina,27/08/2026 23:45:24,17/08/2026 02:55:00,0.0,0.0,0.0,offline,0.0,0.0,0.0,0.0,0.0,0.0
30,Campo Felice Loc. Lentrata,27/08/2026 23:45:02,27/08/2026 23:45:02,0.0,0.0,0.0,offline,0.0,0.0,0.0,0.0,0.0,0.0
31,Castel di Sangro Loc. Pantano,27/08/2026 23:46:03,27/08/2026 23:45:00,12.8,36.3,0.0,online,65.4,0.0,0.0,26.0,0.0,0.0
32,Campo di Giove Loc. Guado di Coccia,27/08/2026 23:46:03,27/08/2026 23:45:00,17.2,28.0,0.0,online,103.0,0.0,0.0,63.0,0.0,0.0
33,Santo Stefano di Sessanio,27/08/2026 23:45:31,27/08/2026 23:40:00,14.8,33.3,0.0,online,36.6,29.0,75.0,24.0,8.7,15.6
34,Capracotta,27/08/2026 23:59:43,27/08/2026 23:59:43,22.7,36.0,0.0,online,0.0,32.0,61.0,1.8,7.7,17.2
35,Collebrincioni,27/08/2026 23:45:02,27/08/2026 23:37:00,19.3,32.8,0.0,online,44.0,28.0,66.0,29.0,10.3,16.3
36,Roccaraso,27/08/2026 23:59:54,27/08/2026 23:59:54,13.1,33.7,0.0,online,10.2,22.0,85.0,29.5,8.5,17.3
37,Sella di Corno,27/08/2026 23:45:02,27/08/2026 23:35:00,16.8,31.5,0.0,online,153.4,42.1,87.6,27.4,13.2,21.0
38,Fara San Martino,27/08/2026 23:45:31,27/08/2026 23:40:00,22.9,36.4,0.0,online,6.0,36.0,65.0,16.0,15.8,21.2
39,Camporotondo,27/08/2026 23:45:02,27/08/2026 23:44:00,10.7,30.0,0.0,online,189.8,34.0,94.0,14.8,8.7,18.1
4,Villa Celiera,27/08/2026 23:45:31,27/08/2026 23:40:00,22.2,35.8,0.0,online,8.4,35.0,72.0,19.0,12.6,20.6
40,Pizzoli,27/08/2026 23:45:31,27/08/2026 23:41:00,16.1,35.1,0.0,online,33.6,21.0,84.0,24.0,9.1,18.2
41,Corfinio,27/08/2026 23:46:13,27/08/2026 21:40:00,18.2,40.3,0.0,online,0.1,0.0,0.0,7.9,0.0,0.0
42,Campo Felice Loc. Camardosa,27/08/2026 23:45:02,27/08/2026 23:40:00,5.3,27.7,0.0,online,134.6,32.0,94.0,46.7,3.7,16.1
43,Capitignano,27/08/2026 23:45:02,27/08/2026 23:30:00,13.1,33.6,0.0,online,67.5,1.0,78.0,14.5,-42.2,21.6
44,Piano delle 5 Miglia,27/08/2026 23:45:31,27/08/2026 23:40:00,8.7,34.3,0.0,online,38.9,24.0,95.0,27.4,7.6,15.4
45,Ovindoli,27/08/2026 23:59:34,27/08/2026 23:59:34,15.6,29.6,0.0,online,89.9,36.0,77.0,38.5,6.9,17.3
46,Pescopennattaro,27/08/2026 23:59:00,27/08/2026 23:59:00,0.0,0.0,0.0,offline,0.0,0.0,0.0,0.0,0.0,0.0
47,Castel del Monte,27/08/2026 23:45:31,27/08/2026 23:45:00,20.4,33.9,0.0,online,29.0,29.0,58.0,25.7,5.3,15.8
48,Forme,27/08/2026 23:45:31,27/08/2026 23:45:00,17.1,31.8,0.0,online,167.0,38.0,84.0,24.1,12.7,20.7
49,Monte Genzana,27/08/2026 23:45:31,27/08/2026 23:40:00,18.0,25.9,0.0,online,35.6,26.0,62.0,51.5,-0.6,13.4
5,Pratola Peligna,27/08/2026 23:46:03,27/08/2026 23:45:00,16.5,40.8,0.0,online,11.4,0.0,0.0,18.0,0.0,0.0
50,Ofena,27/08/2026 23:45:31,27/08/2026 23:45:00,18.9,39.6,0.0,online,7.0,25.0,77.0,23.0,13.3,18.3
51,Piani di Pezza,27/08/2026 23:45:31,27/08/2026 23:40:00,7.5,29.2,0.0,online,104.0,34.0,96.0,29.0,6.8,16.4
52,Rifugio Montecristo,27/08/2026 23:45:31,27/08/2026 23:40:00,22.2,29.1,0.0,online,25.1,31.0,55.0,53.1,7.1,13.6
53,Rocca Calascio,27/08/2026 23:45:31,27/08/2026 23:40:00,19.3,31.9,0.0,online,13.6,25.0,57.0,27.4,1.5,13.9
54,Farindola,27/08/2026 23:45:31,27/08/2026 23:45:00,22.1,33.3,0.0,online,28.8,42.0,70.0,14.5,12.5,20.5
55,Monte Piselli,27/08/2026 23:45:31,27/08/2026 23:45:00,19.9,29.1,0.0,online,44.6,27.0,61.0,47.0,2.2,16.7
56,Valle Castellana,27/08/2026 23:45:31,27/08/2026 23:40:00,17.2,34.3,0.0,online,34.4,37.0,84.0,20.9,12.4,20.2
57,Civitaluparella,27/08/2026 23:45:31,27/08/2026 23:45:00,21.1,36.6,0.0,online,10.6,30.0,75.0,24.0,10.0,17.8
58,Alfedena Scontrone 12,27/08/2026 23:59:51,27/08/2026 23:59:51,15.3,34.9,0.0,online,98.7,21.0,84.0,19.8,6.9,19.7
59,Campo di Giove - Impianti,27/08/2026 23:46:03,27/08/2026 23:45:00,19.7,34.0,0.0,online,73.0,0.0,0.0,21.0,0.0,0.0
6,Rocca di Mezzo Loc. Rovere,27/08/2026 23:45:31,27/08/2026 23:40:00,12.8,31.1,0.0,online,85.2,31.0,88.0,30.6,8.0,18.5
60,Caramanico - Decontra,27/08/2026 23:46:03,27/08/2026 23:44:00,22.0,35.9,0.0,online,9.6,0.0,0.0,21.0,0.0,0.0
61,Collepietro,27/08/2026 23:46:03,27/08/2026 23:45:00,16.6,35.7,0.0,online,27.0,0.0,0.0,24.0,0.0,0.0
62,Pescocostanzo - Primo Campo,27/08/2026 23:46:03,27/08/2026 23:45:00,10.5,32.1,0.0,online,57.8,0.0,0.0,37.0,0.0,0.0
63,Pescocostanzo - Santa Chiara,27/08/2026 23:46:03,27/08/2026 23:50:00,7.3,33.0,0.0,online,57.8,0.0,0.0,32.0,0.0,0.0
64,Marsia,27/08/2026 23:45:02,27/08/2026 23:40:00,8.1,29.5,0.0,online,96.8,34.0,99.0,25.7,7.2,19.4
65,Tagliacozzo Loc. Poggetello,27/08/2026 23:45:02,27/08/2026 23:40:00,13.6,35.1,0.0,online,91.8,37.0,99.0,11.2,13.4,24.4
66,Roio del Sangro,27/08/2026 23:45:02,27/08/2026 23:40:00,21.1,34.5,0.0,online,21.4,24.0,65.0,42.1,9.9,19.0
67,Campo Imperatore Loc. Prato del Bove,27/08/2026 23:45:02,27/08/2026 23:45:00,10.9,29.2,0.0,online,49.5,28.0,76.0,49.7,3.0,12.6
68,Pietrasecca - Grotta del cervo,27/08/2026 23:45:02,27/08/2026 23:40:00,15.8,33.3,0.0,online,25.8,37.0,92.0,24.1,14.5,23.0
69,Altopiano di Cascina,27/08/2026 23:45:02,27/08/2026 23:40:00,10.8,32.1,0.0,online,89.2,34.0,99.0,45.1,9.9,20.0
7,Rocca di Mezzo,27/08/2026 23:45:31,27/08/2026 23:40:00,10.3,31.3,0.0,online,83.8,31.0,85.0,37.0,7.6,16.4
70,Passo Godi,27/08/2026 23:45:02,27/08/2026 23:40:00,15.4,30.5,0.0,online,80.3,26.0,75.0,36.7,2.3,14.0
71,Cappadocia,27/08/2026 23:45:02,27/08/2026 23:45:00,19.6,33.4,0.0,online,117.6,27.0,77.0,11.2,6.4,20.7
72,Bominaco,27/08/2026 23:45:31,27/08/2026 23:45:00,16.3,34.8,0.0,online,19.0,28.0,83.0,24.1,12.6,17.2
73,Isola del Gran Sasso,27/08/2026 23:46:03,27/08/2026 23:44:00,23.1,33.0,0.0,online,25.0,0.0,0.0,14.0,0.0,0.0
74,Castelli,27/08/2026 23:46:03,27/08/2026 23:50:00,18.6,35.6,0.0,online,16.8,0.0,0.0,6.0,0.0,0.0
75,Carrufo,27/08/2026 23:46:03,27/08/2026 23:45:00,18.9,38.5,0.0,online,48.2,0.0,0.0,18.0,0.0,0.0
76,Fara Filiorum Petri,27/08/2026 23:45:31,27/08/2026 23:31:00,18.2,36.5,0.0,online,N/D,23.0,81.0,17.0,11.3,19.5
77,Rifugio Macchia di Taranta,27/08/2026 23:45:31,27/08/2026 23:45:00,20.7,27.8,0.0,online,25.4,19.0,46.0,64.4,-0.8,11.1
78,Luco dei Marsi,27/08/2026 23:45:31,27/08/2026 23:45:00,15.9,35.5,0.0,online,58.2,38.0,90.0,11.3,13.8,25.0
79,Civitella Roveto,27/08/2026 23:45:31,27/08/2026 23:45:00,17.6,35.9,0.0,online,147.6,43.0,94.0,17.7,16.2,24.2
8,Rocca di Mezzo Loc. Fonteavignone,27/08/2026 23:45:31,27/08/2026 23:40:00,16.2,32.7,0.0,online,77.0,33.0,78.0,32.2,9.9,17.5
81,Alfedena Centro,27/08/2026 23:59:27,27/08/2026 23:59:27,15.0,36.3,0.0,online,79.2,28.0,83.0,27.4,9.7,20.7
82,Alfedena Scontrone 4,27/08/2026 23:59:59,27/08/2026 23:59:59,15.9,36.7,0.0,online,83.3,30.0,82.0,32.0,9.5,20.8
9,Civitaretegna,27/08/2026 23:45:31,27/08/2026 23:40:00,13.7,36.7,0.0,online,33.0,29.0,86.0,37.0,11.2,17.8
1,Il Ceppo Rifugio,28/08/2026 23:45:32,28/08/2026 23:40:00,23.0,32.2,0.0,online,34.8,30.0,51.0,32.2,10.0,15.8
10,Prata d'Ansidonia,28/08/2026 23:45:02,28/08/2026 23:45:02,18,36.9,0.0,online,48.3,0.0,0.0,23.0,0.0,0.0
11,Passo San Leonardo,28/08/2026 23:46:29,28/08/2026 21:44:00,24.2,32.8,0.0,online,36.6,0.0,0.0,40.2,0.0,0.0
12,Roccacaramanico,28/08/2026 23:46:18,28/08/2026 23:44:00,26.9,34.4,0.0,online,31.2,0.0,0.0,27.0,0.0,0.0
13,Campo di Giove,28/08/2026 23:45:32,28/08/2026 23:40:00,20.5,34.6,0.0,online,83.1,22.0,63.0,40.0,8.9,15.3
14,Bosco di Sant'Antonio,28/08/2026 23:46:18,28/08/2026 23:45:00,17.7,33.1,0.0,online,77.6,0.0,0.0,34.0,0.0,0.0
15,Palena Stazione,28/08/2026 23:46:18,28/08/2026 23:45:00,12.7,33.5,0.4,online,48.2,0.0,0.0,27.0,0.0,0.0
16,Pescocostanzo Loc. Vallefura,28/08/2026 23:46:18,28/08/2026 23:44:00,21.1,31.1,0.0,online,45.6,0.0,0.0,47.0,0.0,0.0
17,Roccaraso Loc. Aremogna,28/08/2026 23:45:02,28/08/2026 23:40:00,9.1,29.9,0.0,online,75.1,25.0,95.0,42.1,5.5,15.1
18,Castel di Sangro,28/08/2026 23:45:32,28/08/2026 23:40:00,18.4,35.7,0.0,online,77.0,25.0,83.0,38.6,12.3,20.9
19,San Pietro di Avellana,28/08/2026 23:46:29,28/08/2026 21:41:00,14.8,35.1,0.0,online,0.0,0.0,0.0,3.1,0.0,0.0
2,Prati Di Tivo,28/08/2026 23:45:32,28/08/2026 23:40:00,23.8,31.4,0.0,online,45.8,25.0,41.0,48.3,6.7,12.5
20,Monteferrante,28/08/2026 23:45:32,28/08/2026 23:45:32,0.0,0.0,0.0,offline,0.0,0.0,0.0,0.0,0.0,0.0
21,Passolanciano,28/08/2026 23:46:18,28/08/2026 23:44:00,23.7,32.3,0.0,online,9.0,0.0,0.0,31.0,0.0,0.0
22,Mammarosa,28/08/2026 23:46:18,28/08/2026 23:44:00,23.2,28.8,0.0,online,3.0,0.0,0.0,60.0,0.0,0.0
23,Tagliacozzo Loc. Roccacerro,28/08/2026 23:45:02,28/08/2026 23:44:00,22.1,33.9,0.0,online,90.3,31.0,67.0,25.6,8.9,20.3
24,Montereale - Aringo,28/08/2026 23:45:32,28/08/2026 23:45:00,16.7,33.4,0.0,online,51.4,31.0,89.0,27.4,13.2,21.0
25,Oricola Loc. Pezzetaglie,28/08/2026 23:46:29,28/08/2026 21:39:00,15.8,37.5,0.0,online,61.5,0.0,0.0,24.5,0.0,0.0
26,Rocca di Mezzo Loc. Terranera,28/08/2026 23:45:02,28/08/2026 23:40:00,15.5,32.4,0.0,online,47.0,28.0,77.0,41.8,10.0,15.7
27,Lago di Campotosto,28/08/2026 23:45:32,28/08/2026 23:40:00,20.6,30.9,0.0,online,46.4,34.0,69.0,20.9,10.3,16.3
28,Fossacesia Marina,28/08/2026 23:59:55,28/08/2026 23:59:55,24.1,32.4,0.0,online,0.0,62.0,85.0,19.3,19.2,27.6
29,Cagnano Amiterno,28/08/2026 23:45:02,28/08/2026 23:29:00,15.9,34.7,0.0,online,0.0,23.0,86.0,11.3,11.2,20.5
3,Castel del Monte - Loc. Pietrattina,28/08/2026 23:45:24,28/08/2026 23:35:00,19.9,27.2,0.0,online,2.0,0.0,0.0,18.0,10.0,0.0
30,Campo Felice Loc. Lentrata,28/08/2026 23:45:02,28/08/2026 23:45:02,0.0,0.0,0.0,offline,0.0,0.0,0.0,0.0,0.0,0.0
31,Castel di Sangro Loc. Pantano,28/08/2026 23:46:18,28/08/2026 23:45:00,15.2,36.1,0.0,online,65.4,0.0,0.0,35.0,0.0,0.0
32,Campo di Giove Loc. Guado di Coccia,28/08/2026 23:46:18,28/08/2026 23:45:00,21.4,28.9,0.0,online,103.0,0.0,0.0,58.0,0.0,0.0
33,Santo Stefano di Sessanio,28/08/2026 23:45:32,28/08/2026 23:40:00,19.1,34.3,0.0,online,36.6,25.0,65.0,21.0,9.8,15.3
34,Capracotta,28/08/2026 23:59:43,28/08/2026 23:59:43,25.4,35.8,0.0,online,0.0,33.0,50.0,1.8,10.5,17.4
35,Collebrincioni,28/08/2026 23:45:02,28/08/2026 23:37:00,24.1,33.4,0.0,online,44.0,26.0,50.0,38.6,9.8,14.3
36,Roccaraso,28/08/2026 23:59:55,28/08/2026 23:59:55,17.0,35.3,0.0,online,10.2,21.0,72.0,23.0,8.3,15.2
37,Sella di Corno,28/08/2026 23:45:02,28/08/2026 23:35:00,19.8,33.2,0.0,online,153.4,33.6,72.0,29.0,12.8,19.7
38,Fara San Martino,28/08/2026 23:45:32,28/08/2026 23:05:00,29.3,38.8,0.0,online,6.0,23.0,45.0,24.0,11.0,18.5
39,Camporotondo,28/08/2026 23:45:02,28/08/2026 23:44:00,13.2,28.8,0.0,online,189.8,38.0,92.0,23.8,10.2,16.2
4,Villa Celiera,28/08/2026 23:45:32,28/08/2026 23:40:00,30.1,37.7,0.0,online,8.4,25.0,45.0,23.0,10.5,21.0
40,Pizzoli,28/08/2026 23:45:32,28/08/2026 23:40:00,18.1,35.6,0.0,online,33.6,20.0,80.0,24.0,9.0,18.2
41,Corfinio,28/08/2026 23:46:29,28/08/2026 21:40:00,22.7,41.0,0.0,online,0.1,0.0,0.0,9.9,0.0,0.0
42,Campo Felice Loc. Camardosa,28/08/2026 23:45:02,28/08/2026 23:40:00,13.9,29.1,0.0,online,134.6,30.0,75.0,45.1,6.8,14.2
43,Capitignano,28/08/2026 23:45:02,28/08/2026 23:30:00,15.3,35.2,0.0,online,67.5,11.0,77.0,22.5,-14.9,20.8
44,Piano delle 5 Miglia,28/08/2026 23:45:32,28/08/2026 23:40:00,12.1,33.5,0.0,online,38.9,24.0,89.0,29.0,8.7,15.2
45,Ovindoli,28/08/2026 23:59:57,28/08/2026 23:59:57,19.5,29.9,0.0,online,89.9,32.0,67.0,36.7,8.3,15.3
46,Pescopennattaro,28/08/2026 23:59:00,28/08/2026 23:59:00,0.0,0.0,0.0,offline,0.0,0.0,0.0,0.0,0.0,0.0
47,Castel del Monte,28/08/2026 23:45:32,28/08/2026 23:45:00,22.8,34.4,0.0,online,29.0,26.0,48.0,17.7,9.1,14.6
48,Forme,28/08/2026 23:45:32,28/08/2026 23:45:00,18.8,33.6,0.0,online,167.0,30.0,73.0,29.0,12.4,20.5
49,Monte Genzana,28/08/2026 23:45:32,28/08/2026 23:40:00,19.8,26.9,0.0,online,35.6,29.0,62.0,56.3,6.1,13.4
5,Pratola Peligna,28/08/2026 23:46:18,28/08/2026 23:45:00,19.1,41.4,0.0,online,11.4,0.0,0.0,16.0,0.0,0.0
50,Ofena,28/08/2026 23:45:32,28/08/2026 23:45:00,23.3,41.1,0.0,online,7.0,21.0,60.0,18.0,12.5,18.5
51,Piani di Pezza,28/08/2026 23:45:32,28/08/2026 23:40:00,14.9,28.8,0.0,online,104.0,33.0,78.0,37.0,9.3,15.8
52,Rifugio Montecristo,28/08/2026 23:45:32,28/08/2026 23:40:00,21.8,29.8,0.0,online,25.1,30.0,52.0,49.9,8.3,13.4
53,Rocca Calascio,28/08/2026 23:45:32,28/08/2026 23:40:00,23.1,32.6,0.0,online,13.6,26.0,48.0,29.0,8.1,12.9
54,Farindola,28/08/2026 23:45:32,28/08/2026 23:44:00,28.2,35.3,0.0,online,28.8,30.0,51.0,33.8,10.7,20.6
55,Monte Piselli,28/08/2026 23:45:32,28/08/2026 23:45:00,23.8,31.0,0.0,online,44.6,31.0,53.0,42.0,9.4,16.7
56,Valle Castellana,28/08/2026 23:45:32,28/08/2026 23:40:00,21.7,39.6,0.0,online,34.4,19.0,66.0,25.7,11.2,19.3
57,Civitaluparella,28/08/2026 23:45:32,28/08/2026 23:45:32,0.0,0.0,0.0,offline,0.0,0.0,0.0,0.0,0.0,0.0
58,Alfedena Scontrone 12,28/08/2026 16:54:49,28/08/2026 16:54:49,20.8,34.4,0.0,online,98.7,20.0,70.0,25.4,8.0,15.5
59,Campo di Giove - Impianti,28/08/2026 23:46:18,28/08/2026 23:45:00,23.8,35.3,0.0,online,73.0,0.0,0.0,21.0,0.0,0.0
6,Rocca di Mezzo Loc. Rovere,28/08/2026 23:45:32,28/08/2026 23:40:00,17.0,29.9,0.0,online,85.2,35.0,73.0,33.8,10.1,16.1
60,Caramanico - Decontra,28/08/2026 23:46:18,28/08/2026 23:45:00,28.3,36.9,0.0,online,9.6,0.0,0.0,39.0,0.0,0.0
61,Collepietro,28/08/2026 23:46:18,28/08/2026 23:45:00,23.1,36.4,0.0,online,27.0,0.0,0.0,26.0,0.0,0.0
62,Pescocostanzo - Primo Campo,28/08/2026 23:46:18,28/08/2026 23:45:00,13.9,32.4,0.0,online,57.8,0.0,0.0,50.0,0.0,0.0
63,Pescocostanzo - Santa Chiara,28/08/2026 23:46:18,28/08/2026 23:44:00,11.6,33.6,0.0,online,57.8,0.0,0.0,40.0,0.0,0.0
64,Marsia,28/08/2026 23:45:02,28/08/2026 23:40:00,16.8,30.2,0.0,online,96.8,33.0,76.0,30.6,10.0,16.7
65,Tagliacozzo Loc. Poggetello,28/08/2026 23:45:02,28/08/2026 23:40:00,14.9,34.8,0.0,online,91.8,36.0,99.0,14.8,14.7,23.4
66,Roio del Sangro,28/08/2026 23:45:02,28/08/2026 23:40:00,26.7,35.3,0.0,online,21.4,21.0,41.0,55.1,8.1,15.2
67,Campo Imperatore Loc. Prato del Bove,28/08/2026 23:45:02,28/08/2026 23:45:00,16.1,29.9,0.0,online,49.5,30.0,61.0,34.9,8.3,12.7
68,Pietrasecca - Grotta del cervo,28/08/2026 23:45:02,28/08/2026 23:45:02,0.0,0.0,0.0,offline,0.0,0.0,0.0,0.0,0.0,0.0
69,Altopiano di Cascina,28/08/2026 23:45:02,28/08/2026 23:40:00,12.9,32.9,0.0,online,89.2,32.0,97.0,33.8,11.9,19.1
7,Rocca di Mezzo,28/08/2026 23:45:32,28/08/2026 23:40:00,16.9,30.9,0.0,online,83.8,32.0,71.0,38.6,9.9,16.7
70,Passo Godi,28/08/2026 23:45:02,28/08/2026 23:40:00,18.0,29.0,0.0,online,80.3,29.0,58.0,49.7,7.4,12.6
71,Cappadocia,28/08/2026 23:45:02,28/08/2026 23:45:00,23.4,33.2,0.0,online,117.6,31.0,56.0,22.2,8.6,20.0
72,Bominaco,28/08/2026 23:45:32,28/08/2026 23:45:00,20.2,35.6,0.0,online,19.0,23.0,66.0,27.4,10.8,18.2
73,Isola del Gran Sasso,28/08/2026 23:46:18,28/08/2026 23:44:00,28.6,35.0,0.0,online,25.0,0.0,0.0,40.0,0.0,0.0
74,Castelli,28/08/2026 23:46:18,28/08/2026 23:50:00,23.2,37.9,0.0,online,16.8,0.0,0.0,11.0,0.0,0.0
75,Carrufo,28/08/2026 23:46:18,28/08/2026 23:45:00,23.2,39.6,0.0,online,48.2,0.0,0.0,18.0,0.0,0.0
76,Fara Filiorum Petri,28/08/2026 23:45:32,28/08/2026 23:31:00,23.2,38.7,0.0,online,N/D,20.0,57.0,22.0,10.3,16.0
77,Rifugio Macchia di Taranta,28/08/2026 23:45:32,28/08/2026 23:40:00,22.9,29.6,0.0,online,25.4,25.0,41.0,57.9,5.4,11.5
78,Luco dei Marsi,28/08/2026 23:45:32,28/08/2026 23:45:00,17.2,36.2,0.0,online,58.2,28.0,90.0,24.1,13.9,22.8
79,Civitella Roveto,28/08/2026 23:45:32,28/08/2026 23:45:00,19.3,35.9,0.0,online,147.6,35.0,90.0,25.7,15.4,23.3
8,Rocca di Mezzo Loc. Fonteavignone,28/08/2026 23:45:32,28/08/2026 23:40:00,19.8,33.0,0.0,online,77.0,30.0,66.0,37.0,10.5,16.9
80,Avezzano,28/08/2026 23:45:24,28/08/2026 23:35:00,20.3,37.3,0.0,online,50.3,0.0,0.0,0.0,14.7,0.0
81,Alfedena Centro,28/08/2026 23:59:27,28/08/2026 23:59:27,18.7,35.9,0.0,online,79.2,28.0,76.0,28.5,12.3,18.0
82,Alfedena Scontrone 4,28/08/2026 16:53:59,28/08/2026 16:53:59,20.9,36.4,0.0,online,83.3,30.0,70.0,40.4,13.0,17.9
9,Civitaretegna,28/08/2026 23:45:32,28/08/2026 23:40:00,16.8,37.7,0.0,online,33.0,23.0,79.0,32.2,12.6,18.3
1,Il Ceppo Rifugio,29/08/2026 23:45:33,29/08/2026 23:40:00,20.8,27.3,0.0,online,34.8,42.0,63.0,29.0,10.5,14.9
10,Prata d'Ansidonia,29/08/2026 23:45:02,29/08/2026 23:45:02,15.8,31.4,0.0,online,48.3,0.0,0.0,40.0,0.0,0.0
11,Passo San Leonardo,29/08/2026 23:46:18,29/08/2026 21:44:00,22.2,28.3,0.0,online,36.6,0.0,0.0,48.3,0.0,0.0
12,Roccacaramanico,29/08/2026 23:46:06,29/08/2026 23:44:00,23.9,29.7,0.0,online,31.2,0.0,0.0,39.0,0.0,0.0
13,Campo di Giove,29/08/2026 23:45:33,29/08/2026 23:40:00,18.5,29.5,0.0,online,83.1,30.0,61.0,51.0,8.5,12.8
14,Bosco di Sant'Antonio,29/08/2026 23:46:06,29/08/2026 23:44:00,17.1,28.0,0.0,online,77.6,0.0,0.0,45.0,0.0,0.0
15,Palena Stazione,29/08/2026 23:46:06,29/08/2026 23:45:00,13.6,29.4,2.0,online,50.2,0.0,0.0,34.0,0.0,0.0
16,Pescocostanzo Loc. Vallefura,29/08/2026 23:46:06,29/08/2026 23:44:00,18.9,26.3,0.0,online,45.6,0.0,0.0,47.0,0.0,0.0
17,Roccaraso Loc. Aremogna,29/08/2026 23:45:02,29/08/2026 23:40:00,10.5,26.7,0.0,online,75.1,32.0,85.0,43.9,4.7,13.6
18,Castel di Sangro,29/08/2026 23:45:33,29/08/2026 23:40:00,15.9,31.8,0.0,online,77.0,30.0,77.0,51.5,11.2,17.1
19,San Pietro di Avellana,29/08/2026 23:46:18,29/08/2026 21:41:00,13.0,32.3,0.0,online,0.0,0.0,0.0,2.9,0.0,0.0
2,Prati Di Tivo,29/08/2026 23:45:33,29/08/2026 23:40:00,21.6,26.9,0.0,online,45.8,27.0,50.0,51.5,5.3,12.5
20,Monteferrante,29/08/2026 23:45:33,29/08/2026 23:45:33,0.0,0.0,0.0,offline,0.0,0.0,0.0,0.0,0.0,0.0
21,Passolanciano,29/08/2026 23:46:06,29/08/2026 23:44:00,22.9,28.0,0.0,online,9.0,0.0,0.0,47.0,0.0,0.0
22,Mammarosa,29/08/2026 23:46:06,29/08/2026 23:44:00,19.9,25.7,0.0,online,3.0,0.0,0.0,84.0,0.0,0.0
23,Tagliacozzo Loc. Roccacerro,29/08/2026 23:45:02,29/08/2026 23:44:00,20.4,30.6,0.0,online,90.3,37.0,57.0,25.6,9.2,16.3
24,Montereale - Aringo,29/08/2026 23:45:33,29/08/2026 23:45:00,16.1,29.4,0.0,online,51.4,43.0,87.0,24.1,12.4,18.1
25,Oricola Loc. Pezzetaglie,29/08/2026 23:46:18,29/08/2026 21:39:00,14.3,33.4,0.0,online,61.5,0.0,0.0,24.1,0.0,0.0
26,Rocca di Mezzo Loc. Terranera,29/08/2026 23:45:02,29/08/2026 23:40:00,13.3,27.9,0.0,online,47.0,34.0,80.0,53.1,8.8,14.6
27,Lago di Campotosto,29/08/2026 23:45:33,29/08/2026 23:40:00,17.4,26.1,0.0,online,46.4,48.0,73.0,29.0,10.7,16.3
28,Fossacesia Marina,29/08/2026 23:59:55,29/08/2026 23:59:55,21.9,35.6,0.0,online,0.0,28.0,91.0,27.4,14.1,26.6
29,Cagnano Amiterno,29/08/2026 23:45:02,29/08/2026 23:29:00,14.5,29.3,0.0,online,0.0,39.0,85.0,11.3,11.1,19.8
3,Castel del Monte - Loc. Pietrattina,29/08/2026 23:45:24,29/08/2026 23:35:00,13.6,25.9,0.0,online,2.0,0.0,0.0,10.0,9.7,0.0
30,Campo Felice Loc. Lentrata,29/08/2026 23:45:02,29/08/2026 23:45:02,0.0,0.0,0.0,offline,0.0,0.0,0.0,0.0,0.0,0.0
31,Castel di Sangro Loc. Pantano,29/08/2026 23:46:06,29/08/2026 23:45:00,12.5,32.2,0.0,online,65.4,0.0,0.0,40.0,0.0,0.0
32,Campo di Giove Loc. Guado di Coccia,29/08/2026 23:46:06,29/08/2026 23:45:00,18.6,24.3,0.0,online,103.0,0.0,0.0,87.0,0.0,0.0
33,Santo Stefano di Sessanio,29/08/2026 23:45:33,29/08/2026 23:40:00,15.3,29.1,0.0,online,36.6,37.0,81.0,23.0,9.9,14.4
34,Capracotta,29/08/2026 23:59:45,29/08/2026 23:59:45,23.6,37.5,0.0,online,0.0,30.0,57.0,5.5,9.6,17.5
35,Collebrincioni,29/08/2026 23:45:02,29/08/2026 23:37:00,22.1,27.6,0.0,online,44.0,37.0,56.0,41.8,9.7,13.5
36,Roccaraso,29/08/2026 23:59:55,29/08/2026 23:59:55,15.1,29.2,0.0,online,10.2,29.0,67.0,46.0,6.2,12.8
37,Sella di Corno,29/08/2026 23:45:02,29/08/2026 23:35:00,18.1,27.8,0.0,online,153.4,47.8,78.6,37.0,12.3,17.5
38,Fara San Martino,29/08/2026 23:45:33,29/08/2026 23:40:00,26.9,36.2,0.0,online,6.0,23.0,54.0,39.0,8.9,19.2
39,Camporotondo,29/08/2026 23:45:02,29/08/2026 23:44:00,12.6,25.6,0.0,online,189.8,45.0,87.0,31.4,9.9,14.1
4,Villa Celiera,29/08/2026 23:45:33,29/08/2026 23:40:00,25.9,34.7,0.0,online,8.4,27.0,46.0,32.0,10.8,14.9
40,Pizzoli,29/08/2026 23:45:33,29/08/2026 23:40:00,17.6,30.7,0.0,online,33.6,30.0,71.0,36.0,10.0,15.5
41,Corfinio,29/08/2026 23:46:18,29/08/2026 21:40:00,20.4,36.5,0.0,online,0.1,0.0,0.0,11.2,0.0,0.0
42,Campo Felice Loc. Camardosa,29/08/2026 23:45:02,29/08/2026 23:40:00,12.8,23.0,0.0,online,134.6,44.0,76.0,54.7,7.7,13.3
43,Capitignano,29/08/2026 23:45:02,29/08/2026 23:30:00,14.0,29.8,0.0,online,67.5,27.0,78.0,29.0,-4.8,18.7
44,Piano delle 5 Miglia,29/08/2026 23:45:33,29/08/2026 23:40:00,9.7,29.6,0.0,online,38.9,31.0,84.0,45.1,6.7,14.2
45,Ovindoli,29/08/2026 23:59:47,29/08/2026 23:59:47,19.3,26.2,0.0,online,89.9,42.0,57.0,53.3,9.3,13.7
46,Pescopennattaro,29/08/2026 23:59:52,29/08/2026 23:59:52,22.5,29.4,0.0,online,8.1,23.0,46.0,25.4,4.6,12.1
47,Castel del Monte,29/08/2026 23:45:33,29/08/2026 23:40:00,20.5,29.1,0.0,online,29.0,37.0,60.0,30.6,10.0,13.9
48,Forme,29/08/2026 23:45:33,29/08/2026 23:45:00,18.3,28.6,0.0,online,167.0,38.0,71.0,37.0,10.2,16.0
49,Monte Genzana,29/08/2026 23:45:33,29/08/2026 23:40:00,16.6,22.5,0.0,online,35.6,28.0,63.0,80.4,2.9,11.0
5,Pratola Peligna,29/08/2026 23:46:06,29/08/2026 23:45:00,17.0,36.6,0.6,online,12.0,0.0,0.0,18.0,0.0,0.0
50,Ofena,29/08/2026 23:45:33,29/08/2026 23:45:00,22.4,35.8,0.0,online,7.0,29.0,57.0,31.0,12.3,15.9
51,Piani di Pezza,29/08/2026 23:45:33,29/08/2026 23:40:00,11.8,24.9,0.0,online,104.0,40.0,86.0,45.1,8.8,15.4
52,Rifugio Montecristo,29/08/2026 23:45:33,29/08/2026 23:40:00,18.4,24.1,0.0,online,25.1,44.0,67.0,62.8,9.1,13.3
53,Rocca Calascio,29/08/2026 23:45:33,29/08/2026 23:40:00,19.7,26.9,0.0,online,13.6,36.0,60.0,35.4,8.9,12.2
54,Farindola,29/08/2026 23:45:33,29/08/2026 23:45:00,25.9,33.9,0.0,online,28.8,27.0,46.0,27.4,11.2,14.6
55,Monte Piselli,29/08/2026 23:45:33,29/08/2026 23:45:00,20.7,25.4,0.0,online,44.6,39.0,60.0,63.0,8.9,16.1
56,Valle Castellana,29/08/2026 23:45:33,29/08/2026 23:40:00,19.5,34.6,0.0,online,34.4,28.0,65.0,24.1,11.6,16.3
57,Civitaluparella,29/08/2026 23:45:33,29/08/2026 23:45:33,0.0,0.0,0.0,offline,0.0,0.0,0.0,0.0,0.0,0.0
58,Alfedena Scontrone 12,29/08/2026 23:59:00,29/08/2026 23:59:00,0.0,0.0,0.0,offline,0.0,0.0,0.0,0.0,0.0,0.0
59,Campo di Giove - Impianti,29/08/2026 23:46:06,29/08/2026 23:50:00,21.3,30.1,0.0,online,73.0,0.0,0.0,32.0,0.0,0.0
6,Rocca di Mezzo Loc. Rovere,29/08/2026 23:45:33,29/08/2026 23:40:00,17.3,26.5,0.0,online,85.2,40.0,68.0,51.5,9.8,15.0
60,Caramanico - Decontra,29/08/2026 23:46:06,29/08/2026 23:45:00,26.3,31.9,0.0,online,9.6,0.0,0.0,48.0,0.0,0.0
61,Collepietro,29/08/2026 23:46:06,29/08/2026 23:44:00,22.7,32.1,0.0,online,27.0,0.0,0.0,29.0,0.0,0.0
62,Pescocostanzo - Primo Campo,29/08/2026 23:46:06,29/08/2026 23:45:00,14.8,27.8,0.0,online,57.8,0.0,0.0,71.0,0.0,0.0
63,Pescocostanzo - Santa Chiara,29/08/2026 23:46:06,29/08/2026 23:50:00,11.7,28.7,0.0,online,57.8,0.0,0.0,45.0,0.0,0.0
64,Marsia,29/08/2026 23:45:02,29/08/2026 23:40:00,12.1,24.6,0.0,online,96.8,47.0,85.0,37.0,9.1,15.1
65,Tagliacozzo Loc. Poggetello,29/08/2026 23:45:02,29/08/2026 23:40:00,13.0,31.7,0.0,online,91.8,41.0,99.0,20.9,12.8,21.0
66,Roio del Sangro,29/08/2026 23:45:02,29/08/2026 23:40:00,23.9,32.3,0.0,online,21.4,24.0,52.0,55.1,7.1,13.6
67,Campo Imperatore Loc. Prato del Bove,29/08/2026 23:45:02,29/08/2026 23:45:00,9.9,24.1,0.0,online,49.5,42.0,83.0,51.5,6.2,12.1
68,Pietrasecca - Grotta del cervo,29/08/2026 23:45:02,29/08/2026 23:45:02,0.0,0.0,0.0,offline,0.0,0.0,0.0,0.0,0.0,0.0
69,Altopiano di Cascina,29/08/2026 23:45:02,29/08/2026 23:40:00,13.2,27.2,0.0,online,89.2,48.0,93.0,46.7,11.3,18.4
7,Rocca di Mezzo,29/08/2026 23:45:33,29/08/2026 23:40:00,13.7,26.8,0.0,online,83.8,36.0,80.0,51.5,8.8,15.2
70,Passo Godi,29/08/2026 23:45:02,29/08/2026 23:40:00,15.9,25.7,0.0,online,80.3,33.0,62.0,51.5,6.3,13.2
71,Cappadocia,29/08/2026 23:45:02,29/08/2026 23:45:00,21.4,29.5,0.0,online,117.6,34.0,51.0,24.1,9.2,15.0
72,Bominaco,29/08/2026 23:45:33,29/08/2026 23:45:00,18.9,30.4,0.0,online,19.0,31.0,65.0,29.0,10.3,13.9
73,Isola del Gran Sasso,29/08/2026 23:46:06,29/08/2026 23:44:00,25.0,31.7,0.0,online,25.0,0.0,0.0,58.0,0.0,0.0
74,Castelli,29/08/2026 23:46:06,29/08/2026 23:50:00,21.9,34.1,0.0,online,16.8,0.0,0.0,27.0,0.0,0.0
75,Carrufo,29/08/2026 23:46:06,29/08/2026 23:45:00,21.8,34.5,0.0,online,48.2,0.0,0.0,23.0,0.0,0.0
76,Fara Filiorum Petri,29/08/2026 23:45:33,29/08/2026 23:31:00,21.4,36.3,0.0,online,N/D,20.0,60.0,31.0,7.3,17.5
77,Rifugio Macchia di Taranta,29/08/2026 23:45:33,29/08/2026 23:40:00,19.1,24.7,0.0,online,25.4,23.0,53.0,72.4,2.1,10.2
78,Luco dei Marsi,29/08/2026 23:45:33,29/08/2026 23:45:00,15.4,33.0,0.0,online,58.2,32.0,90.0,32.2,12.8,18.8
79,Civitella Roveto,29/08/2026 23:45:33,29/08/2026 23:45:00,16.8,32.5,0.0,online,147.6,38.0,86.0,41.8,14.0,20.6
8,Rocca di Mezzo Loc. Fonteavignone,29/08/2026 23:45:33,29/08/2026 23:45:33,0.0,0.0,0.0,offline,0.0,0.0,0.0,0.0,0.0,0.0
80,Avezzano,29/08/2026 23:45:24,29/08/2026 23:35:00,18.7,31.2,0.0,online,50.3,0.0,0.0,14.0,12.6,0.0
81,Alfedena Centro,29/08/2026 23:59:27,29/08/2026 23:59:27,16.7,32.4,0.0,online,79.2,32.0,73.0,38.1,10.8,16.9
82,Alfedena Scontrone 4,29/08/2026 23:59:00,29/08/2026 23:59:00,0.0,0.0,0.0,offline,0.0,0.0,0.0,0.0,0.0,0.0
9,Civitaretegna,29/08/2026 23:45:33,29/08/2026 23:40:00,14.8,32.8,0.0,online,33.0,31.0,76.0,48.3,10.2,15.8
1,Il Ceppo Rifugio,30/08/2026 23:45:32,30/08/2026 23:40:00,17.1,25.7,0.0,online,34.8,50.0,87.0,49.9,11.0,18.3
10,Prata d'Ansidonia,30/08/2026 23:45:03,30/08/2026 23:34:00,14.1,31.8,0.0,online,48.3,35.0,88.0,30.6,12.0,21.2
11,Passo San Leonardo,30/08/2026 23:46:20,30/08/2026 21:44:00,18.9,25.1,0.0,online,36.6,0.0,0.0,32.2,0.0,0.0
12,Roccacaramanico,30/08/2026 23:46:07,30/08/2026 23:44:00,20.8,27.1,0.0,online,31.2,0.0,0.0,24.0,0.0,0.0
13,Campo di Giove,30/08/2026 23:45:32,30/08/2026 23:40:00,17.3,28.9,0.0,online,83.1,35.0,83.0,32.0,10.0,19.7
14,Bosco di Sant'Antonio,30/08/2026 23:46:07,30/08/2026 23:44:00,15.1,28.4,0.0,online,77.6,0.0,0.0,26.0,0.0,0.0
15,Palena Stazione,30/08/2026 23:46:07,30/08/2026 23:45:00,11.0,27.6,0.6,online,50.8,0.0,0.0,18.0,0.0,0.0
16,Pescocostanzo Loc. Vallefura,30/08/2026 23:46:07,30/08/2026 23:44:00,16.4,26.4,0.0,online,45.6,0.0,0.0,24.0,0.0,0.0
17,Roccaraso Loc. Aremogna,30/08/2026 23:45:03,30/08/2026 23:40:00,7.4,25.5,0.0,online,75.1,40.0,99.0,31.3,6.0,18.9
18,Castel di Sangro,30/08/2026 23:45:32,30/08/2026 23:40:00,15.2,31.6,0.0,online,77.0,35.0,85.0,27.4,12.2,21.2
19,San Pietro di Avellana,30/08/2026 23:46:20,30/08/2026 21:41:00,13.6,32.1,0.0,online,0.0,0.0,0.0,3.4,0.0,0.0
2,Prati Di Tivo,30/08/2026 23:45:32,30/08/2026 23:41:00,17.3,23.9,0.0,online,45.8,45.0,85.0,41.8,9.5,17.9
20,Monteferrante,30/08/2026 23:45:32,30/08/2026 23:45:32,0.0,0.0,0.0,offline,0.0,0.0,0.0,0.0,0.0,0.0
21,Passolanciano,30/08/2026 23:46:07,30/08/2026 23:44:00,17.6,24.4,0.0,online,9.0,0.0,0.0,27.0,0.0,0.0
22,Mammarosa,30/08/2026 23:46:07,30/08/2026 23:50:00,18.1,22.7,0.0,online,3.0,0.0,0.0,58.0,0.0,0.0
23,Tagliacozzo Loc. Roccacerro,30/08/2026 23:45:03,30/08/2026 23:44:00,18.3,31.4,0.0,online,90.3,34.0,78.0,22.0,10.1,17.9
24,Montereale - Aringo,30/08/2026 23:45:32,30/08/2026 23:45:00,14.1,31.2,0.0,online,51.4,35.0,94.0,19.3,12.8,20.1
25,Oricola Loc. Pezzetaglie,30/08/2026 23:46:20,30/08/2026 21:39:00,13.9,35.2,0.0,online,61.5,0.0,0.0,14.8,0.0,0.0
26,Rocca di Mezzo Loc. Terranera,30/08/2026 23:45:03,30/08/2026 23:40:00,10.2,28.1,0.0,online,47.0,35.0,94.0,22.5,8.0,18.8
27,Lago di Campotosto,30/08/2026 23:45:32,30/08/2026 23:40:00,16.9,27.2,0.0,online,46.4,42.0,88.0,25.7,10.7,18.6
28,Fossacesia Marina,30/08/2026 23:59:55,30/08/2026 23:59:55,19.6,30.4,0.0,online,0.0,71.0,88.0,19.3,17.2,26.7
29,Cagnano Amiterno,30/08/2026 23:45:03,30/08/2026 23:39:00,13.1,31.4,0.0,online,0.0,29.0,86.0,9.7,10.5,18.5
3,Castel del Monte - Loc. Pietrattina,30/08/2026 23:45:23,30/08/2026 23:35:00,9.7,24.1,0.0,online,2.0,0.0,0.0,14.0,7.6,0.0
30,Campo Felice Loc. Lentrata,30/08/2026 23:45:03,30/08/2026 23:40:00,11.8,26.3,0.0,online,103.1,40.0,90.0,17.7,8.4,15.4
31,Castel di Sangro Loc. Pantano,30/08/2026 23:46:07,30/08/2026 23:45:00,12.6,31.8,0.0,online,65.4,0.0,0.0,31.0,0.0,0.0
32,Campo di Giove Loc. Guado di Coccia,30/08/2026 23:46:07,30/08/2026 23:45:00,17.6,23.1,0.0,online,103.0,0.0,0.0,47.0,0.0,0.0
33,Santo Stefano di Sessanio,30/08/2026 23:45:32,30/08/2026 23:40:00,16.0,29.2,0.0,online,36.6,34.0,91.0,18.0,10.1,18.9
34,Capracotta,30/08/2026 23:59:47,30/08/2026 23:59:47,21.6,39.6,0.0,online,0.0,28.0,79.0,7.2,10.1,20.6
35,Collebrincioni,30/08/2026 23:45:03,30/08/2026 23:37:00,19.6,30.3,0.0,online,44.0,31.0,69.0,25.7,10.2,17.9
36,Roccaraso,30/08/2026 23:59:55,30/08/2026 23:59:55,12.8,30.2,0.0,online,10.2,32.0,91.0,17.9,9.0,20.3
37,Sella di Corno,30/08/2026 23:45:03,30/08/2026 23:35:00,17.0,28.8,0.0,online,153.4,40.6,84.3,22.5,12.7,18.5
38,Fara San Martino,30/08/2026 23:45:32,30/08/2026 23:40:00,23.9,33.2,0.0,online,6.0,35.0,80.0,23.0,11.7,22.3
39,Camporotondo,30/08/2026 23:45:03,30/08/2026 23:45:00,13.0,15.2,0.0,online,189.8,75.0,86.0,3.5,10.5,11.0
4,Villa Celiera,30/08/2026 23:45:32,30/08/2026 23:40:00,21.6,30.6,0.0,online,8.4,40.0,88.0,23.0,11.4,22.6
40,Pizzoli,30/08/2026 23:45:32,30/08/2026 23:41:00,16.8,33.0,0.0,online,33.6,22.0,81.0,21.0,8.3,17.0
41,Corfinio,30/08/2026 23:46:20,30/08/2026 21:39:00,18.9,35.2,0.0,online,0.1,0.0,0.0,8.6,0.0,0.0
42,Campo Felice Loc. Camardosa,30/08/2026 23:45:03,30/08/2026 23:40:00,9.6,25.4,0.0,online,134.6,40.0,90.0,27.4,7.0,13.9
43,Capitignano,30/08/2026 23:45:03,30/08/2026 23:29:00,13.1,31.5,0.0,online,67.5,1.0,77.0,12.9,-42.1,20.2
44,Piano delle 5 Miglia,30/08/2026 23:45:32,30/08/2026 23:40:00,9.3,29.7,0.0,online,38.9,37.0,94.0,24.1,6.9,19.6
45,Ovindoli,30/08/2026 23:59:42,30/08/2026 23:59:42,15.1,27.1,0.0,online,89.9,39.0,80.0,29.5,9.6,17.6
46,Pescopennattaro,30/08/2026 23:59:52,30/08/2026 23:59:52,20.2,28.6,0.0,online,8.1,27.0,88.0,15.8,7.1,19.5
47,Castel del Monte,30/08/2026 23:45:32,30/08/2026 23:40:00,19.3,29.8,0.0,online,29.0,35.0,80.0,19.3,10.3,18.7
48,Forme,30/08/2026 23:45:32,30/08/2026 23:45:00,17.3,30.1,0.0,online,167.0,36.0,82.0,25.7,11.2,17.6
49,Monte Genzana,30/08/2026 23:45:32,30/08/2026 23:40:00,15.2,22.9,0.0,online,35.6,45.0,90.0,53.1,7.2,14.7
5,Pratola Peligna,30/08/2026 23:46:07,30/08/2026 23:45:00,15.9,35.8,0.0,online,12.0,0.0,0.0,18.0,0.0,0.0
50,Ofena,30/08/2026 23:45:32,30/08/2026 23:45:00,20.7,35.6,0.0,online,7.0,33.0,77.0,18.0,12.6,21.2
51,Piani di Pezza,30/08/2026 23:45:32,30/08/2026 23:40:00,10.9,26.3,0.0,online,104.0,39.0,92.0,20.9,8.5,18.4
52,Rifugio Montecristo,30/08/2026 23:45:32,30/08/2026 19:45:00,16.9,26.2,0.0,online,25.1,36.0,73.0,38.6,9.3,16.2
53,Rocca Calascio,30/08/2026 23:45:32,30/08/2026 23:40:00,19.1,26.1,0.0,online,13.6,36.0,80.0,33.8,9.4,17.3
54,Farindola,30/08/2026 23:45:32,30/08/2026 23:44:00,21.7,31.1,0.0,online,28.8,44.0,81.0,14.5,12.0,21.9
55,Monte Piselli,30/08/2026 23:45:32,30/08/2026 23:45:00,18.5,23.3,0.0,online,44.6,50.0,84.0,34.0,10.6,18.3
56,Valle Castellana,30/08/2026 23:45:32,30/08/2026 23:40:00,17.5,31.7,0.0,online,34.4,45.0,82.0,16.1,12.2,20.0
57,Civitaluparella,30/08/2026 23:45:32,30/08/2026 23:45:32,0.0,0.0,0.0,offline,0.0,0.0,0.0,0.0,0.0,0.0
58,Alfedena Scontrone 12,30/08/2026 23:59:49,30/08/2026 23:59:49,19.6,31.6,0.0,online,98.7,28.0,83.0,24.8,9.7,19.0
59,Campo di Giove - Impianti,30/08/2026 23:46:07,30/08/2026 23:45:00,20.0,29.6,0.0,online,73.0,0.0,0.0,19.0,0.0,0.0
6,Rocca di Mezzo Loc. Rovere,30/08/2026 23:45:32,30/08/2026 23:40:00,13.4,27.7,0.0,online,85.2,40.0,88.0,20.9,10.1,18.1
60,Caramanico - Decontra,30/08/2026 23:46:07,30/08/2026 23:45:00,21.7,27.8,0.0,online,9.6,0.0,0.0,32.0,0.0,0.0
61,Collepietro,30/08/2026 23:46:07,30/08/2026 23:44:00,20.3,30.8,0.0,online,27.0,0.0,0.0,21.0,0.0,0.0
62,Pescocostanzo - Primo Campo,30/08/2026 23:46:07,30/08/2026 23:45:00,12.3,27.9,0.0,online,57.8,0.0,0.0,24.0,0.0,0.0
63,Pescocostanzo - Santa Chiara,30/08/2026 23:46:07,30/08/2026 23:50:00,9.9,29.1,0.0,online,57.8,0.0,0.0,31.0,0.0,0.0
64,Marsia,30/08/2026 23:45:03,30/08/2026 23:40:00,10.9,25.8,0.0,online,96.8,49.0,95.0,19.3,9.1,18.2
65,Tagliacozzo Loc. Poggetello,30/08/2026 23:45:03,30/08/2026 23:40:00,12.7,33.5,0.0,online,91.8,39.0,99.0,18.4,12.5,21.3
66,Roio del Sangro,30/08/2026 23:45:03,30/08/2026 23:40:00,21.1,28.0,0.0,online,21.4,36.0,86.0,46.1,9.2,20.3
67,Campo Imperatore Loc. Prato del Bove,30/08/2026 23:45:03,30/08/2026 23:44:00,7.5,25.7,0.0,online,49.5,40.0,94.0,25.6,6.5,16.2
68,Pietrasecca - Grotta del cervo,30/08/2026 23:45:03,30/08/2026 23:45:03,0.0,0.0,0.0,offline,0.0,0.0,0.0,0.0,0.0,0.0
69,Altopiano di Cascina,30/08/2026 23:45:03,30/08/2026 23:40:00,11.4,29.1,0.0,online,89.2,42.0,97.0,30.6,10.1,18.7
7,Rocca di Mezzo,30/08/2026 23:45:32,30/08/2026 23:40:00,11.5,28.8,0.0,online,83.8,35.0,91.0,27.4,8.8,18.0
70,Passo Godi,30/08/2026 23:45:03,30/08/2026 23:40:00,14.9,24.9,0.0,online,80.3,39.0,90.0,29.5,7.8,17.5
71,Cappadocia,30/08/2026 23:45:03,30/08/2026 23:45:00,18.6,31.3,0.0,online,117.6,33.0,77.0,11.2,10.6,18.3
72,Bominaco,30/08/2026 23:45:32,30/08/2026 23:45:00,17.2,30.4,0.0,online,19.0,34.0,78.0,27.4,11.7,19.9
73,Isola del Gran Sasso,30/08/2026 23:46:07,30/08/2026 23:44:00,21.8,28.8,0.0,online,25.0,0.0,0.0,19.0,0.0,0.0
